id,text,language,crop,label,answer
W001,"Hello, I want some basic information about wheat farming.",en,wheat,greeting,"Wheat farming needs well‑prepared land, timely sowing in Rabi season, balanced fertilizer, proper irrigation at critical stages, and good weed and pest control."
W002,"Hi, can you guide me about wheat crop?",en,wheat,greeting,"Wheat needs cool weather for early growth, warm dry weather for ripening, good seed, proper fertilizers and irrigation, and regular field scouting."
W003,"Assalam o alaikum, I need help with my wheat field.",en,wheat,greeting,"Wa alaikum assalam. I can guide you about land preparation, sowing time, fertilizer plan, irrigation and disease or pest issues in your wheat field."
W004,"Good morning, I am a wheat farmer and need advice.",en,wheat,greeting,"Good morning. Share your location and main problem; in general, follow recommended sowing time, balanced fertilization, timely irrigations and weed control."
W005,"Hello assistant, I have some questions about wheat.",en,wheat,greeting,"You can ask about sowing time, fertilizer doses, irrigation schedule, weed and pest control, and harvest timing for wheat; I’ll answer step by step."
W006,"Hi, I am starting wheat cultivation this season, please guide me.",en,wheat,greeting,"For a new wheat crop, make fine tilth, level land, sow at proper time, use certified seed, apply recommended NPK, and manage weeds and pests early."
W007,"Hey, can you support me with wheat farming tips?",en,wheat,greeting,"Yes, I can share tips on seed selection, land preparation, sowing window, fertilizer plan, irrigation schedule, weed control, and disease management for wheat."
W008,"Hello, I am a new wheat grower and need help.",en,wheat,greeting,"As a new wheat grower, start with certified seed, recommended seed rate, proper line sowing, balanced fertilization, and regular monitoring of weeds and pests."
W009,"Good evening, I want to ask about wheat practices.",en,wheat,greeting,"Key practices include timely sowing, correct seed rate, line sowing, balanced fertilizer, irrigation at crown‑root, tillering and grain‑filling, plus weed control."
W010,"Hi bot, I need wheat guidance for this Rabi season.",en,wheat,greeting,"For Rabi wheat, sow in the recommended window for your area, use suitable varieties, apply NPK, manage weeds within 30–40 days, and irrigate at critical stages."
W011,Please give me general information about wheat crop.,en,wheat,general_info,"Wheat is a cool‑season cereal grown in Rabi; it prefers loam soils, needs 110–140 days to mature, and responds well to fertilizer and proper irrigation."
W012,What are the main climate requirements for wheat?,en,wheat,general_info,"Wheat needs cool to moderately cool temperatures during vegetative growth and dry, warm weather at maturity, with low humidity during grain filling and harvest."
W013,Which soil type is best suited for wheat cultivation?,en,wheat,general_info,Well‑drained loam or clay‑loam soils with good fertility and neutral pH are best; avoid very sandy or waterlogged soils for optimum wheat performance.
W014,What is the ideal temperature range for wheat growth?,en,wheat,general_info,"Generally, 15–25°C during vegetative growth and slightly higher during grain filling are ideal; very high temperatures at flowering and grain filling reduce yield."
W015,In which season is wheat usually grown in Pakistan?,en,wheat,general_info,"In Pakistan, wheat is usually grown as a Rabi crop: sown from late October to late November (region‑dependent) and harvested from April to early May."
W016,What are the main stages of wheat crop growth?,en,wheat,general_info,"Main stages are germination, seedling, tillering, stem elongation, booting, heading, flowering, grain filling and maturity; each stage has different management needs."
W017,How long does wheat take from sowing to harvest?,en,wheat,general_info,"Depending on variety and climate, wheat usually takes around 110–150 days from sowing to harvest under normal conditions."
W018,What is the average yield of wheat per acre in good management?,en,wheat,general_info,"Under good management, irrigated wheat can often give 35–50 maund per acre or more; rainfed yields are usually lower and more variable."
W019,Which wheat varieties are recommended for Punjab region?,en,wheat,general_info,"For Punjab, high‑yield, rust‑tolerant, region‑recommended varieties from your agri department or research institutes are best; always choose locally adapted cultivars."
W020,Can you list some high-yield wheat varieties for Sindh?,en,wheat,general_info,"In Sindh, choose high‑yield, heat‑tolerant varieties officially recommended by the provincial agriculture department for your specific zone; ask local extension for the latest list."
W021,What is the recommended sowing time for wheat in Punjab?,en,wheat,sowing,"In much of Punjab, the best sowing time is roughly late October to mid‑November; very early or very late sowing usually reduces yield."
W022,When should I plant wheat for best yield in canal irrigated areas?,en,wheat,sowing,"In canal‑irrigated areas, plant wheat soon after rice or cotton harvest, generally from late October to mid‑November, so the crop avoids terminal heat and rust."
W023,Is late sowing of wheat in December okay? What is the impact?,en,wheat,sowing,"Late sowing in December usually reduces tillering, increases rust risk and lowers yield; if you must sow late, increase seed rate and manage nutrition carefully."
W024,What is the ideal sowing window for wheat in barani (rainfed) areas?,en,wheat,sowing,"In barani areas, the ideal window is usually after sufficient early winter rains, often from late October to mid‑November, but it depends on local rainfall onset."
W025,Should I sow wheat before or after rice harvest in rice–wheat system?,en,wheat,sowing,"Common practice is to harvest rice quickly, prepare land and sow wheat immediately, so wheat can use residual moisture and still be within the ideal sowing window."
W026,What seed rate of wheat per acre should I use under normal conditions?,en,wheat,sowing,"Use the locally recommended seed rate, typically higher for late sowing and broadcast, and slightly lower for timely line sowing with good seedbed preparation."
W027,How many kilograms of wheat seed are required per acre in drill sowing?,en,wheat,sowing,"For drill sowing, use the recommended kilograms of seed per acre for your region and variety, ensuring proper plant population and line spacing."
W028,What seed rate should I use for wheat under late sowing?,en,wheat,sowing,"For late sowing, seed rate is usually increased moderately to compensate for reduced tillering; follow local recommendations from extension or research stations."
W029,What is the recommended row spacing for wheat crop?,en,wheat,sowing,"Row spacing for wheat is typically kept narrow enough to close canopy quickly, often around 20–25 cm, but follow your region’s recommended spacing."
W030,Should I use line sowing or broadcast method for wheat?,en,wheat,sowing,"Line sowing is generally better than broadcasting, because it gives uniform plant stand, easier weed control and more efficient use of fertilizers and water."
W031,How can I prepare land properly before sowing wheat?,en,wheat,sowing,"Prepare a fine, firm seedbed by ploughing and harrowing, remove clods, level the land, incorporate organic matter if available, and ensure proper moisture at sowing."
W032,Is laser land leveling useful before wheat planting?,en,wheat,sowing,"Yes, laser land leveling helps uniform irrigation, reduces water losses, improves germination and fertilizer efficiency, and often increases wheat yield."
W033,Can wheat be sown after cotton in the same field? Any precautions?,en,wheat,sowing,"Yes, but remove cotton stalks, manage leftover roots and any pests, and apply enough fertilizer because cotton often depletes soil nutrients before wheat."
W034,What seed treatment should I apply to wheat seed before sowing?,en,wheat,sowing,"Use a recommended fungicide seed treatment to protect from smut, bunt and some seed‑borne diseases; coat seed uniformly and let it dry before sowing."
W035,How deep should I place wheat seed in the soil?,en,wheat,sowing,"Place wheat seed at shallow to moderate depth in moist soil, generally about 3–5 cm, so it can emerge quickly and establish a good stand."
W036,What is the best fertilizer dose for wheat per acre?,en,wheat,fertilizer,"The best dose depends on soil test and yield target, but usually includes balanced nitrogen, phosphorus, and sometimes potash plus micronutrients if deficient."
W037,"How much nitrogen, phosphorus and potash are recommended for wheat?",en,wheat,fertilizer,"Follow local recommendations, which usually give a specific ratio of N, P and K per acre; apply most P and K at sowing and split N between sowing and topdressings."
W038,When should I apply DAP and urea to wheat crop?,en,wheat,fertilizer,"Apply DAP or other P source at sowing as basal, and split urea: part at sowing or first irrigation and the rest at tillering or early stem elongation."
W039,What basal fertilizer should I use at the time of wheat sowing?,en,wheat,fertilizer,"At sowing, apply phosphorus and potash (if needed) along with some nitrogen as basal dose, placed slightly below and beside the seed to help early growth."
W040,How many urea bags per acre are needed for wheat?,en,wheat,fertilizer,The exact number of urea bags depends on target yield and soil fertility; typically nitrogen is split into two or three applications across the season.
W041,Should I split nitrogen application in wheat? At which stages?,en,wheat,fertilizer,"Yes, split nitrogen: one portion at sowing or first irrigation, another at tillering, and sometimes a third at booting, to match crop demand and reduce losses."
W042,What is the fertilizer recommendation for wheat in low fertility soils?,en,wheat,fertilizer,"In low‑fertility soils, apply higher but still balanced NPK based on soil testing, and if possible add organic manure to improve structure and nutrient supply."
W043,Can I use farmyard manure along with chemical fertilizer for wheat?,en,wheat,fertilizer,"Yes, combining well‑decomposed farmyard manure with chemical fertilizer improves soil health, water‑holding capacity and nutrient availability for wheat."
W044,Is foliar spray of micronutrients useful in wheat? When to spray?,en,wheat,fertilizer,"Foliar micronutrient sprays can help when deficiencies appear, usually at tillering or early stem elongation; follow label rates and avoid hot, windy times."
W045,What is the fertilizer schedule for irrigated wheat versus rainfed wheat?,en,wheat,fertilizer,"Irrigated wheat gets a full NPK dose based on soil test, while rainfed wheat often gets slightly lower rates and more emphasis on phosphorus and moisture conservation."
W046,How much irrigation does wheat crop need during its season?,en,wheat,irrigation,"Wheat typically needs several irrigations, especially at crown‑root initiation, tillering, booting, flowering and grain filling; exact number depends on soil and climate."
W047,At which critical growth stages does wheat need water the most?,en,wheat,irrigation,"The most critical stages are crown‑root initiation, tillering, booting, flowering and grain filling; missing irrigation at these stages can seriously reduce yield."
W048,What is the first irrigation timing after sowing wheat?,en,wheat,irrigation,"Often the first irrigation is given roughly 20–25 days after sowing, around crown‑root initiation, but timing depends on soil moisture and rainfall."
W049,How many days gap should I keep between irrigations in wheat?,en,wheat,irrigation,"The gap between irrigations depends on soil type and weather, generally anywhere from 12–20 days; lighter soils need more frequent watering."
W050,What happens if I over-irrigate my wheat field?,en,wheat,irrigation,"Over‑irrigation can cause waterlogging, root rot, nutrient leaching, lodging and more disease and weed problems, all of which reduce wheat yield."
W051,How should I manage irrigation in wheat under canal water shortage?,en,wheat,irrigation,"Prioritize irrigations at critical stages, improve field leveling, use short irrigation turns, adopt ridge or bed planting and reduce waste in channels."
W052,Can I grow wheat on ridges to save water? What is the method?,en,wheat,irrigation,"Yes, wheat on ridges or beds can save water and improve aeration; form ridges or beds with a suitable implement and sow seed on them in rows."
W053,How to schedule wheat irrigation in sandy soils?,en,wheat,irrigation,"In sandy soils, irrigate more frequently with smaller amounts to avoid deep percolation losses, and use mulching or organic matter to conserve moisture."
W054,Is sprinkler or drip irrigation suitable for wheat crop?,en,wheat,irrigation,"Sprinkler can work well in light, uneven soils, and drip is rarely used for wheat but can be used for experimental or special situations if economically justified."
W055,How does late irrigation at grain filling stage affect wheat yield?,en,wheat,irrigation,Late irrigation at grain filling can delay maturity and sometimes lead to lodging or poorer grain quality; missing it altogether can shrink grains and reduce yield.
W056,What are the common weeds in wheat fields?,en,wheat,weed_control,"Common weeds include grasses like wild oats and broad‑leaf species; they compete strongly for nutrients, light and water if not controlled early."
W057,How can I control narrow-leaf weeds in wheat?,en,wheat,weed_control,"Use a grass‑selective herbicide recommended for wheat, applied at the proper crop and weed growth stage, and follow label instructions carefully."
W058,Which herbicide is recommended for broad-leaf weeds in wheat?,en,wheat,weed_control,"Apply a broad‑leaf‑specific herbicide recommended for wheat, at the correct dose and timing, when broad‑leaf weeds are small and actively growing."
W059,At what crop stage should I spray weedicide in wheat?,en,wheat,weed_control,"Most post‑emergence weedicides are sprayed around 25–35 days after sowing, when wheat is well established and weeds are in early growth stages."
W060,Can I use tank mix of urea and weedicide in wheat?,en,wheat,weed_control,"Some products allow tank mixing, but only if label and local recommendations permit; otherwise, mix separately to avoid crop damage or reduced efficacy."
W061,How many days after sowing wheat should I do first weeding?,en,wheat,weed_control,"First hand weeding or hoeing is usually done within the first 25–30 days, before weeds become large and start competing heavily."
W062,What cultural practices help in reducing weeds in wheat?,en,wheat,weed_control,"Good land preparation, line sowing, proper seed rate, timely irrigation and crop rotation all help reduce weed pressure in wheat fields."
W063,Is hand weeding still necessary after herbicide spray in wheat?,en,wheat,weed_control,"Yes, hand pulling or spot weeding may still be needed to remove surviving or late‑emerging weeds after herbicide spray, especially near field borders."
W064,What precautions should I take while spraying herbicides in wheat?,en,wheat,weed_control,"Use recommended dose, proper nozzle, correct pressure, avoid windy times, wear protective clothing and do not spray near water bodies or livestock."
W065,How do weeds affect wheat yield if not controlled on time?,en,wheat,weed_control,"Weeds can reduce wheat yield significantly by competing for nutrients, water and light, sometimes causing 20–50% or more loss if left uncontrolled."
W066,"My wheat leaves have yellow to orange pustules, is it rust disease?",en,wheat,disease,"Yes, small yellow to orange powdery pustules on leaves are typical of rust; confirm type and spray a recommended systemic fungicide promptly."
W067,How to identify wheat rust and its types?,en,wheat,disease,"Rust appears as yellow, orange or brown powdery spots on leaves and stems; leaf, stem and stripe rust differ in position and pattern of pustules."
W068,What is the control for leaf rust in wheat?,en,wheat,disease,"Use a recommended systemic fungicide at early infection, prefer resistant varieties, avoid late sowing, and remove volunteer wheat that harbors the disease."
W069,How do I manage stem rust in my wheat crop?,en,wheat,disease,"Spray a systemic fungicide at first signs, ensure good coverage, avoid excess nitrogen, and consider resistant varieties and crop rotation for long‑term management."
W070,What fungicide should I spray for stripe rust in wheat?,en,wheat,disease,"Use a fungicide specifically labeled for stripe rust, spraying at the early stage of pustule appearance and repeating if disease pressure stays high."
W071,"My wheat ears are black and covered with soot, is this loose smut?",en,wheat,disease,"Yes, black powder replacing grains in spikes suggests loose smut; infected plants cannot be cured, but seed treatment prevents it in the next season."
W072,How can I prevent loose smut in next wheat crop?,en,wheat,disease,"Treat seed with a suitable systemic fungicide before sowing and avoid using seed saved from smutted fields; use certified, disease‑free seed."
W073,"Wheat plants are stunted with yellow streaks, what disease could it be?",en,wheat,disease,Yellow streaks and stunted plants could be due to viral or other systemic diseases; remove severely affected plants and use vector control and healthy seed.
W074,What are the symptoms of Karnal bunt in wheat?,en,wheat,disease,"Karnal bunt causes partially black, fishy‑smelling grains with black powder near the embryo end; usually only some grains in a spike are affected."
W075,Which fungicide schedule is recommended to protect wheat from rust?,en,wheat,disease,"A typical schedule involves timely preventive sprays in high‑risk areas and curative sprays at early symptom appearance, plus use of resistant varieties and timely sowing."
W076,What integrated disease management practices are good for wheat?,en,wheat,disease,"Combine resistant varieties, healthy seed, crop rotation, balanced fertilization, proper irrigation and timely fungicide sprays to keep wheat diseases under control."
W077,Can resistant wheat varieties help against rust disease?,en,wheat,disease,"Yes, rust‑resistant varieties greatly reduce disease risk and fungicide need; always select varieties with current resistance suited to your region."
W078,Does seed treatment reduce bunt and smut diseases in wheat?,en,wheat,disease,"Yes, proper seed treatment reduces seed‑borne bunt and smut diseases and gives seedlings early protection from some soil‑borne pathogens."
W079,How does late sowing affect rust incidence in wheat?,en,wheat,disease,"Late sowing exposes crop to warmer, more humid weather during later stages, which favors rust development and often increases disease severity."
W080,Is crop rotation effective to manage wheat diseases?,en,wheat,disease,"Yes, rotating wheat with non‑host crops like legumes or oilseeds breaks disease cycles and helps lower inoculum in the field."
W081,What are common insect pests of wheat in Pakistan?,en,wheat,pest,"Common pests include aphids, armyworms, termites, cutworms and sometimes stem borers or grasshoppers, varying by region and season."
W082,How can I control aphids in my wheat crop?,en,wheat,pest,"Monitor populations regularly; if aphids cross the threshold, spray a recommended insecticide in the cooler part of the day, targeting undersides of leaves and ears."
W083,What is the economic threshold level for wheat aphids?,en,wheat,pest,The threshold is usually defined as a certain number of aphids per tiller or per ear; follow your local extension guidelines for exact figures.
W084,Which insecticide is recommended for armyworm in wheat?,en,wheat,pest,"Use an insecticide registered for armyworm in wheat, spray in the evening when larvae are active, and ensure good coverage of the crop canopy."
W085,How to control termite attack in wheat fields?,en,wheat,pest,"Use insecticidal seed treatment, destroy old stubbles, avoid waterlogging, apply recommended termiticides to affected patches, and improve field sanitation."
W086,"My wheat stems are hollow due to insects, what should I do?",en,wheat,pest,"Hollow stems suggest borer or termite damage; identify the pest, treat patches with appropriate insecticide, and remove heavily infested stubbles after harvest."
W087,Are there biological control options for wheat pests?,en,wheat,pest,"Yes, conservation biological control, predators, parasitoids and sometimes biopesticides can help, especially when combined with reduced broad‑spectrum insecticide use."
W088,How does early sowing affect pest pressure in wheat?,en,wheat,pest,"Early sowing often helps the crop escape peak pest populations, but it can also favor some pests; follow local experience and extension advice."
W089,What preventive measures can I take to reduce pest attack in wheat?,en,wheat,pest,"Use healthy seed, balanced fertilizer, timely sowing, field sanitation, removal of volunteer plants and timely insecticide sprays only when thresholds are crossed."
W090,Is seed treatment effective against soil-borne insects in wheat?,en,wheat,pest,"Yes, seed treatment helps protect emerging seedlings from soil‑borne insects and some early diseases, supporting a strong initial plant stand."
W091,When is the right time to harvest wheat for good grain quality?,en,wheat,harvest,"Harvest when grains are hard, straw turns yellow and grain moisture has dropped to a safe level; neither too early nor too late is desirable."
W092,How do I know wheat is ready for harvesting?,en,wheat,harvest,"Check that grains are firm and hard, cannot be dented easily with a thumbnail, and most leaves and stems have turned yellow or golden."
W093,What moisture level is ideal at wheat harvest?,en,wheat,harvest,"Safe harvest moisture is usually around low to mid‑teens percent; too high causes storage problems, too low can increase shattering losses."
W094,Should I harvest wheat with combine or manually? Pros and cons?,en,wheat,harvest,Combines save labor and time but require good adjustment to avoid losses; manual harvest is flexible but labor‑intensive and slower.
W095,How can I reduce grain shattering losses at wheat harvest?,en,wheat,harvest,"Harvest at the right maturity, adjust combine settings, avoid harvesting in very hot windy afternoons, and handle bundles carefully in manual harvest."
W096,What precautions should I take during wheat threshing?,en,wheat,harvest,"Avoid over‑threshing, use correct drum speed and concave clearance in combine or treading, and keep threshing floors clean and dry."
W097,How should I dry wheat grains after harvest?,en,wheat,harvest,"Spread grains in thin layers in a clean, airy place, stir them regularly, and dry until moisture is low enough for safe storage."
W098,What is the best way to store wheat to avoid insect attack?,en,wheat,harvest,"Clean grain properly, dry to safe moisture, use insect‑proof bags or bins, keep stores dry and cool, and check periodically for pests."
W099,Which storage bags or bins are recommended for wheat grain?,en,wheat,harvest,"Use clean, dry, strong jute or synthetic bags or metal/plastic bins that can be sealed well and kept off the ground and away from walls."
W100,How long can I safely store wheat grain without quality loss?,en,wheat,harvest,"If grain is dried properly and protected from insects and moisture, it can often be stored for many months with minimal quality loss."
W101,What is the current market price of wheat per maund in Pakistan?,en,wheat,market_price,"Market price changes daily by region; check your nearest mandi, government advisories, SMS services or agriculture apps for current per‑maund rates."
W102,How can I check daily wheat rates in my local market?,en,wheat,market_price,"Visit local markets, listen to radio or TV agri bulletins, or use mobile apps and SMS services that publish daily wheat prices."
W103,Is government support price for wheat announced this year?,en,wheat,market_price,"Support price announcements are made by government; follow official news, agriculture department notifications, or farmer helplines for the latest update."
W104,Should I sell wheat immediately after harvest or store for better price?,en,wheat,market_price,"If you need cash and rates are likely to fall, selling early may help; if you can store safely and expect higher prices, delayed selling can pay."
W105,How do middlemen affect wheat price for farmers?,en,wheat,market_price,Middlemen often buy low at farm gate and sell higher in market; improving your market information and exploring direct selling can reduce their margin.
W106,What factors decide wheat market price each season?,en,wheat,market_price,"Prices depend on supply, demand, government policies, international markets, input costs and quality; bumper crops or imports often push prices down."
W107,Does grain quality like test weight affect wheat rate?,en,wheat,market_price,"Yes, better test weight, cleanliness and grain size usually fetch higher prices, especially with buyers who pay premiums for quality grain."
W108,Are there any government procurement centers for wheat near me?,en,wheat,market_price,"Contact your local food department, agriculture office or farmer organizations; they maintain lists of official procurement centers each season."
W109,How can I get information on government wheat procurement policy?,en,wheat,market_price,"Check government websites, agriculture department offices, helplines or local extension staff; they share rules, timings and conditions for wheat procurement."
W110,Is there any mobile app to track wheat prices for farmers?,en,wheat,market_price,Many regions have government or private apps and SMS services that show mandi rates; ask your local agriculture office which digital tools are available.
W111,Give me a complete wheat production technology guide in simple steps.,en,wheat,general_info,"Stepwise: prepare and level land, sow at recommended time with certified seed in lines, apply balanced NPK, control weeds early, irrigate at critical stages, manage pests and diseases, then harvest and store safely."
W112,What precautions should I take for wheat in saline soils?,en,wheat,general_info,"Avoid very saline patches, improve drainage, apply gypsum if recommended, use salt‑tolerant varieties and keep good soil moisture to dilute salts."
W113,"Can wheat be intercropped with any other crop? If yes, how?",en,wheat,general_info,"Yes, sometimes wheat is intercropped with short‑duration fodders or legumes, but spacing and competition must be managed; follow local tested systems."
W114,What are common nutrient deficiency symptoms in wheat leaves?,en,wheat,nutrient_deficiency,"Common deficiency symptoms include yellowing, pale leaves, purple or reddish tints, stunted growth, poor tillering and sometimes white or stripy leaves, depending on the nutrient."
W115,How do I identify nitrogen deficiency in wheat?,en,wheat,nutrient_deficiency,"Nitrogen deficiency usually shows pale, yellowish older leaves, thin plants and poor tillering; yield potential drops if not corrected in time."
W116,What is the remedy if my wheat leaves are pale and yellow?,en,wheat,nutrient_deficiency,Pale yellow leaves often mean N deficiency; apply recommended nitrogen topdressing and ensure adequate soil moisture to help uptake.
W117,How can I correct zinc deficiency in wheat crop?,en,wheat,nutrient_deficiency,Zinc deficiency may cause whitish or light stripes on younger leaves and stunted plants; use zinc‑enriched fertilizers or foliar zinc sprays as recommended.
W118,Is foliar spray helpful to quickly correct nutrient problems in wheat?,en,wheat,nutrient_deficiency,"Yes, foliar sprays can correct mild to moderate deficiencies relatively quickly, especially for micronutrients; repeat only if symptoms persist and follow label."
W119,What precautions should I take when spraying fungicides on wheat?,en,wheat,disease,"Use proper protective gear, follow label dose and timing, avoid strong wind and high temperatures, and keep children and animals away from spray area."
W120,Can I mix insecticide and fungicide in one spray for wheat?,en,wheat,pest,"Some products allow mixing, but only if labels specifically permit; otherwise use separate sprays to avoid reduced effectiveness or crop injury."
W121,How can I protect wheat crop from lodging due to wind or rain?,en,wheat,general_info,"Use balanced fertilizer, avoid excessive nitrogen, ensure proper irrigation and drainage, and if strong winds are forecast, avoid late heavy irrigations that encourage lodging."
W122,Does very high nitrogen cause lodging in wheat crop?,en,wheat,fertilizer,"Yes, very high nitrogen without balance or support can make stems weaker and increase lodging, especially under strong wind or heavy irrigation."
W123,Which wheat variety is good for drought-prone areas?,en,wheat,general_info,Select region‑recommended drought‑tolerant varieties from your agriculture department or research institutes; they usually perform better under water stress.
W124,How to manage wheat under climate change and erratic rains?,en,wheat,weather_risk,"Adjust sowing dates, conserve soil moisture, choose tolerant varieties, use mulching or residue cover, and plan irrigations based on reliable weather forecasts."
W125,What is the impact of heat stress at grain filling stage in wheat?,en,wheat,weather_risk,Heat stress during grain filling causes shriveled grains and yield loss; severe terminal heat can significantly reduce grain weight and overall production.
W126,How can I reduce risk of frost damage to wheat seedlings?,en,wheat,weather_risk,"Use timely sowing to avoid peak frost, maintain proper soil moisture, avoid very lush, late nitrogen just before frost, and consider slightly deeper sowing in frost‑prone zones."
W127,Are there any subsidies for wheat seed or fertilizer for small farmers?,en,wheat,subsidy_loan,"In some years, governments or agencies offer subsidies on seed or fertilizer; confirm with local agriculture offices or Kisan support programs for eligibility."
W128,How can I apply for government wheat support schemes or loans?,en,wheat,subsidy_loan,"Visit your agriculture office, bank or government portal; they usually require land records, CNIC and forms; staff can guide you through the process."
W129,Which machinery is best for wheat sowing on beds or zero tillage?,en,wheat,machinery,Bed planters or zero‑till drills designed for wheat are best; they place seed and fertilizer precisely and create raised beds or furrows in one pass.
W130,Is zero-till wheat after rice beneficial? What are the advantages?,en,wheat,machinery,"Zero‑till wheat after rice saves time, reduces tillage cost, conserves moisture, helps manage residues and can improve soil health over time."
W131,Can I use drill machine for wheat sowing after cotton picking?,en,wheat,machinery,"Yes, you can; adjust drill depth, clear heavy residues and ensure proper calibration so the seed is placed at uniform depth and spacing after cotton."
W132,How many tillers per plant are ideal in a healthy wheat crop?,en,wheat,general_info,"A healthy wheat plant generally has multiple productive tillers; the exact ideal number varies, but more well‑filled, disease‑free tillers give higher yield."
W133,What plant population per acre is considered good for wheat?,en,wheat,general_info,Good plant population ensures quick canopy and efficient resource use; follow recommended seeds per acre or seedlings per square meter for your region.
W134,How can I improve wheat yield on my small farm?,en,wheat,general_info,"Use better seed, sow at the right time, manage fertility and water carefully, control weeds early, and protect the crop from pests and diseases."
W135,Please give me stepwise schedule for complete wheat season management.,en,wheat,general_info,"Plan: prepare land, sow on time, apply basal fertilizer, do first irrigation and weed control early, topdress nitrogen, protect from pests/diseases, then harvest at proper maturity."
W136,What are major constraints reducing wheat yield in Pakistan?,en,wheat,general_info,"Constraints include late sowing, low‑quality seed, poor fertility, inadequate irrigation, weeds, pests, diseases, and sometimes low prices or lack of credit."
W137,How can I manage wheat in fields with poor drainage?,en,wheat,irrigation,"Improve drainage with channels and beds, avoid over‑irrigation, use organic matter to improve structure, and never let water stand long around wheat roots."
W138,Is it safe to irrigate wheat with slightly brackish water?,en,wheat,irrigation,"Slightly brackish water can sometimes be used if salts are within limits, but monitor soil salinity, blend with better water if possible, and avoid over‑irrigation."
W139,What are symptoms of waterlogging stress in wheat?,en,wheat,irrigation,"Waterlogged wheat shows yellowing, stunting, fewer tillers, rotting roots and sometimes lodging; timely drainage is critical to save the crop."
W140,Can I grow wheat organically without chemical fertilizers and pesticides?,en,wheat,general_info,"Yes, but yields may be lower; use good rotations, compost or FYM, green manures, resistant varieties and mechanical or cultural weed and pest management."
W141,What organic manures or biofertilizers are good for wheat?,en,wheat,fertilizer,"Well‑decomposed FYM, compost, green manure crops and approved biofertilizers all help improve soil structure, nutrient supply and biology for wheat."
W142,How to manage weeds in organic wheat farming without herbicides?,en,wheat,weed_control,"Use crop rotation, stale seedbed, manual or mechanical weeding, mulching and narrow row spacing; these non‑chemical methods can suppress many weeds."
W143,Are there any mobile-based advisory services for wheat farmers in Pakistan?,en,wheat,general_info,"In some areas, government, NGOs or private companies run SMS, call center or app‑based advisory services; ask your local agri office about available options."
W144,How often should I scout my wheat field for pests and diseases?,en,wheat,pest,"During active growth, scouting every 7–10 days is good; check more frequently if conditions favor pests or diseases or if neighbors report outbreaks."
W145,What are early warning signs of rust outbreak in wheat area?,en,wheat,disease,"Watch for sudden appearance of small yellow/orange rust spots on leaves, especially on susceptible varieties; stay updated with local disease alerts."
W146,How does seed rate affect lodging and disease in wheat?,en,wheat,sowing,Low seed rate may cause gaps and more weeds; very high rate can increase lodging and disease; follow recommended seed rate for balanced stand.
W147,Can heavy rains after sowing affect wheat seed germination?,en,wheat,sowing,"Heavy rains soon after sowing can cause seed rotting, poor emergence and crusting; good drainage and proper seed depth reduce this risk."
W148,What is the recommended seed dressing chemical for smut control in wheat?,en,wheat,disease,"Use a fungicidal seed dressing recommended against smut, applied at correct dose per kilogram of seed, to protect the next crop."
W149,Which combination of fertilizer and irrigation gives best wheat yield?,en,wheat,fertilizer,Combine balanced NPK with well‑timed irrigations at critical stages; avoid both severe moisture stress and over‑watering to get the best yield.
W150,Please suggest a complete plant protection schedule for wheat crop.,en,wheat,disease,"A complete schedule includes seed treatment, preventive fungicide sprays in high‑risk periods, monitoring and timely curative sprays plus cultural controls like rotation and sanitation."
W151,What is the best time to spray for aphids in wheat?,en,wheat,pest,"Spray when aphid populations approach threshold, often from booting to milky stage, before they build up on ears and cause serious damage."
W152,How can I avoid spray drift while using boom sprayer in wheat?,en,wheat,pest,"Use the correct nozzle, low‑to‑moderate pressure, spray close to the target, avoid strong winds, and shut off boom ends when turning."
W153,Is mulching beneficial in wheat fields under moisture stress?,en,wheat,irrigation,"Yes, mulching helps reduce evaporation, maintain soil moisture and moderate temperature, which is helpful for wheat under limited water conditions."
W154,What yield loss can occur if weeds are not controlled in wheat?,en,wheat,weed_control,"Yield losses can be huge, sometimes more than 30–50%, because weeds take nutrients, light and water that the wheat needs for grain production."
W155,How does delayed sowing impact yield and disease pressure in wheat?,en,wheat,sowing,"Delayed sowing usually shortens the growth period, reduces tillering, increases rust risk, and typically leads to noticeable yield reduction."
W156,Is it okay to sow wheat after sugarcane harvest? What to watch out for?,en,wheat,sowing,"Yes, but sugarcane exhausts soil and may leave residues and pests; improve soil with manure, plough properly, and adjust sowing time and fertilizer."
W157,Which wheat varieties are tolerant to rust disease?,en,wheat,disease,Use varieties identified by your research institutes as rust‑tolerant; they reduce risk but still need monitoring and sometimes timely fungicide sprays.
W158,How can I differentiate between nutrient deficiency and disease in wheat leaves?,en,wheat,nutrient_deficiency,"Deficiency patterns are often uniform and linked to soil or plant age, while diseases may make spots, lesions or irregular patches; extension guides with pictures help a lot."
W159,What precautions should I take while storing wheat in village godowns?,en,wheat,harvest,"Store in clean, dry, insect‑free rooms, keep bags on pallets, away from walls, cover properly and check regularly for moisture or pest problems."
W160,How can I control storage pests like weevils in stored wheat grain?,en,wheat,harvest,"Clean stores before filling, use approved fumigants or protectants correctly, keep grain dry and sealed, and monitor regularly for insects."
W161,What are safe insecticides for treating empty wheat storage rooms?,en,wheat,harvest,"Use recommended insecticides labeled for empty storerooms, apply on walls and floors before filling, ventilate well afterwards, and strictly follow safety guidelines."
W162,How much yield reduction occurs due to terminal heat in wheat?,en,wheat,weather_risk,"Terminal heat near grain filling can significantly reduce grain size and yield, especially in late‑sown or susceptible varieties."
W163,Can mulching or residue retention help conserve moisture for wheat?,en,wheat,irrigation,"Yes, retaining some straw or using mulch reduces evaporation, keeps soil cooler and helps conserve moisture for the wheat crop."
W164,What is the best way to manage wheat straw after harvesting?,en,wheat,harvest,"You can use straw as fodder, bedding, mulch or incorporate some back into the soil to add organic matter, depending on your system."
W165,Can I use wheat straw as mulch for next crop? Any issues?,en,wheat,harvest,"Yes, straw can be used as mulch for the next crop, but very thick layers may attract pests or create excess humidity, so apply moderately."
W166,How can I improve protein content in wheat grain?,en,wheat,fertilizer,"Ensure adequate and timely nitrogen and sulfur, avoid severe stress during grain filling, and harvest at proper maturity to maintain good protein levels."
W167,Which stage is most sensitive to water stress in wheat?,en,wheat,irrigation,"Crown‑root initiation, tillering, flowering and grain filling are highly sensitive to water stress; missing irrigations here can severely cut yield."
W168,Is seed priming useful to improve wheat germination in dry areas?,en,wheat,sowing,"Yes, seed priming in dry areas often improves germination, early vigor and stand establishment, especially when soil moisture is marginal."
W169,What precautions are needed when applying nitrogen topdressing in wheat?,en,wheat,fertilizer,"Apply on moist soil, avoid very hot or windy times, do not over‑concentrate in bands near the stem, and follow recommended rates and split doses."
W170,What are recommended agronomic practices for high-density wheat planting?,en,wheat,sowing,"Use proper seed rate, narrow row spacing, balanced fertilizer, good weed control and careful irrigation to support high plant populations without lodging."
W171,Can inter-row hoeing help in aeration and weed control in wheat?,en,wheat,weed_control,"Yes, hoeing improves aeration, breaks soil crust and uproots weeds between rows, helping the wheat plants use water and nutrients more efficiently."
W172,How to manage volunteer plants from previous crop in wheat field?,en,wheat,weed_control,"Remove volunteer wheat and other host plants early, destroy them before sowing or soon after emergence, as they can harbor pests and diseases."
W173,Are there any mobile soil testing services for wheat farmers?,en,wheat,fertilizer,"Mobile soil testing allows you to know nutrient status of each field and then plan site‑specific fertilizer doses, saving cost and increasing yield."
W174,How can I link my wheat produce to flour mills directly for better prices?,en,wheat,market_price,"You can contact flour mills directly or through aggregators, form farmer groups or use digital platforms that connect farmers to large buyers."
W175,What government programs support smallholders growing wheat?,en,wheat,subsidy_loan,"Governments often offer seed, fertilizer or credit schemes for small wheat farmers; information is available through agriculture offices and farmer helplines."
W176,How does crop rotation with legumes benefit wheat yield?,en,wheat,general_info,"Legumes fix nitrogen and improve soil structure, so wheat grown after legumes usually has better fertility, healthier plants and higher yield."
W177,Is it good to grow chickpea after wheat or before wheat?,en,wheat,general_info,Growing chickpea before wheat can improve soil nitrogen; growing it after wheat diversifies income; choose sequence that fits rainfall and market needs.
W178,How can I use satellite or weather apps to plan wheat operations?,en,wheat,weather_risk,"Use reliable weather apps to track rainfall, temperature and wind, and plan sowing, irrigation and sprays when conditions are most favorable."
W179,What precautions are needed when spraying in windy conditions in wheat?,en,wheat,pest,"Avoid spraying in strong wind, use correct nozzles and boom height, and never spray upwind towards houses, animals or water bodies."
W180,Can I harvest wheat slightly early to avoid storm damage? Any risks?,en,wheat,harvest,Slightly early harvest can reduce storm risk but may increase moisture and drying cost; balance weather risk against grain quality and storage capacity.
W181,What is the role of seed quality in achieving good wheat stand?,en,wheat,sowing,"Good seed quality gives uniform, vigorous seedlings; use certified seed with high germination and purity to ensure a strong wheat stand."
W182,How can I identify fake or low-quality wheat seed in market?,en,wheat,sowing,"Check germination by a simple home test, look for uniformity, buy from trusted sources, and avoid shriveled, discolored or broken seed."
W183,What is certified seed and is it important for wheat farming?,en,wheat,sowing,"Certified seed is officially tested for purity and germination; using it helps ensure better stand, disease control and more uniform performance."
W184,How do I keep records of wheat inputs and yields for better decisions?,en,wheat,general_info,"Record inputs, dates of operations and yields to see what works, where you spend most, and how to adjust practices for better profit next season."
W185,Can I get any training programs for wheat cultivation near my area?,en,wheat,general_info,"Contact your agriculture extension office, universities or NGOs; they often conduct farmer trainings, field days and demonstration plots on wheat."
W186,How to protect wheat from stray animals and grazing damage?,en,wheat,general_info,"Use fencing, thorny hedges, watchmen, and avoid leaving fields open at night; in some areas, community guarding and trenches are also used."
W187,Is raised bed planting suitable for wheat in waterlogged areas?,en,wheat,irrigation,"Yes, raised beds keep roots above standing water, improve aeration and can reduce waterlogging damage in poorly drained fields."
W188,What are the recommended plant protection intervals for fungicide in wheat?,en,wheat,disease,"Follow label‑recommended intervals, often 10–14 days if disease pressure continues; never shorten intervals or increase dose without guidance."
W189,Can potassium application improve wheat tolerance to drought?,en,wheat,fertilizer,"Adequate potassium strengthens stems, improves drought and disease tolerance and supports better grain filling under stress conditions."
W190,How often should I calibrate my sprayer before use in wheat field?,en,wheat,pest,"Check nozzle output and pattern at least once a season, so you apply correct dose uniformly and avoid under‑ or overdosing the wheat crop."
W191,How can I reduce cost of cultivation while maintaining wheat yield?,en,wheat,general_info,"Adopt efficient inputs (soil testing, precise fertilizer, timely irrigation), mechanize smartly, control wastes and focus on yield per rupee invested."
W192,What role does seed rate play in weed suppression in wheat?,en,wheat,weed_control,"Right seed rate helps the crop close canopy quickly and shade weeds; too low seed rate encourages weeds, too high can cause lodging and disease."
W193,Are there mobile advisory services that send wheat alerts by SMS or WhatsApp?,en,wheat,general_info,"Yes, some services send SMS or WhatsApp alerts about weather, diseases and market rates; ask your local agriculture office for numbers and apps."
W194,How to manage rodent problem in and around wheat fields?,en,wheat,pest,"Use traps, clean bunds, destroy burrows and, where allowed, use rodenticides carefully in bait stations, away from children and animals."
W195,What are sustainable practices for long-term soil health under wheat cropping?,en,wheat,general_info,"Practices include crop rotation, residue retention, reduced tillage, use of organics and balanced fertilization to maintain soil organic matter and structure."
W196,Can integrated nutrient management improve wheat profitability?,en,wheat,fertilizer,"Combining organics with right NPK improves yield stability, reduces input waste, and often increases net returns per acre over the long term."
W197,How do I adjust sowing time of wheat under changing rainfall pattern?,en,wheat,weather_risk,"Shift sowing slightly earlier or later based on new rainfall trends, and use moisture conservation, early‑maturing varieties and flexible cropping plans."
W198,What is the ideal plant height and ear length for good wheat yield?,en,wheat,general_info,"Ideal plant height is moderate with strong stems and full, well‑filled ears; extremely tall, weak stems or very short plants usually reduce yield."
W199,Are there special recommendations for wheat sown after maize?,en,wheat,sowing,"After maize, clear residues well, manage any leftover pests, and often sow slightly earlier or use suitable varieties that can handle residual nutrient conditions."
W200,Summarize complete wheat best practices from land preparation to harvest.,en,wheat,general_info,"Best practices: timely sowing, certified seed, proper seed rate, line sowing, balanced NPK, early weed control, critical‑stage irrigation, timely plant protection and proper harvest and storage."
W201,"Gandum ke baare mein basic maloomat chahiye, madad karein.",roman_ur,wheat,greeting,"Gandum ke liye sahi mausam, behtareen zameen, munasib khaad, pani aur weed, pest aur disease ka control zaroori hota hai; main aap ko step by step guide kar sakta hoon."
W202,"Assalam o alaikum, mera gehun ka khet hai, thori rehnumai chahiye.",roman_ur,wheat,greeting,"Wa alaikum assalam. Aap apni location aur masla bataen, main sowing time, khaad, pani aur bimariyon ke hawale se mashwara doon ga."
W203,"Salam, wheat farming ke bare mein guide kar dein.",roman_ur,wheat,greeting,"Main aap ko wheat farming ke liye land preparation, beej, khaad, pani ka schedule, weeds aur pests ka control sab simple alfaaz mein bata sakta hoon."
W204,"Bhai jan, gandum ki fasal ke mashware chahiye.",roman_ur,wheat,greeting,"Zaroor bhai. Aap agar sowing, khaad, pani ya bimariyon mein se kisi cheez ka sawal poochain to main detail mein rehnumai karoon ga."
W205,"Hello, mein chhota kisan hoon, gandum ke liye madad chahiye.",roman_ur,wheat,greeting,"Chhote kisaan ke liye sab se pehle certified beej, sahi waqt per bone, balanced khaad aur waqt par pani bohat zaroori hotay hain."
W206,"Assalam, is season mein gandum lagani hai, raasta bata dein.",roman_ur,wheat,greeting,"Is season mein gandum late na karein; area ke mutabiq October–November mein boen, zameen ko achhi tarah tayar karein aur sahi seed rate istemal karein."
W207,"Salam bot, wheat ke mutalliq kuch sawal hain.",roman_ur,wheat,greeting,"Ji, aap wheat ke baare mein jo sawal poochna chahen, jaise beej, khaad, pani, jharbootiyan, keerey ya bimariyan, main jawab doon ga."
W208,"Bhai, gehun ki fasal ke liye complete rehnumai chahiye.",roman_ur,wheat,greeting,"Complete rehnumai ke liye hum land preparation se le kar harvest tak ka schedule bana sakte hain, jis mein har stage ka kaam clear hoga."
W209,"Assalam o alaikum, gandum ke masail ke liye support chahiye.",roman_ur,wheat,greeting,"Aap apni mushkil likhein; main disease, pest, pani, khaad ya weed problem ke mutabiq foran mashwara doon ga."
W210,"Salam, agrismart se wheat ke mashware lena chahta hoon.",roman_ur,wheat,greeting,"Agrismart aap ko sowing time, weather, khaad, pani aur plant protection ke bare mein smart tips de kar wheat fasal behtar banane mein madad karega."
W211,Gandum kis mausam mein lagti hai? General info de dein.,roman_ur,wheat,general_info,Gandum aam tor pe thandi Rabi season ki fasal hai; zyadatar October–November mein lagai jati hai aur April–May mein kattai hoti hai.
W212,Gehun ke liye kaisa mausam aur mitti behtareen hoti hai?,roman_ur,wheat,general_info,"Gehun ko thandi se darjantak mausam, halki se darmi mitti, achha drainage aur medium fertility pasand hoti hai; bohat raitli ya pani rukne wali zameen achhi nahi."
W213,Pakistan mein aam tor pe gandum kab ugai jati hai?,roman_ur,wheat,general_info,Pakistan mein aam tor pe gandum Rabi crop hai jo late October se late November tak boi jati hai aur April–May mein kaati jati hai.
W214,Gandum ki fasal ko tayari se le kar kattai tak kitna time lagta hai?,roman_ur,wheat,general_info,"Seed se harvest tak aam tor pe 110–140 din lagtay hain, jo variety, mausam aur area ke mutabiq kam ya zyada ho sakte hain."
W215,"Gandum ke liye koun si zameen zyada munasib hai, balu mitti ya chikan?",roman_ur,wheat,general_info,"Dono mein se well‑drained, mitti jisme pani thehar na sake, zyada behtar hai; sandy loam ya loam zameen gandum ke liye achhi samjhi jati hai."
W216,Punjab ke liye behtareen gandum ki variety kaun si hai?,roman_ur,wheat,general_info,"Punjab ke liye wo varieties behtar hain jo provincial agri department recommend karay, jin mein zyada paidawar aur rust resistance ho."
W217,Sindh ke liye high yield wheat varieties bata dein.,roman_ur,wheat,general_info,"Sindh ke liye local research stations ki recommend ki hui high yielding, heat tolerant varieties best hoti hain; apne ilaqai agri office se list lein."
W218,Gandum ki fasal ke mukhtalif growth stages ka thora detail se bata dein.,roman_ur,wheat,general_info,"Growth stages mein germination, tillering, stem elongation, booting, heading, phool aana, dana bharna aur maturity shamil hain; har stage per alag dekh bhaal chahiye."
W219,Aam tor pe ek acre gandum se kitna munafa hasil ho sakta hai?,roman_ur,wheat,general_info,Agar management achhi ho to irrigated gandum se aam tor pe 35–50 maund per acre tak mil sakta hai; barani ilaqon mein ye kam ho sakta hai.
W220,Chhote kisaan ke liye gandum ke best practices kya hain?,roman_ur,wheat,general_info,"Best practices mein sahi waqt per bone, certified beej, balanced khaad, timely pani, early weed control aur pest/disease ka waqt par ilaaj shamil hai."
W221,Punjab mein gandum bone ka sahi waqt kab se kab tak hota hai?,roman_ur,wheat,sowing,Punjab mein aam tor pe late October se mid November tak ka time best mana jata hai; bohat late sowing se paidawar kam ho jati hai.
W222,Rabi season mein gehun ki kasht ka ideal time kya hai?,roman_ur,wheat,sowing,Rabi season mein gehun ko thandi shuruat mein bone se behtar tillering hoti hai; aam tor pe October ke aakhir se November ke beech ideal period hota hai.
W223,Agar mein December mein late sowing karun to gandum per kya asar hoga?,roman_ur,wheat,sowing,"December mein late sowing se rust ka khatra barhta, tillers kam bante hain aur yield kam hoti hai; agar zaroori ho to seed rate thora barha den."
W224,Barani ilaqon mein gandum kis tareekh tak bone chahiye?,roman_ur,wheat,sowing,"Barani ilaqon mein jab pehli ya doosri achhi barish ho jaye aur mitti nam ho, aam tor pe late October se early November tak bone ka mashwara diya jata hai."
W225,Rice–wheat system mein khet se chawal utarnay ke baad gandum kab lagani chahiye?,roman_ur,wheat,sowing,Rice utarne ke foran baad zameen ko halka sa tayar karke gandum boen taa ke residual moisture ka faida utha sakain aur sowing window miss na ho.
W226,Ek acre ke liye gandum ka seed rate kitna kg hona chahiye?,roman_ur,wheat,sowing,"Seed rate soil, sowing method aur variety per depend karta hai; aam tor pe recommended kg per acre hi follow karein taa ke plant population munasib rahe."
W227,Drill se bone ki surat mein gehun ka beej kitne kilo per acre rakhu?,roman_ur,wheat,sowing,Drill sowing mein seed rate thora kam hota hai kyun ke distribution behtar hoti hai; apne ilaqay ke recommend kg per acre istemal karein.
W228,Late sowing ke liye gandum ka beej zyada dalna chahiye ya kam?,roman_ur,wheat,sowing,Late sowing mein aam tor pe seed rate thora barha diya jata hai taa ke kam tillering ka muawza ho jaye aur stand ghana bane.
W229,Gandum ki khet mein line to line fasla kitna rakha jaye?,roman_ur,wheat,sowing,Line to line fasla aam tor pe 20–25 cm rakha jata hai taa ke plants ghanay bhi hon aur beech mein halkan se hoeing ya spray bhi ho sake.
W230,Broadcast se behtar hai ke line sowing karun? Kya faida hoga?,roman_ur,wheat,sowing,"Line sowing se fertilizer aur pani ka istemal behtar hota hai, weeds ka control asaan hota hai aur fasal uniform banti hai; is liye broadcast se behtar hai."
W231,Gandum bone se pehle zameen ki tiyari kis tarah karun?,roman_ur,wheat,sowing,"Ek do deep ploughing, halki haraas ya rotavator, clods tor kar level surface banayein, zarurat ho to FYM milayein aur mitti mein nammi rakhein."
W232,Laser land leveler se gandum ke khet ko seedha karna faidemand hai?,roman_ur,wheat,sowing,"Ji haan, laser land leveling se pani barabar phailta hai, irrigation kam lagti hai aur germination aur yield dono behtar hotay hain."
W233,Cotton ke baad ussi zameen mein gandum lag sakti hai? Kya ehtiat karun?,roman_ur,wheat,sowing,"Lag sakti hai, lekin cotton ke bache huay residues, keerey aur nutrients ki kami ka khayal rakhna hoga; soil ko achhi tarah tayar aur khaad se bharein."
W234,Gandum ka beej bonay se pehle kaunsa seed treatment karna chahiye?,roman_ur,wheat,sowing,"Beej bone se pehle recommended fungicide se seed treatment karein taa ke bunt, smut waghera se bachao ho aur seedling healthy nikalay."
W235,Beej ko mitti mein kitni gehrayi tak dalna behtar hai gandum ke liye?,roman_ur,wheat,sowing,"Aam tor pe 3–5 cm gehrayi gandum ke liye munasib hoti hai; bohat gehra bone se emergence slow ho jata hai, bohat upar se beej sookh sakta hai."
W236,Gandum ke liye per acre kitni khaad ki darkar hoti hai?,roman_ur,wheat,fertilizer,"Per acre khaad soil test, target yield aur system per depend karti hai, lekin aam tor pe balanced NPK aur zarurat ke mutabiq micronutrient zaroori hotay hain."
W237,"Nitrogen, phosphorous, potash ki kitni matra wheat ke liye sahi hai?",roman_ur,wheat,fertilizer,"Nitrogen, phosphorus aur potash ka ratio local recommendation ke mutabiq rakhein; P aur K zyadatar bone ke waqt, N split doses mein diya jata hai."
W238,DAP aur urea gandum mein kis stage pe dalni chahiye?,roman_ur,wheat,fertilizer,"DAP ya P source zyada tar bone ke waqt lagai jati hai, jab ke urea ko ek hissa pehle pani ya tillering par aur baqi baad mein diya jata hai."
W239,Bone ke waqt gandum ki neeche wali khaad ka schedule bata dein.,roman_ur,wheat,fertilizer,Bone ke waqt neeche wali khaad mein phosphorous aur potash ke sath thora nitrogen line ke side mein dalna behtar hota hai taa ke jadon ko faida ho.
W240,Ek acre gandum ke liye kitne bag urea darkar hain?,roman_ur,wheat,fertilizer,Kitne bag urea chahiye ye N requirement per depend karta hai; aam tor pe ye quantity 2 ya 3 splits mein di jati hai taa ke zaya kam ho.
W241,Nitrogen ko kitni baron mein split karke dalna behtar hai gandum ke liye?,roman_ur,wheat,fertilizer,"Ji haan, Nitrogen ko 2–3 hisson mein dena behtar hai; ek portion bone ya pehle pani par, doosra tillering par aur zarurat ho to teesra grain filling se pehle."
W242,Kam zarkhaiz zameen mein gandum ki khaad ka kya nizam hona chahiye?,roman_ur,wheat,fertilizer,"Kam zarkhaiz zameen mein soil test karwa kar khaad barhi sakte hain, sath hi FYM ya compost dal kar soil structure aur fertility dono behtar karein."
W243,Kya gandum ke saath gobar ki khaad bhi istemal kar sakta hoon?,roman_ur,wheat,fertilizer,"Bilkul, gobar ki achhi sarkh khas khaad soil ko taqat deti hai, pani rokne ki salahiyat barhati hai aur chemical khaad ke asar ko behtar banati hai."
W244,Micronutrient ka foliar spray gandum mein kab aur kaise karun?,roman_ur,wheat,fertilizer,"Micronutrient ka foliar spray deficiency nazar aane par tillering ya early stem elongation par karein, label dose ke mutabiq aur dhoop waghera se bach kar."
W245,Nehrhi gandum aur barani gandum ke liye khaad ka difference kya hota hai?,roman_ur,wheat,fertilizer,"Nehrhi gandum mein aam tor pe zyada NPK diya jata hai, jab ke barani mein focus moisture conservation aur phosphorous per zyada hota hai."
W246,Gandum ki fasal ko poore season mein kitni bari pani ki zarurat hoti hai?,roman_ur,wheat,irrigation,"Season bhar mein chand important irrigations chahiye hoti hain, khas tor pe crown‑root, tillering, booting, phool aane aur dana bharne ke stages par."
W247,Koun se critical stages pe wheat ko pani dena sab se zyada zaroori hota hai?,roman_ur,wheat,irrigation,"Critical stages mein crown‑root initiation, tillering, heading/booting aur grain filling shamil hain; in par pani miss ho jaye to yield bohat gir sakti hai."
W248,Bone ke baad pehla pani gandum ko kitne din mein dena chahiye?,roman_ur,wheat,irrigation,"Aam tor pe bone ke 20–25 din baad, jab crown‑root stage ho, pehla pani diya jata hai; lekin ye soil aur barish per bhi depend karta hai."
W249,Gandum mein pani ki do sittin ke darmiyan kitna din ka gap rakhu?,roman_ur,wheat,irrigation,"Gap mitti aur mausam per depend karta hai; halki mitti mein chota gap, bhari mitti mein thora lamba, aam tor pe 12–20 din ke darmiyan hota hai."
W250,Agar mein zyada pani de doon to gandum per kya bura asar hoga?,roman_ur,wheat,irrigation,"Zyada pani se waterlogging, jadon ka saans ghootna, lodging, nutrient washing aur diseases barh jati hain, jis se paidawar kam ho jati hai."
W251,Nehr ka pani kam ho to gandum ki abpashi kaise manage karun?,roman_ur,wheat,irrigation,"Critical stages par pani ko tarjeeh dein, fields ko level rakhein, ridges ya beds use karein aur channels se pani zaya na honay dein."
W252,Kya ridges pe gandum ugana pani bachane ke liye behtar hai? Tariqa bata dein.,roman_ur,wheat,irrigation,"Ji haan, ridges ya beds par gandum se pani bach jata hai aur roots ko hawa zyada milti hai; is ke liye ridge maker ya bed planter istemal karein."
W253,Raiti mitti mein gandum ki abpashi ka schedule kaisa hona chahiye?,roman_ur,wheat,irrigation,"Raiti mitti mein chote chote paani kam gap par dein, mulching ya FYM se pani rokne ki salahiyat barhain aur barish par barwaqt reaction karein."
W254,Sprinkler ya drip system gandum ke liye theek rahega?,roman_ur,wheat,irrigation,"Sprinkler system halki mitti aur uneven fields ke liye acha hai; drip wheat mein kam use hota hai, lekin special halat mein istemal kiya ja sakta hai."
W255,Grain filling stage par pani na mile to yield pe kitna asar parta hai?,roman_ur,wheat,irrigation,"Is stage par pani na mile to dana choTa aur sikkha reh jata hai, jis se yield aur quality dono kam ho sakte hain."
W256,Gandum ke khet mein aam tor pe koun se jarhi bootiyan nikalti hain?,roman_ur,wheat,weed_control,"Aam weeds mein grassy aur broad‑leaf dono hote hain, jo khaad, pani aur roshni cheen kar gandum ki paidawar kam kar dete hain."
W257,Narrow-leaf weeds ko wheat mein kaise control kar sakta hoon?,roman_ur,wheat,weed_control,"Narrow‑leaf weeds ke liye grass‑specific herbicide recommended dose par, sahi waqt par spray karein, jab weeds chhoti aur active growth mein hon."
W258,Broad-leaf weeds ke liye gandum mein kaunsa weedicide behtar hai?,roman_ur,wheat,weed_control,Broad‑leaf weeds ke liye woh weedicide istemal karein jo sirf broad‑leaf per asar karta ho aur wheat ke liye safe ho; label ka khayal rakhein.
W259,Weedicide spray gandum pe kis growth stage par karna chahiye?,roman_ur,wheat,weed_control,"Aam tor pe 25–35 din bone ke baad jab weeds chhoti hon aur wheat stable ho, tab post‑emergence spray kiya jata hai."
W260,Kya mein urea aur weedicide ko aik hi tank mix mein daal sakta hoon?,roman_ur,wheat,weed_control,Sirf us surat mein mix karein jab label aur local recommendation ijazat de; warna alag alag spray karna behtar aur safe hota hai.
W261,Bone ke kitne din baad pehli nindaai ya jhariyon ka control karun?,roman_ur,wheat,weed_control,Bone ke 20–30 din ke andar pehli nindaai ya hoeing karna behtar hai taa ke weeds strong na hon payen.
W262,Koun se cultural tareeqay weeds kam karne mein madadgar hain gandum ke liye?,roman_ur,wheat,weed_control,"Proper seedbed, crop rotation, sahi seed rate, time par sowing aur timely irrigations jharbootiyan kam karne mein madad deti hain."
W263,Weedicide ke baad bhi kuch jharian reh jaen to kya haath se nikalna zaroori hai?,roman_ur,wheat,weed_control,"Ji haan, kuch jharian herbicide se bach jati hain; unhein haath se ya spot weeding se nikal dena chahiye taa ke future mein seed bank kam ho."
W264,Gandum mein spray karte waqt weedicide ki safety ke liye kya ehtiyat karun?,roman_ur,wheat,weed_control,"Label dose follow karein, mask, gloves aur protective kapray pehnen, hawa tez ho to spray na karein aur spray ke baad haath munh achhi tarah dhoyein."
W265,Agar jharian time pe control na hon to gandum ki paidawar kitni kam ho sakti hai?,roman_ur,wheat,weed_control,Agar weeds control na hon to 20–50% tak ya us se bhi zyada nuqsan ho sakta hai kyun ke sari khaad aur pani woh le jati hain.
W266,"Meri gandum ke pattay pe zard narangi daag jaise phool bane hain, kya ye rust hai?",roman_ur,wheat,disease,Zard narangi powder jese daag rust ki nishani ho sakte hain; jaldi se confirm karein aur systemic fungicide spray kar ke disease rokain.
W267,Gandum ki rust disease ko pehchanne ka asaan tareeqa bata dein.,roman_ur,wheat,disease,"Rust mein leaf ya stem per chhote powdery pustules bante hain; leaf, stem aur stripe rust mein pattern aur jagah ka farq hota hai."
W268,Leaf rust aajaye to gandum mein kaunsa fungicide spray karun?,roman_ur,wheat,disease,"Early stage per systemic fungicide spray karein, over‑fertilization se bachen, susceptible varieties kam istemal karein aur late sowing avoid karein."
W269,Stem rust ko control karne ke liye kya ilaaj istamal karun?,roman_ur,wheat,disease,"Stem rust ke liye bhi systemic fungicide recommended dose per spray karein, field ki regular monitoring karein aur resistant varieties ko tarjeeh dein."
W270,Stripe rust ke liye recommended spray schedule kya hai gandum mein?,roman_ur,wheat,disease,"Stripe rust ke liye pehla spray jaldi karein jab stripes nazar aana shuru hon, zarurat par 10–14 din baad doosra spray bhi kar sakte hain."
W271,"Meri gandum ke baalon pe kaala soot jaisa lag gaya hai, kya ye loose smut hai?",roman_ur,wheat,disease,"Haan, kaale soot jese powder se ears cover hon to loose smut ka imkaan hai; infected plants ko harvest ke baad hata dein aur aglay saal seed treat karein."
W272,Agli fasal mein loose smut se bachne ke liye beej ke sath kya karun?,roman_ur,wheat,disease,"Agli fasal ke liye seed ko systemic fungicide se treat karein, smut wali fasal ka beej dubara use na karein aur sirf sehatmand seed rakhein."
W273,"Gandum ke pattay par peeli lakeerein aur plant chhota reh gaya hai, yeh kaun si bimari hogi?",roman_ur,wheat,disease,"Peeli lakeerein, stunting aur overall weak growth viral ya systemic disease ki taraf ishara kar sakti hai; affected plants kam karen aur vector control karein."
W274,Karnal bunt ki alamat kya hoti hain gandum ke daanon mein?,roman_ur,wheat,disease,"Karnal bunt mein dana ka aik hissa kaala, powdery aur badbu wala ho jata hai; aam tor pe har ear mein kuch grains hi mutasir hotay hain."
W275,Rust se bachao ke liye fungicide ka complete program bata dein.,roman_ur,wheat,disease,"High risk area mein preventive spray aur symptom nazar aate hi curative spray ka schedule follow karein, sath hi resistant varieties aur timely sowing apnain."
W276,Integrated disease management gandum ke liye kis tarah apply karun?,roman_ur,wheat,disease,"Integrated management mein resistant varieties, sehatmand seed, rotation, balanced khaad, sahi irrigation aur zaroorat par fungicide sprays sab ko mila kar use kiya jata hai."
W277,Rust resistant gandum varieties lagane ka faida kya hai?,roman_ur,wheat,disease,"Rust resistant varieties se disease pressure kam hota hai, fungicide ki zaroorat kam parti hai aur yield stable rehti hai, lekin phir bhi monitoring zaroori hai."
W278,Beej treat karne se bunt aur smut diseases kitni had tak control hoti hain?,roman_ur,wheat,disease,"Beej treatment se bunt, smut jesi seed‑borne bimariyon ka khatra kaafi kam ho jata hai aur seedlings healthy nikalti hain."
W279,Late sowing se gandum mein rust ka khatra kyun barh jata hai?,roman_ur,wheat,disease,"Late sowing se mausam rust ke liye zyada munasib ho jata hai, is liye disease intensity barh jati hai; is se bachne ke liye sowing time follow karein."
W280,Crop rotation se gandum ki bimariyan kam hoti hain ya nahi?,roman_ur,wheat,disease,"Crop rotation se host plants ki continuity toot jati hai, jis se disease pathogens ki tadaad kam hoti hai aur future fasal kam mutasir hoti hai."
W281,Pakistan mein gandum ke koun se insect pests zyada aam hain?,roman_ur,wheat,pest,"Aam pests mein aphids, armyworm, termites, cutworms aur kabhi kabhi stem borers shamil hote hain; in ki pehchan aur threshold janna zaroori hai."
W282,"Meri gandum par aphid lag gaye hain, in ka control kaise karun?",roman_ur,wheat,pest,"Threshold cross hone se pehle ya us waqt recommended insecticide se spray karein, khas tor pe kanon ke area par focus rakhein; predators ka bhi khayal rakhein."
W283,Aphids ka economic threshold level wheat mein kitna hota hai?,roman_ur,wheat,pest,Threshold aam tor pe per tiller ya per ear aphids ki specific ginti per based hota hai; detail local extension office se hasil karein.
W284,Armyworm aajaye to gandum mein kaunsa insecticide spray karna chahiye?,roman_ur,wheat,pest,"Armyworm ke liye woh insecticide istemal karein jo label per wheat aur armyworm dono ke liye registered ho, aur spray shaam ke waqt karein jab larva active hon."
W285,Termite se gandum ko bachane ka behtareen tareeqa kya hai?,roman_ur,wheat,pest,"Purane stubbles destroy karein, seed treatment karein, paani zyada der na khara rakhein aur termite active patches mein targeted treatment karein."
W286,"Gandum ke tanon ke andar khokla pan mehsoos ho raha hai, ye kaunsa keera hai?",roman_ur,wheat,pest,Stem hollow hone ka matlab stem borer ya termite damage ho sakta hai; affected tanon ko nikal kar destroy karein aur zarurat par insecticide lagayein.
W287,Kya biological control se gandum ke pests ko kam kiya ja sakta hai?,roman_ur,wheat,pest,"Haan, biological control, predators, parasitoids aur kuch biopesticides se pests kam kiye ja sakte hain, khas tor pe jab broad‑spectrum spray kam use hon."
W288,Early sowing ka pest pressure par kya asar hota hai gandum mein?,roman_ur,wheat,pest,"Early sowing se kuch pests ka pressure kam ho jata hai kyun ke fasal un ke peak attack se pehle mature ho jati hai, lekin har area ka pattern mukhtalif hai."
W289,Preventive measures bata dein jo gandum mein keeron ka hamla kam kar saken.,roman_ur,wheat,pest,"Healthy seed, saaf khet, balanced khaad, volunteer plants ka khatma aur swarm ke pehle hi monitoring, sab preventive measures mein shamil hain."
W290,Kya seed treatment soil-borne insects ke khilaf effective hota hai wheat mein?,roman_ur,wheat,pest,"Ji haan, seed treatment se soil‑borne insects aur kuch early stage pests se bachao milta hai, jis se stand strong rehta hai."
W291,Gandum kab kaatni chahiye taake dana achi quality ka ho?,roman_ur,wheat,harvest,"Jab dana sakht ho jaye, pattay zard ho jayein aur straw sona ho jaye, tab harvest ka waqt hota hai; bohat jaldi ya bohat dair dono nuqsan deh hain."
W292,Kaise pata chale ke meri gandum harvest ke liye ready ho chuki hai?,roman_ur,wheat,harvest,"Dana ko thumbnail se daba kar dekhein; agar hard ho aur ghas phatne lag jaye, aur fasal ka rang sona ho, to harvest ready hai."
W293,Harvest ke waqt gandum ke danay mein kitni moisture honi chahiye?,roman_ur,wheat,harvest,Harvest ke waqt moisture aam tor pe low‑to‑mid teens percent ke qareeb honi chahiye; zyada moisture se storage problems paida hoti hain.
W294,Combine harvester se gandum kaatna behtar hai ya haath se? Fawaid nuqsan bata dein.,roman_ur,wheat,harvest,Combine se kaam tez aur kam mehnat se hota hai lekin achhi setting chahiye; haath se kaatna flexible magar mehnat talab aur slow hota hai.
W295,Kattai ke waqt shattering losses kam karne ke liye kya karun?,roman_ur,wheat,harvest,"Sahi maturity par kaatain, bohat dair na karein, combine ki setting theek rakhein aur manual kattai mein bundles ko softly handle karein."
W296,Threshing ke doran gandum ke dana tootne se bachane ke liye kya ehtiyat karun?,roman_ur,wheat,harvest,"Drum speed aur clearance sahi rakhein, over‑threshing se bachain, thresher ya animals se treading bohat sakhti se na karwain aur floor saaf, sookha ho."
W297,Kattai ke baad gandum ke danay kaise sookhayen taa ke kharab na hon?,roman_ur,wheat,harvest,"Gandum ke danay ko patli parat mein saaf, hawa daar jaga par phailayein, roz thori der ulat pulat karein jab tak moisture kam na ho jaye."
W298,Gandum ko lambe arse ke liye insect se bachakar store karne ka tareeqa kya hai?,roman_ur,wheat,harvest,"Dry, saaf anaaj ko airtight bories ya bins mein dal kar thandi, sookhi jaga per rakhein, aur insect attack ke liye regular checking karein."
W299,Storage ke liye kaun se bori ya bins gandum ke liye behtar hote hain?,roman_ur,wheat,harvest,"Mazboot, saaf jute ya synthetic bories aur metal/plastic bins jo zameen se oonchay ho aur deewar se door hon, storage ke liye behtar hain."
W300,Kitne arse tak gandum ka dana safe store kiya ja sakta hai baghair quality giray?,roman_ur,wheat,harvest,Agar dana sahi tarah sookha ho aur insects se mehfooz rakha jaye to kai mahine tak achhi quality ke sath store kiya ja sakta hai.
W301,Aaj kal Pakistan mein gandum ka bazari rate per maund kitna chal raha hai?,roman_ur,wheat,market_price,"Bazari rate her mandi aur har din badalta rehta hai; qareebi mandi, agri department messages ya mobile apps se aaj ka rate maloom karein."
W302,Rozana wheat ka rate apne qareebi mandi mein kaise check kar sakta hoon?,roman_ur,wheat,market_price,"Rozana local mandi ka phone number, agri helpline, SMS service ya mobile app use kar ke rate check kar sakte hain."
W303,Is saal hukoomat ne gandum ka support price announce kiya hai ya nahi?,roman_ur,wheat,market_price,"Support price ka elan hukoomat media, notifications aur agri offices ke zariye karti hai; TV news, radio ya official websites par nazar rakhein."
W304,Harvest ke foran baad bech doon ya rate ke liye kuch mahine store karun?,roman_ur,wheat,market_price,Agar storage safe hai aur aap ko lagta hai rate barhe ga to kuch arsa rok sakte hain; warna qarz ya zaroorat ke liye foran bechna bhi behtar hota hai.
W305,Beopari log gandum ka rate kis tarah kam kar dete hain kisan ke liye?,roman_ur,wheat,market_price,"Beopari kam rate laga kar, kisan ki majboori ka faida uthate hain; behtar info, group selling aur direct buyers se raabta se un ka asar kam ho sakta hai."
W306,Har season gandum ke bhav per kin cheezon ka asar padta hai?,roman_ur,wheat,market_price,"Supply‑demand, hukoomati policy, international market, input cost aur weather sab mil kar har season gandum ke bhav ko mutasir karte hain."
W307,Quality jaise test weight se gandum ki keemat per kya asar aata hai?,roman_ur,wheat,market_price,"Behtar test weight, saaf aur barabar size ke danay aam tor pe zyada keemat la dete hain, khas tor pe jo flour mills high quality khareedti hain."
W308,Hukoomati kharid centers gandum ke liye mere ilaqay mein kahan hain?,roman_ur,wheat,market_price,Local food department ya agri office se maloomat lein; wo har season official kharid centers ki list jari karte hain.
W309,Government procurement policy gandum ke liye kaise check karun?,roman_ur,wheat,market_price,"Government websites, notifications, agri offices aur helplines per procurement ki sharaait, rates aur timing ke bare mein detail di jati hai."
W310,Kya koi mobile app hai jo kisan ko gandum ke daily rates batati ho?,roman_ur,wheat,market_price,"Ji haan, kuch apps aur SMS services kisan ko rozana mandi rates bhejti hain; apne agri office se maloom karein koun si service aap ke ilaqe mein active hai."
W311,Gandum ki mukammal production technology simple alfaaz mein samjha dein.,roman_ur,wheat,general_info,"Mukammal technology mein sahi land preparation, time per sowing, certified seed, balanced khaad, early weeding, critical stage irrigation, pest/disease control aur timely harvest shamil hain."
W312,Saline zameen mein gandum ugane ke liye kya khas ehtiat karun?,roman_ur,wheat,general_info,"Saline zameen mein drainage behtar karein, zarurat ho to gypsum use karein, salt‑tolerant variety lagain aur pani aur khaad dono ehtiyat se dein."
W313,Kya gandum ke saath koi aur fasal intercropping kar sakta hoon?,roman_ur,wheat,general_info,"Kuch halat mein mustard ya choti fodder crops ke sath intercropping hoti hai, lekin spacing aur competition ka bohot khayal rakhna parta hai."
W314,Gandum ke pattay pe nutrient deficiency ki alamat kaun kaun si hoti hain?,roman_ur,wheat,nutrient_deficiency,"Deficiency ki alamat mein pattay ka zard hona, purple shade, stunting, striping ya necrotic spots shamil hain; har nutrient ka pattern mukhtalif hota hai."
W315,Nitrogen deficiency gandum mein kaise pehchanein?,roman_ur,wheat,nutrient_deficiency,"Nitrogen ki kami mein purane pattay pehle zard hote, plants kamzor aur chotay rehte aur tillers kam ban tay hain."
W316,Agar pattay pheeke aur zard ho rahe hain to gandum mein kya masla hai?,roman_ur,wheat,nutrient_deficiency,Aksar ye N deficiency hoti hai; urea ya dusre N source ka recommended topdressing karein aur mitti mein nammi barqarar rakhein taa ke uptake ho.
W317,Zinc ki kami ho to gandum mein kya nishaniyan aati hain aur ilaaj kya hai?,roman_ur,wheat,nutrient_deficiency,"Zinc kami mein young leaves par safedi ya halki chittiyan, stunting aur kam tillering hoti hai; zinc sulfate ya zinc‑enriched fertilizer istemal karein."
W318,Folin spray se nutrient problems kitni jaldi theek ho sakti hain gandum mein?,roman_ur,wheat,nutrient_deficiency,"Folin spray se micronutrient deficiency jaldi improve ho sakti hai, lekin shiddat zyada ho to aik se zyada spray ya soil application bhi zaroori hoti hai."
W319,Fungicide spray karte waqt gandum mein kaun si safety precautions zaroori hain?,roman_ur,wheat,disease,"Mask, gloves, long sleeves pehnen, hawa tez ho to spray na karein, label dose follow karein aur spray ke baad samane se hath muh ache se dhoyein."
W320,Kya insecticide aur fungicide ko mix karke gandum mein aik hi spray kar sakte hain?,roman_ur,wheat,pest,Sirf tab mix karein jab dono ke label aur local mashwara ijazat de; warna alag alag spray safe hota hai aur tank mix risk kam karta hai.
W321,"Tez hawa ya andhi se gandum gir jaati hai, is se bachao ka kya tareeqa hai?",roman_ur,wheat,general_info,"Balanced khaad, sahi irrigation, zyada pani se parheiz, timely plant growth regulator (agar allowed ho) aur mazboot stem wali variety se lodging kam hoti hai."
W322,Zyada nitrogen dene se gandum ka lodging barh jata hai kya?,roman_ur,wheat,fertilizer,"Ji haan, bohat zyada nitrogen se paude naram aur lamba ho kar asani se gir jate hain, khas tor pe hawa ya zyada pani ke sath."
W323,Sukha ilaqa ho to kaun si drought-tolerant gandum variety lagani chahiye?,roman_ur,wheat,general_info,Apne ilaqay ke research institute ya agri dept se drought tolerant varieties ki list lein; ye kum pani mein bhi comparatively behtar perform karti hain.
W324,Climate change aur ulta seedha barish ke bawajood wheat manage kaise karun?,roman_ur,wheat,weather_risk,"Sowing window adjust karein, moisture conserve karein, heat/drought tolerant varieties lagain, mulching use karein aur weather forecast ke mutabiq planning karein."
W325,Grain filling ke dauran garmi ki lehr se gandum ki paidawar kitni kam ho sakti hai?,roman_ur,wheat,weather_risk,"Grain filling ke dauran garmi ki lehr se dana sikkha reh jata hai aur paidawar mein bohat kami aa sakti hai, khas tor pe late sowing mein."
W326,Sard raaton mein frost se nikalti gandum ko bachane ke liye kya kar sakta hoon?,roman_ur,wheat,weather_risk,"Sahi waqt per sowing, thori gehrai per beej, moisture barqarar rakhna aur bohat lush late N se parheiz frost damage ko kuch had tak kam karta hai."
W327,Chhote kisaan ke liye gandum ke beej ya khaad per koi subsidy milti hai?,roman_ur,wheat,subsidy_loan,"Kuch programs mein chhote kisaan ko certified seed, khaad ya qarz par subsidy milti hai; detail ke liye local agri office ya bank se rabta karein."
W328,Government se wheat support scheme ya qarz lenay ka tareeqa kya hai?,roman_ur,wheat,subsidy_loan,"Agriculture office, bank ya online portal se form le kar CNIC, zameen ke kaghazat aur zaroori documents ke sath apply karein; staff aap ko procedure samjhaye ga."
W329,Gandum ko beds ya zero tillage pe bone ke liye kaun si machine behtar hai?,roman_ur,wheat,machinery,"Bed planter ya zero‑till drill jo wheat ke liye design ho, wo seed aur khaad ko sahi line aur depth per rakhta hai aur pani bachata hai."
W330,Rice ke baad zero-till gandum bone ke faide kya hain?,roman_ur,wheat,machinery,"Zero‑till rice ke baad wheat se tillage cost kam hoti hai, soil structure kam disturb hota hai, residue cover se moisture bachti hai aur environment friendly bhi hai."
W331,Cotton pick karne ke baad drill machine se gandum bone ke liye kya setting honi chahiye?,roman_ur,wheat,machinery,"Drill ki depth 3–5 cm par set karein, residues ka tang hona kam karein aur machine ko is speed se chalayein ke beej uniform gap par giray."
W332,Healthy gandum crop mein per plant kitne tillers ideal hote hain?,roman_ur,wheat,general_info,"Healthy crop mein har plant par kai productive tillers hotay hain; zyada se zyada mazboot, disease‑free tillers se yield barhta hai."
W333,Ek acre mein ideal plant population wheat ke liye kitni honi chahiye?,roman_ur,wheat,general_info,"Ideal plant population recommended seeds per acre ke mutabiq hoti hai; kam population gaps aur weeds barhati hai, bohat zyada lodging aur competition barhati hai."
W334,Chhoti zameen par gandum ki paidawar barhane ke liye kya karun?,roman_ur,wheat,general_info,"Behtar seed, timely sowing, balanced khaad, chhoti weeds ka jaldi control, sahi pani aur practical mechanization se chhoti zameen par bhi achhi paidawar mil sakti hai."
W335,Seed se harvest tak gandum ka complete schedule simple lafzon mein bata dein.,roman_ur,wheat,general_info,"Schedule mein land prep, sowing date, khaad plan, early weeding, critical stage irrigation, pest/disease scouting aur harvest date sab likh kar follow karein."
W336,Pakistan mein wheat yield kam hone ki barray reasons kya hain?,roman_ur,wheat,general_info,"Reasons mein late sowing, poor seed, kam khaad, pani ki kami, weeds, diseases, pests aur kabhi kabhi low support price shamil hotay hain."
W337,Kharab drainage wali zameen mein gandum ko pani kaise dena chahiye?,roman_ur,wheat,irrigation,"Drainage channels banayein, beds use karein, pani lamba khara na rehne dein aur organic matter barha kar mitti ka structure behtar karein."
W338,Thori si khari (brackish) pani se gandum ki abpashi kar sakta hoon?,roman_ur,wheat,irrigation,"Agar kharapan hadd se kam ho to thora istamal mumkin hai, lekin soil salinity monitor karni hogi, blending karein aur over‑irrigation se parheiz karein."
W339,Waterlogging se gandum ki fasal par kya nishaniyan nazar aati hain?,roman_ur,wheat,irrigation,"Waterlogging mein pattay zard, plants chhote, jadain sadi hui aur aksar lodging hoti hai; turant pani nikalna bohat zaroori hota hai."
W340,Kya mein bilkul organic tareeqe se gandum ugasakta hoon baghair chemical ke?,roman_ur,wheat,general_info,"Haan, lekin yields kuch kam ho sakti hain; aap ko compost, green manure, resistant varieties aur mechanical weed control par zyada bharosa karna hoga."
W341,Gandum ke liye koun se organic manure ya biofertilizer behtar hain?,roman_ur,wheat,fertilizer,"Achhi sarkh khas gobar ki khaad, compost, green manuring crops aur approved biofertilizers soil fertility aur biology dono behtar banate hain."
W342,Herbicide ke baghair organic wheat mein jhariyon ka control kaise karun?,roman_ur,wheat,weed_control,"Crop rotation, hand weeding, mechanical weeding, mulching aur thick stand se weeds ko dabaya ja sakta hai; herbicide na ho to in tarikon par rely karein."
W343,Kya koi mobile advisory service hai jo mujhe wheat ke mashware bhejti ho?,roman_ur,wheat,general_info,"Kuch provincial ya private services SMS, call ya WhatsApp per mashwara deti hain; local agri office se un ke numbers aur links hasil karein."
W344,Main kitne din ke gap se gandum ke khet ka survey karun pests aur disease ke liye?,roman_ur,wheat,pest,Active growth ke dauran har 7–10 din mein khet ka chakkar lagayein; agar weather ya neighbors se outbreak ki khabar ho to aur zyada frequently check karein.
W345,Rust ki early warning ke liye area level pe kya signs dekhne chahiye?,roman_ur,wheat,disease,Area mein achanak yellow/orange daag aur padosi khet mein rust ka phailna early warning hota hai; aise waqt par apni fasal ko qareeb se check karein.
W346,Zyada seed rate se gandum mein lodging aur bimariyon ka risk barhta hai kya?,roman_ur,wheat,sowing,"Bohat kam seed rate se gaps bante aur weeds barhti hain; bohat zyada se plants patlay, lambe aur lodging ya disease ka risk barh jata hai."
W347,Bone ke baad tez barish aajaye to seed germination pe kya asar parta hai?,roman_ur,wheat,sowing,"Bone ke foran baad tez barish se seed dho sakta, rot ho sakta hai ya crust ban sakta hai; achhi drainage aur sahi depth se is khatre ko kam kiya ja sakta hai."
W348,Smut se bachao ke liye beej dressing ke liye kaunsa chemical best hai?,roman_ur,wheat,disease,"Smut se bachne ke liye registered fungicidal seed dresser istemal karein, recommended dose per kg seed follow karein aur mixing uniform rakhein."
W349,Fertilizer aur pani ka kaisa combination best yield deta hai gandum mein?,roman_ur,wheat,fertilizer,Balanced khaad ke sath timely aur na zyada na kam pani best yield deta hai; severe stress ya over‑irrigation dono se nuqsan hota hai.
W350,Gandum ke liye plant protection ka mukammal schedule bana dein.,roman_ur,wheat,disease,"Schedule mein seed treatment, risk period mein preventive spray, disease nazar aate hi curative spray, rotation, residue management aur resistant varieties shamil hain."
W351,Aphids ke khilaf wheat mein spray ka best time kab hota hai?,roman_ur,wheat,pest,"Jab aphids ki tadaad threshold ke qareeb pohanch jaye, zyada tar booting se milk stage ke darmiyan, tab spray karna behtar hota hai."
W352,Boom sprayer se spray karte waqt drift kam karne ke liye kya karein?,roman_ur,wheat,pest,"Sahi nozzle aur pressure use karein, boom ko zameen ke qareeb rakhein, hawa tez ho to spray na karein aur field ke kinare par turn karte waqt boom band kar dein."
W353,Moisture kam ho to mulching se gandum ko paani bachane mein faida hota hai?,roman_ur,wheat,irrigation,"Ji haan, mulching se moisture loss kam hota hai, mitti thandi rehti hai aur barani ya pani kam honay ki surat mein wheat ko faida hota hai."
W354,Agar weeds control na hon to gandum ki paidawar mein kitna nuqsan hota hai?,roman_ur,wheat,weed_control,Agar weeds free na rakhein to yield ka bohat hissa zaya ho sakta hai; kuch cases mein 30–50% se zyada nuqsan report hota hai.
W355,Late sowing se yield aur disease pressure par kya combined asar hota hai?,roman_ur,wheat,sowing,"Late sowing se growth duration kam, disease pressure zyada aur terminal heat ka asar barhta hai, is liye yield overall gir jati hai."
W356,Sugarcane ke baad gandum lagane ke liye kya khaas mashware hain?,roman_ur,wheat,sowing,"Sugarcane ke baad gobar ya compost dal kar soil ko taqat dein, aasaar aur roots saaf karein, aur sowing kia jaye jald se jald taa ke window miss na ho."
W357,Rust tolerant gandum varieties ki list de dein.,roman_ur,wheat,disease,Rust tolerant varieties ki updated list aap ko provincial research institutes ya extension se mil sakti hai; unhi ko tarjeeh dein.
W358,Nutrient deficiency aur disease mein farq kaise pehchanun pattay dekh kar?,roman_ur,wheat,nutrient_deficiency,"Deficiency aam tor pe puri field ya old/young leaves par specific pattern mein hoti hai, jab ke disease aksar daagon, lesions ya patches ki soorat mein hoti hai."
W359,Gaon ke godaam mein gandum store karte waqt kaun si ehtiyat zaroori hai?,roman_ur,wheat,harvest,"Godaam saaf, sookha aur hawa daar rakhein, bories pallet par rakh kar deewar se door rakhain, aur regular inspection karein."
W360,Stored wheat mein weevil jese keerey aajayen to control ka tareeqa kya hai?,roman_ur,wheat,harvest,"Empty store ko treat karein, phir fumigation ya protectant insecticide (label ke mutabiq) se madad lein, sath hi grain ko sookha aur saaf rakhein."
W361,Khalistan store room ko treat karne ke liye kaunsa insecticide safe hai?,roman_ur,wheat,harvest,"Sirf woh insecticides use karein jo empty stores ke liye registered hon, unhein floor, deewar par spray karein, ventilate karein aur phir hi anaaj rakhein."
W362,Terminal heat ki wajah se gandum ki paidawar mein kitna loss hota hai?,roman_ur,wheat,weather_risk,"Terminal heat se grain filling kamzor hoti hai, jo kabhi kabhi 10–30% ya is se bhi zyada yield loss ka sabab ban sakti hai, khas tor pe late sowing mein."
W363,Residue ya mulching se gandum ke liye moisture conserve karne ka faida kya hai?,roman_ur,wheat,irrigation,"Residue ya mulch se evaporation kam hoti, mitti thandi rehti aur moisture zyada der tak wheat ke liye dastiyab rehta hai."
W364,Kattai ke baad wheat straw ko handle karne ka behtareen tareeqa kya hai?,roman_ur,wheat,harvest,"Straw ko fodder, mulch, bedding ya soil mein incorporate karke istemal karein; field burning se parheiz karein kyun ke is se soil aur hawa dono ko nuqsan hota hai."
W365,Kya gandum ka bhoosa agle crop ke liye mulch ke tor pe istemal kar sakta hoon?,roman_ur,wheat,harvest,"Ji haan, bhoosa mulch ke tor par use ho sakta hai, lekin bohat moti layer se keerey ya fungus ka khatra barh sakta hai; moderate layer rakhna behtar hai."
W366,Wheat grain mein protein barhane ke liye khaas fertilizer management kya ho?,roman_ur,wheat,fertilizer,"Sahi waqt per aur sahi matra mein N aur S dena, severe stress se bachna aur grain filling ke douran crop ko healthy rakhna protein barhane mein madad karta hai."
W367,Gandum ke liye sab se sensitive stage kaun si hai pani ki kami ke liye?,roman_ur,wheat,irrigation,"Crown‑root, tillering, flowering aur grain filling sab se sensitive stages hain; in par pani ki kami se sab se zyada nuqsan hota hai."
W368,Dry areas ke liye seed priming gandum mein kitna faidemand hai?,roman_ur,wheat,sowing,"Dry areas mein seed priming se germination tez, uniform aur mazboot hoti hai, jis se early stand behtar milta hai."
W369,Topdressing nitrogen karte waqt gandum mein kaun kaun se ehtiyat lazmi hain?,roman_ur,wheat,fertilizer,"Topdressing hamesha moist soil par karein, bohat garam ya hawa wale waqt se parheiz karein, over‑application se bachain aur splits mein dene ka asool follow karein."
W370,High density plantation wheat ke liye kya agronomic practices follow karun?,roman_ur,wheat,sowing,"High density ke liye seed rate sahi set karein, balanced khaad dein, timely weeding karein aur lodging se bachne ke liye zyada N se parheiz karein."
W371,Inter-row hoeing se gandum mein hawa dari aur jhariyon ka control kaise behtar hota hai?,roman_ur,wheat,weed_control,"Inter‑row hoeing se crust toot ta, hawa aur pani neechay jate hain aur weeds bhi nikal jate hain, jis se wheat mazboot hoti hai."
W372,Volunteer plants jo purani fasal se nikalte hain unko wheat mein kaise manage karun?,roman_ur,wheat,weed_control,"Volunteer plants ko bone se pehle ya early stage per hi nikal dein, kyun ke ye pests aur diseases ka source bante hain."
W373,Soil testing mobile service se gandum ki khaad ka plan banane ka fayda kya hai?,roman_ur,wheat,fertilizer,"Soil testing se aap ko pata chalta hai ke kaun si khaad kitni chahiye, jis se extra laganay ki zaroorat nahi rehti aur paisa bhi bach jata hai."
W374,Gandum ko seedha flour mill ko bechne ke liye kya process follow karun?,roman_ur,wheat,market_price,"Seedha flour mill se raabta karein, group bana kar bulk mein bechein ya digital platform use karein jo kisaan ko mills se jor de."
W375,Chhote kisaan ke liye hukoomat ki koun si schemes wheat ke liye mojud hain?,roman_ur,wheat,subsidy_loan,"Kuch schemes seed, khaad, loan ya procurement mein chhote kisano ko priority deti hain; detail government notifications aur agri office se mil sakti hai."
W376,Legume rotation se gandum ki yield barhane mein kya madad milti hai?,roman_ur,wheat,general_info,"Legume rotation se nitrogen fix hota, soil structure behtar hota aur diseases kam hoti hain, jis se next wheat crop ki yield barh jati hai."
W377,Gandum ke aage ya pehle chana ugane ka kya faida hota hai?,roman_ur,wheat,general_info,"Chana pehle ugane se soil mein nitrogen barhta hai, jo baad ki gandum ke liye faidemand hota hai; cropping pattern rainfall aur market par depend karta hai."
W378,Satellite ya weather app se wheat ke operations plan karne ka tareeqa kya hai?,roman_ur,wheat,weather_risk,"Barish, temperature aur hawa ke forecast ko dekh kar sowing, irrigation, spray aur harvest ki planning karein; zabardast tools mobile apps mein mojood hain."
W379,Tez hawa mein spray karte waqt gandum ke khet mein kisi nuqsan se bachne ke liye kya karein?,roman_ur,wheat,pest,"Tez hawa mein spray se drift barhta hai; aise waqt spray na karein, ya nozzle, pressure aur boom height adjust karein taa ke drifts kam hon."
W380,Agar aandhi tufan ka khatra ho to kya gandum thori jaldi kaat sakta hoon?,roman_ur,wheat,harvest,"Agar tufan ka strong khatra ho to kuch had tak jaldi harvest karna behtar ho sakta hai, lekin us waqt grain moisture aur drying facility ka khayal zaroor rakhein."
W381,Beej ki quality kaisay check karun taa ke gandum ka stand behtar aaye?,roman_ur,wheat,sowing,"Germination test ghar par karein, uniform emergence dekhein, seed ka rang, size aur damage check karein aur sirf certified ya trusted source se beej khareedein."
W382,Market se fake ya kamzor gandum ka beej pehchanne ka asaan tareeqa kya hai?,roman_ur,wheat,sowing,"Bohat halkay, tootay, safed ya bohat mixed seed se bachain; small sample ko germination ke liye test karein aur sirf reputable dealer se samaan lein."
W383,Certified seed kya hota hai aur gandum ke liye ye kitna zaruri hai?,roman_ur,wheat,sowing,"Certified seed wo hota hai jo agency ne test kar ke approve kiya ho; is se germination, purity aur disease control zyada behtar hota hai."
W384,Inputs aur yield ka record rakhne se gandum farming mein kya faida hota hai?,roman_ur,wheat,general_info,"Records se aap ko pata chalta hai kis practice se zyada faida hua, kis input par zyada kharcha aya aur aglay season kya change karna hai."
W385,Kya mere ilaqay mein gandum ki training workshops ya field days hotay hain?,roman_ur,wheat,general_info,"Agriculture extension, universities aur NGOs aksar field days aur training karwati hain; agri office se schedule aur jagah ka pata karein."
W386,Awara janwar ya bakri bakray se gandum ko nuqsan se bachane ke liye kya karun?,roman_ur,wheat,general_info,"Boundary fencing, thorny hedges, community watch, aur kabhi kabhi simple deterrents jaise strips ya lights se bhi janwaron se bachao mein madad milti hai."
W387,Waterlogged areas mein raised bed par gandum ugana kitna faidemand hai?,roman_ur,wheat,irrigation,"Raised beds par wheat ugane se jadain paani se upar rehti hain, pani ki bachatt hoti hai aur waterlogging kam hota hai."
W388,Fungicide spray ka interval wheat ke liye kitne din ka rakhna chahiye?,roman_ur,wheat,disease,"Fungicide interval disease pressure aur product per depend karta hai, aam tor par 10–14 din ke gap se repeat spray kiya jata hai jab risk barqarar ho."
W389,Potash dene se gandum ki drought tolerance kitni behtar hoti hai?,roman_ur,wheat,fertilizer,"Potash se stem mazboot, water stress tolerance behtar aur disease resistance thori barh sakti hai, jo drought conditions mein wheat ke liye faidemand hai."
W390,Sprayer ko har season se pehle calibrate karna wheat ke liye kyun zaruri hai?,roman_ur,wheat,pest,"Calibration se pata chalta hai ke sprayer per hectare ya per acre kitni volume aur dose de raha hai, jis se under ya over dose se bach sakte hain."
W391,Cost kam rakh kar gandum ki paidawar barabar kaise rakhi ja sakti hai?,roman_ur,wheat,general_info,"Input ko target kar ke use karein, waste kam karein, mechanization ko samajh kar use karein aur har rupay se maximum yield lene ki koshish karein."
W392,Seed rate ka jhariyon ke suppression mein kya kirdar hota hai gandum mein?,roman_ur,wheat,weed_control,Munasil seed rate weeds ko shade karta hai aur un ki growth ko pressure mein rakhta hai; bohat kam seed rate weeds ko zyada space de deta hai.
W393,SMS ya WhatsApp alerts wali koi service hai jo wheat kisan ko timely message bhejti ho?,roman_ur,wheat,general_info,"Kuch SMS ya WhatsApp services weather, disease aur market alerts deti hain; apne agri office se inka registration tareeqa pooch sakte hain."
W394,Gandum ke khet ke aas paas chuhoon ka masla ho to unka control kaise karun?,roman_ur,wheat,pest,"Burrows destroy karein, traps lagain, zarurat par rodent bait stations istemal karein aur khet ke gird safai rakhein; poison ko hamesha ehtiyat ke sath use karein."
W395,Long term soil health ke liye wheat cropping system mein sustainable practices kya honi chahiye?,roman_ur,wheat,general_info,"Rotation, residue retention, reduced tillage, organic matter aur balanced khaad se mitti ki sehat lambe arse tak behtar rehti hai."
W396,Integrated nutrient management se gandum ki profitability kaise barhti hai?,roman_ur,wheat,fertilizer,"Integrated nutrient management se khaad zyada bilimiyat se use hoti hai, cost kam hoti aur yield stable rehti hai, jis se faida barhta hai."
W397,Rainfall pattern change ho to gandum ki sowing date kaise adjust karun?,roman_ur,wheat,weather_risk,"Rainfall pattern dekh kar sowing thori jaldi ya dair se karein, moisture conserve karein, short duration varieties lagain aur contingency plan banayein."
W398,Behtareen wheat yield ke liye ideal plant height aur ear length kya honi chahiye?,roman_ur,wheat,general_info,"Ideal height moderate, mazboot stems aur lamba, bharpoor ear jisme zyada filled grains hon; bohat lambe naram plants ya bohat chhote dono masail paida karte hain."
W399,Maize ke baad gandum lagane ke liye kya khaas recommendation hai?,roman_ur,wheat,sowing,"Maize ke baad residues aur potential pests ka khayal rakhte hue land prep karein, khaad plan adjust karein aur suitable variety aur sowing time choose karein."
W400,Land preparation se le kar harvest tak gandum ki best practices ka short summary de dein.,roman_ur,wheat,general_info,"Best practices: land leveling, timely certified seed sowing, balanced khaad, early weeding, important stages par pani, pest/disease ka waqt par ilaaj aur sahi time harvest."
W401,Gandum mein seed drill ki depth setting kitni rakhu taa ke germination acha ho?,roman_ur,wheat,sowing,Seed drill ko aam tor par 3–5 cm depth per set karein taa ke beej moist layer mein ho aur uniform germination aye.
W402,Rice stubble ke saath direct drill se gandum bone ka tareeqa samjha dein.,roman_ur,wheat,machinery,Rice stubble ke sath direct drill mein zero‑till drill se seed ko residues ke darmiyan line mein dalte hain; machine ki setting aur residue management bohat important hotay hain.
W403,Barani ilaqe mein sirf barish ke pani par wheat manage karne ke tips bata dein.,roman_ur,wheat,irrigation,"Barani ilaqay mein maximum moisture conserve karein, sowing barish ke baad karein, weed control jaldi karein aur unnecessary tillage se parheiz karein."
W404,Kya mulching se barani gandum ki survival behtar ho jati hai?,roman_ur,wheat,irrigation,"Ji haan, mulching se barani gandum ki survival behtar hoti hai kyun ke pani kam zaya hota hai aur temperature moderate rehta hai."
W405,Gandum ke khet mein mixed weeds (narrow + broad leaf) hon to kaunsa spray karun?,roman_ur,wheat,weed_control,Mixed weeds ke liye tank mix ya broad‑spectrum product use kar sakte hain jo narrow aur broad‑leaf dono per asar karein; label aur local mashwara follow karein.
W406,Herbicide spray se pehle moisture condition kaisi honi chahiye gandum mein?,roman_ur,wheat,weed_control,"Herbicide spray se pehle soil mein halki surface moisture ho, bohat sukhi ya pani se bhari condition dono avoid karein taa ke asar behtar ho."
W407,Gandum mein split dose DAP dena behtar hai ya sari bone pe hi dalun?,roman_ur,wheat,fertilizer,"Aksar DAP ka main hissa bone per diya jata hai; kuch systems mein thori split dose possible hai, lekin local recommendation follow karna behtar hai."
W408,Phosphorus ki kami se gandum ke pattay aur roots par kya asar hota hai?,roman_ur,wheat,nutrient_deficiency,"Phosphorus ki kami se jadain kamzor, plants chhote, pattay purple ya dark green tinge ke sath aur tillering kam hoti hai."
W409,Gandum ki fasal mein micronutrient mix spray karne ka best stage kya hai?,roman_ur,wheat,nutrient_deficiency,"Micronutrient mix ka best stage aam tor par tillering se pehle ya early stem elongation hai, jab leaves actively grow kar rahe hon."
W410,Agar mere paas sirf nehr ka pani ho aur schedule irregular ho to wheat kaise bachaoon?,roman_ur,wheat,irrigation,"Pani kam ho to sirf critical stages per thora pani dein, channels aur field leveling behtar karein aur over‑irrigation se bilkul bachain."
W411,"Gandum ke pattay curl ho rahe hain, ye disease hai ya sucking insect ka asar?",roman_ur,wheat,pest,"Curling sucking insects, viruses ya kuch nutrient issues se ho sakti hai; pehle aphids/whiteflies check karein, zarurat par insecticide aur deficiency diagnosis karein."
W412,Rust resistant varieties lagane ke bawajood thori rust aa jaye to kya spray karun?,roman_ur,wheat,disease,"Rust resistant variety par thori bohat rust aye to bhi systemic fungicide ka jaldi spray, khas tor par high pressure area mein, faidemand hota hai."
W413,Loose smut se bachne ke liye purane beej ko discard karna zaruri hai?,roman_ur,wheat,disease,Bohat zyada infected fields ka seed reuse na karna behtar hai; certified ya healthy seed aur proper seed treatment future smut se bachne ka best tareeqa hai.
W414,Karnal bunt wali gandum ko market mein bechte waqt kya mushkilat hoti hain?,roman_ur,wheat,market_price,Karnal bunt wali gandum ko quality ke masail ki wajah se kam rate milta hai ya kabhi kabhi reject bhi kiya jata hai; grading aur separate storage zaruri hai.
W415,"Climate change ki wajah se sowing window short ho rahi hai, gandum ke liye kya strategy ho?",roman_ur,wheat,weather_risk,"Strategy mein sowing window ko thora adjust karna, short duration varieties istemal karna, moisture conservation, residue cover aur timely irrigation shamil hain."
W416,Gandum ki seed treatment karte waqt beej geela karna chahiye ya dry hi rakhein?,roman_ur,wheat,disease,Kuch fungicides slurry method mein thora pani ke sath mix kar ke beej coat karte hain; kuch dry formulation direct lagti hai; label per diya gaya tareeqa follow karein.
W417,Beej treatment ke liye slurry method aur dry treatment mein kya farq hai gandum mein?,roman_ur,wheat,disease,"Slurry mein beej ko halka geela kar ke chemical chipkaya jata hai, jab ke dry treatment mein powder direct beej per lagta hai; dono ka method label se dekh kar apnain."
W418,Agar combine ki setting theek na ho to wheat harvest mein kaun kaun se losses hote hain?,roman_ur,wheat,harvest,"Galat setting se grain toota, adhura thresh hoga, bhosa aur dana mix hoga ya shattering zyada hogi; har field se pehle combine ko adjust karna zaroori hai."
W419,Combine harvester operate karne se pehle kisan ko kya basic cheezen check karni chahiye?,roman_ur,wheat,machinery,"Combine start se pehle drum speed, concave gap, fan speed, seives, leaks, tyres aur safety guards sab check karein taa ke loss aur accident dono kam hon."
W420,Gandum ka bhoosa fodder ke tor pe use karne ke liye koi khaas recommendation hai?,roman_ur,wheat,harvest,"Bhoosa achha dry ho, fungus se paak ho aur zyada mitti ya plastic na mila ho; phir ise cattle ke ration ka hissa ya TMR mein istemal kar sakte hain."
W421,Gandum ke dana ki grading karke achi quality ka rate kaise barha sakte hain?,roman_ur,wheat,market_price,"Grading se uniform size aur clean grain milta hai, jisse premium buyers zyada rate denay ke liye tayar hotay hain, khas tor pe flour mills."
W422,Chhote kisan ke liye collective storage system gandum ke liye kitna faidemand hai?,roman_ur,wheat,harvest,"Collective storage se badi quantity ek jaga secure rakhi ja sakti hai, jis se storage cost aur loss kam hote aur bargaining power barh jati hai."
W423,Gandum ke danay mein fungus aajaye to usay khanay ke liye unsafe kab samajhna chahiye?,roman_ur,wheat,harvest,"Agar fungus zyada ho, black molds ya badbu ho to aise dana insan ya janwar ke liye unsafe ho sakta hai; aise grain ko feed ya food se alag rakhain."
W424,Soil organic matter barhane se wheat ke yield par kitna asar parta hai?,roman_ur,wheat,general_info,"Organic matter barhne se soil structure behtar hota, pani zyada der tak rehta aur nutrients slow release hotay, jis se long‑term wheat yield stable rehti hai."
W425,Green manure fasal bone ke baad gandum lagane ka kya faida hai?,roman_ur,wheat,general_info,"Green manure fasal se zameen mein organic matter aur kuch nutrients wapas ate hain, jis se aglay wheat crop ki health aur yield dono behtar hoti hain."
W426,Kya short duration wheat varieties climate risk kam karne mein madadgar hain?,roman_ur,wheat,weather_risk,"Short duration varieties terminal heat aur late sowing ke risk ko kuch had tak kam kar deti hain, kyun ke ye jaldi mature ho jati hain."
W427,Terminal heat ke khilaf tolerant wheat varieties kaun si mashhoor hain?,roman_ur,wheat,weather_risk,Terminal heat tolerant varieties ka election research institutes ki list se karein; ye high temperature ke bawajood relatively behtar dana bhar sakti hain.
W428,Barani ilaqon mein contour farming se gandum mein pani bachaya ja sakta hai?,roman_ur,wheat,irrigation,"Contour farming se barish ka pani dheema ho kar soak hota hai, jis se erosion kam aur moisture conservation zyada hoti hai, barani wheat ke liye faidemand hai."
W429,Kya ex-bore well ka thora sa khara pani wheat ke initial stages pe hi use karun?,roman_ur,wheat,irrigation,Agar pani zyada salty ho to early stages mein bhi ehtiyat zaroori hai; behtar hai blend karein ya sirf jab salt level safe ho tab hi istamal karein.
W430,Integrated pest management wheat ke liye step by step samjha dein.,roman_ur,wheat,pest,"IPM mein regular scouting, threshold based spray, resistant varieties, crop rotation, weeds ka control, beneficial insects ka khayal aur minimum broad‑spectrum insecticide shamil hain."
W431,IPM mein pheromone traps ka role wheat mein hai ya nahi?,roman_ur,wheat,pest,"Wheat mein pheromone traps kuch specific pests ke monitoring ke liye use ho sakte hain, lekin main role cotton ya orchard jaisi fasoalon mein zyada hota hai."
W432,Agriculture extension office se gandum ka mashwara lene ka tareeqa kya hai?,roman_ur,wheat,general_info,"Nearest agriculture extension office ka pata karein, wahan par field staff hoti hai jo muft mashwara, field visit aur training provide kar sakti hai."
W433,Kya koi toll free number hai jahan wheat kisan apni problem pooch sakta hai?,roman_ur,wheat,general_info,Kuch provinces ne toll free helplines banai hui hain jahan kisan apni problem bata kar mashwara le sakta hai; number local agri office se pooch sakte hain.
W434,Agar gandum ka beej kam ho to kya plant spacing thora barha sakta hoon?,roman_ur,wheat,sowing,Agar beej kam ho to spacing thori barha sakte hain lekin itna nahi ke bohat bade gaps ban jain; overall recommended plant population ko target karein.
W435,Overcrowded wheat field mein thinning karna faidemand hota hai ya nahi?,roman_ur,wheat,sowing,"Agar field bohat ghani ho aur lodging ka khatra ho to halka thinning faida de sakta hai, lekin aam tor pe wheat mein large‑scale thinning kam hi ki jati hai."
W436,Gandum ki fasal mein ratoon crops lagane ka koi concept hai?,roman_ur,wheat,general_info,"Wheat ratoon crop aam tor pe nahi li jati; aksar ratoon system sugarcane ya kuch fodder fasoalon mein hota hai, wheat mein nahi."
W437,Sequential cropping mein wheat ke baad kaun si fasal zyada munasib rehti hai?,roman_ur,wheat,general_info,"Wheat ke baad chana, mash, mashki daal ya oilseeds jaisi non‑cereal fasal achhi hoti hai jo soil ko rest aur nitrogen provide karti hain."
W438,Wheat straw ko baler se bale bana kar store karne ke kya faide hain?,roman_ur,wheat,harvest,"Baler se bale bana kar straw ko aasani se store aur transport kiya ja sakta hai, jis se fodder business ya dairy farms ko supply asan hoti hai."
W439,Baled straw ki market demand aur rate kisan ke liye kaisa hota hai?,roman_ur,wheat,market_price,Baled straw ki demand dairy aur livestock farms mein hoti hai; agar supply chain acchi ho to kisan ko acha additional income mil sakta hai.
W440,Gandum ke beej ki germination test ghar pe kaise kar sakta hoon?,roman_ur,wheat,sowing,"Chhota germination test karein: 100 dana geelay kapray par rakhein, kuch din baad germinated seeds gin kar percentage nikal lein."
W441,Wheat crop insurance ki facility Pakistan mein available hai ya nahi?,roman_ur,wheat,subsidy_loan,Kuch insurance schemes fasoalon ke liye mojood hain lekin availability province aur program per depend karti hai; bank ya agri office se detail lein.
W442,Kya cooperative society bana kar gandum collectively bechna behtar rahega?,roman_ur,wheat,market_price,Cooperative society se bulk selling aur bargaining power barhti hai; agar management strong ho to collectively bechna individual selling se behtar rate de sakta hai.
W443,Gandum ki seed rate aur row spacing adjust karke mechanized harvesting ko asan kaise banayein?,roman_ur,wheat,machinery,"Seed rate aur row spacing aise adjust karein ke har row ke darmiyan sufficient jagah ho combine ke liye, lekin canopy bhi jaldi close ho."
W444,Precision agriculture tools wheat ke liye chhote kisaan use kar sakte hain?,roman_ur,wheat,general_info,"Precision tools (soil sensors, GPS, apps) chhote kisaan ko khaad aur pani zyada sahi jagah aur waqt per dene mein madad kar sakte hain, agar un tak access ho."
W445,Drone se wheat mein spray karne ke faide aur nuqsan kya hain?,roman_ur,wheat,machinery,"Drone spray se uniform coverage aur kam time lagta hai, lekin cost, regulations aur drift ka khatra hota hai; certified operator aur proper calibration bohat zaroori hai."
W446,"Kal se bohat tez hawa chal rahi hai, kiya wheat ko kisi khas protection ki zarurat hai?",roman_ur,wheat,weather_risk,"Tez hawa mein pani aur spray dono se parheiz karein, lodging ka khayal rakhein aur zyada pani na dein; hawa rukne par hi sensitive operations karein."
W447,Barf jaisi thand padne se young wheat seedlings per kya asar aata hai?,roman_ur,wheat,weather_risk,"Bohat sakht sardi ya frost se young seedlings ka nuksan ho sakta hai; sahi sowing time, moisture management aur kuch halat mein residue cover protection de sakta hai."
W448,Gandum ki fasal mein standing water ka kitne ghante se zyada rehna nuqsan deh hai?,roman_ur,wheat,irrigation,"Agar pani bohat dair khara rahe to jadain saans nahi le sakti, plants zard aur kamzor ho jate aur aakhir kar yield bohat kam ho jati hai."
W449,Agar weedicide spray ke turant baad barish ho jaye to kya dobara spray karna hoga?,roman_ur,wheat,weed_control,Agar turant tez barish ho jaye to spray ka kuch hissa dhul sakta hai; agar weeds abhi bhi zinda aur active hon to mozu khtam hone par respray ki zarurat ho sakti hai.
W450,Gandum mein hand hoeing aur mechanical weeding ko combine karna behtar strategy hai?,roman_ur,wheat,weed_control,"Haan, pehle mechanical ya hand weeding se bari weeds nikal dein, phir chhoti weeds ke liye herbicide spray karein; dono ko milakar behtar control milta hai."
W451,Organic wheat ke liye pest control mein neem oil waqai effective hai ya nahi?,roman_ur,wheat,pest,"Neem oil kuch soft bodied pests par kaam karta hai lekin asar slow hota hai; IPM system mein isay support tool ki tarah use karein, solo solution na samjhein."
W452,Gandum ke khet mein strip cropping se soil erosion kum ho sakta hai?,roman_ur,wheat,general_info,"Strip cropping se hawa ki raftaar kam, pani ka behao slow aur soil erosion kum ho jata hai, jo barani aur dhalaan wali zameen par wheat ke liye faidemand hai."
W453,Kya alley cropping system wheat ke saath adopt kiya ja sakta hai?,roman_ur,wheat,general_info,Alley cropping mein trees ya shrubs ke darmiyan wheat ugai jati hai; agar shade aur pani ka competition manage ho jaye to ye system sustainable ho sakta hai.
W454,Zero till drill rent pe lene ka aam rate kitna hota hai per acre?,roman_ur,wheat,machinery,"Rent area, machine type aur region per depend karta hai; aam tor pe per acre set rate hota hai jo local market se maloom kar sakte hain."
W455,Custom hiring center se gandum ki machinery kaise book karun?,roman_ur,wheat,machinery,"Custom hiring center per pehle se booking karein, date, time, rate aur fuel arrangement clear karein taa ke operation time par delay na ho."
W456,Gandum ke liye balanced fertilization ke principle ko simple alfaaz mein samjha dein.,roman_ur,wheat,fertilizer,"Balanced fertilization ka matlab hai soil test ke mutabiq jitni zaroorat ho utni khaad dena, na zyada na kam, taa ke yield bhi achhi aur environment bhi safe rahe."
W457,Soil test report milne ke baad wheat ke liye khaad ka plan kaise banun?,roman_ur,wheat,fertilizer,Soil test report par har nutrient ki level likhi hoti hai; us ke mutabiq extension ya fertilizer guide se dose tay kar ke field wise khaad plan banayein.
W458,Gandum ki seed bed preparation mein one pass implement use karna faidemand hai?,roman_ur,wheat,machinery,"One pass implement se ek hi chakkar mein ploughing, harrowing aur leveling ho jata hai, jis se diesel, waqt aur moisture dono bach jate hain."
W459,Late harvested rice ke baad wheat sowing ke liye kaun si fast maturing variety best hai?,roman_ur,wheat,sowing,Late rice harvest ke baad fast maturing aur heat tolerant wheat variety choose karein jo chhote duration mein bhi grain filling complete kar sake.
W460,Climate smart agriculture ke context mein wheat ke liye top 5 practices bata dein.,roman_ur,wheat,weather_risk,"Top 5 practices: timely sowing, conservation tillage/residue retention, stress tolerant varieties, efficient water use aur balanced khaad based on soil testing."
W461,Gandum mein per acre labour requirement kitni hoti hai agar mechanization kam ho?,roman_ur,wheat,general_info,"Agar mechanization kam ho to har stage per kitni labour chahiye ye plan karein; land prep, sowing, weeding, irrigation aur harvest ke liye family schedule banayein."
W462,Family labour ko efficiently use karne ke liye wheat operations ka schedule kaise banun?,roman_ur,wheat,general_info,"Kaam ko weeks mein tod kar list banayein, har member ko zimmedari dein aur busy days (harvest, irrigation, spray) ke liye pehle se arrangement karein."
W463,Gandum ke khet mein border strips bana kar irrigation karne ke faide kya hain?,roman_ur,wheat,irrigation,"Border strips se pani uniform phailta, channel losses kam hotay aur irrigation ka control behtar hota hai, jis se wheat ki growth uniform rehti hai."
W464,Tube well ka pani zyada salty ho to wheat ke liye blending strategy kya ho sakti hai?,roman_ur,wheat,irrigation,"Salty tube well pani ko meetha pani ke sath mix karein, field ko flush karein, gypsum ya soil amendments use karein aur zyada depth tak pani na khara rehne dein."
W465,Harvest ke baad field burning se next wheat crop per kya nuqsan parta hai?,roman_ur,wheat,general_info,"Field burning se organic matter jal jata, soil life nuksan hoti aur environmental pollution barhta hai; aglay crop ke liye soil aur climate dono kamzor ho jate hain."
W466,Residue burning ke bajaye conservation agriculture adopt karne ke faide gandum ke liye kya hain?,roman_ur,wheat,general_info,"Conservation agriculture mein residues ko jalane ke bajaye zameen par chhor diya jata hai, jisse moisture, organic matter aur soil structure sab behtar hote hain."
W467,Gandum ke liye recommended plant protection products ki approximate cost per acre kitni banti hai?,roman_ur,wheat,disease,Per acre cost product selection aur sprayon ki tadaad per depend karti hai; estimate ke liye local dealer ya agri extension se typical spray program ka kharcha pooch sakte hain.
W468,Input costs barhne ke bawajood wheat profit maintain karne ke liye kya strategy ho sakti hai?,roman_ur,wheat,market_price,"Cost barhne par bhi profit maintain karne ke liye inputs ko target karein, waste kam karein, better market access hasil karein aur unnecessary operations se parheiz karein."
W469,Gandum farm gate pe bechun ya mandi le jaa kar? Kaun sa option behtar rate deta hai?,roman_ur,wheat,market_price,Agar mandi ka rate acha ho aur transport manageable ho to mandi behtar hoti hai; agar door ho aur cost zyada ho to farm gate per group selling consider karein.
W470,Grain quality improve karke premium market tak pohanchne ke liye wheat kisan kya karein?,roman_ur,wheat,market_price,"Quality sudhar kar ke aap specialty buyers, flour mills ya premium markets tak pohanch sakte hain jo saaf, graded, high‑protein wheat ke liye zyada rate dete hain."
W471,Hybrid wheat aur normal varieties mein kya farq hota hai yield aur cost ka?,roman_ur,wheat,general_info,"Hybrid wheat aam tor pe zyada yield potential deti hai lekin beej mehnga, management demanding aur har saal naya beej lenna parta hai; local halat ke mutabiq faisla karein."
W472,Kya hybrid wheat Pakistan ke conditions ke liye recommend ki jati hai?,roman_ur,wheat,general_info,Pakistan ke kai ilaqon mein abhi bhi conventional improved varieties zyada common hain; hybrid ka faisla karne se pehle local trials aur economics zaroor dekhein.
W473,Wheat seed production apne farm pe karne ke liye kya standards follow karne chahiye?,roman_ur,wheat,sowing,"Seed production ke liye isolation distance, rouging (off‑type nikalna), healthy crop, sahi harvest aur proper cleaning/storage zaroori hai."
W474,AgriSmart jaisa digital assistant ground level wheat farmers ko kaise help kar sakta hai?,roman_ur,wheat,general_info,"AgriSmart jesa digital assistant weather, best practices, disease alerts aur market info real time de kar decision making asaan banata hai."
W475,Wheat ke liye ek simple calendar bana dein jo mahina dar mahina kaam bataye.,roman_ur,wheat,general_info,"Simple calendar mein mahina dar mahina kaam likhein: sowing month, weeding, first/second irrigation, topdressing, plant protection aur harvest ke mahine clear karein."
W476,Gandum ki ear emergence ke dauran agar pani kam mil jaye to kya asar hota hai?,roman_ur,wheat,irrigation,"Ear emergence ke douran pani kam ho to spike chhoti, grains kam aur light ho jate hain, jis se overall yield kam hoti hai."
W477,Heading stage par tez garm hawa se wheat ko bachane ke liye kya kiya ja sakta hai?,roman_ur,wheat,weather_risk,"Sahi sowing time, irrigation scheduling aur residue cover se kuch had tak protection mil sakti hai; extreme conditions mein risk phir bhi rehta hai."
W478,Gandum mein split irrigation se water use efficiency kaise barh jati hai?,roman_ur,wheat,irrigation,"Split irrigation se pani zaya kam hota, roots ko bar bar oxygen milti aur har critical stage per adequate moisture milne se yield behtar hoti hai."
W479,Saline sodic soils mein wheat grow karne ke liye gypsum use karna zaruri hai?,roman_ur,wheat,general_info,Saline sodic soils mein gypsum sodic exchangeable sodium ko kam karne mein madad karta hai; soil test aur expert advice ke mutabiq dose tay karein.
W480,Gandum ki fasal ke liye foliar urea spray kitni bar kiya ja sakta hai?,roman_ur,wheat,fertilizer,"Foliar urea spray limited martaba, kum concentration per, cool hours mein karein; bohat frequent ya heavy spray se leaf burn ka khatra hota hai."
W481,Head scab jesi disease agar nazar aaye to wheat mein kya ilaaj hai?,roman_ur,wheat,disease,"Head scab per recommended fungicide flowering ke qareeb spray karein, moisture aur humidity control karein aur infected straw/ears ko management se hatayein."
W482,Gandum ki fasal mein stray dogs ya pigs se nuksan ko kaise roka jaye?,roman_ur,wheat,general_info,"Boundary fencing, collective community watch, raat ka guard aur kuch deterrents jaise lights ya noise stray animals aur pigs se bachao mein madad karte hain."
W483,Wheat straw ko mushroom cultivation ke liye use karne ka koi faida kisan ko mil sakta hai?,roman_ur,wheat,harvest,Mushroom companies kabhi kabhi straw ke liye paise deti hain; agar aap ke paas access ho to ye additional income ka acha zaria ho sakta hai.
W484,Gandum ke danay ko seed ke tor pe store karne ke liye moisture level kitna rakhein?,roman_ur,wheat,harvest,"Seed ke tor par storage ke liye moisture bohat low rakhni chahiye, aam tor pe 12% ke aas paas ya is se kam, taa ke germination lamba arsa intact rahe."
W485,Kya pre-emergence herbicide wheat mein lagane se broadleaf weeds kam ho jati hain?,roman_ur,wheat,weed_control,"Pre‑emergence herbicide se early emerging broadleaf aur kuch grassy weeds control ho jate hain, lekin correct dose, moisture aur timing bohat zaroori hai."
W486,Pre-emergence aur post-emergence weed control strategies ko mix kar sakta hoon gandum mein?,roman_ur,wheat,weed_control,"Haan, kai programs mein pehle pre‑emergence aur baad mein post‑emergence spray use hota hai; lekin product selection aur interval local mashwaray se hi karein."
W487,Gandum ke liye mechanical weeder rent pe mil jaye to uska istemal kaise karun?,roman_ur,wheat,machinery,Mechanical weeder ko rows ke darmiyan chalaya jata hai; soil ko halka sa hilata aur weeds ko ukhadta hai; crop ko nukhsan se bachane ke liye speed aur depth ka khayal rakhein.
W488,Biopesticides wheat pests ke khilaf kitne effective hote hain ground reality mein?,roman_ur,wheat,pest,"Biopesticides kuch pests par kaam karte hain magar asar slow hota; IPM ka hissa bana kar istamal karein, single solution samajh kar nahi."
W489,"Non-chemical disease management, jaise resistant variety + crop rotation, wheat mein kitni kaamyaab hai?",roman_ur,wheat,disease,"Non‑chemical methods akelay har halat mein kaafi nahi, lekin resistant varieties aur rotation se disease pressure kaafi kam ho jata hai aur spray need kam hojati hai."
W490,Gandum ke liye conservation tillage adopt karne se diesel cost kitni kam ho sakti hai?,roman_ur,wheat,machinery,"Conservation tillage se tractor passes kam hotay, jis se diesel aur mehnat dono bachat hoti hai; exact bachat aap ke purane system per depend karti hai."
W491,Community tube well system se wheat irrigation ko schedule karna behtar rahega?,roman_ur,wheat,irrigation,"Community tube well se schedule coordinate kar ke har kisan ko critical stage par pani mil sakta hai, lekin management aur cooperation bohat important hai."
W492,Wheat–cotton rotation mein soil health ke liye kya extra measures zaruri hain?,roman_ur,wheat,general_info,"Wheat–cotton rotation mein organics, balanced khaad, deep tillage kabhi kabhi aur residue management se soil health maintain rakhni chahiye."
W493,"Gandum ke liye high input high output model ya low input moderate output, kaunsa zyada sustainable hai?",roman_ur,wheat,general_info,High input high output zyada risk wala hai; low input moderate output sustainable ho sakta hai agar soil aur paani resources limited hon; local halat dekh kar model choose karein.
W494,Rainfed wheat ke liye supplemental irrigation agar ek hi dafa milay to kis stage par deni chahiye?,roman_ur,wheat,irrigation,Agar sirf aik supplemental irrigation ho to use flowering ya grain filling kee qareeb dena sab se zyada faidemand rehta hai.
W495,Gandum ke khet mein beesaur ya wild oats nikal aaye to unka khas control kya hai?,roman_ur,wheat,weed_control,"Beesaur ya wild oats ke liye specific grass herbicides istemal ki jati hain jo un weeds ko target karti hain, sath hi early detection aur timely spray zaroori hai."
W496,Wheat harvesting ke liye custom harvester ko book karte waqt kis cheez ka khayal rakhu?,roman_ur,wheat,harvest,"Custom harvester book karte waqt rate, available date, machine ki condition, operator ka tajurba aur field size sab clear karein taa ke harvest smooth ho."
W497,Kya group farming model se wheat production cost share karke kam ki ja sakti hai?,roman_ur,wheat,general_info,"Group farming se inputs bulk mein saste, machinery shared aur marketing strong hoti hai; agar trust aur management theek ho to cost per acre kam ho sakti hai."
W498,Kisan cooperative bank se wheat ke liye seasonal loan lene ka procedure kya hai?,roman_ur,wheat,subsidy_loan,"Cooperative ya kisan bank se seasonal loan ke liye aap ko documents (CNIC, zameen ke kaghazat, crop plan) ke sath application deni hoti hai; staff aap ko detail samjhayega."
W499,Contract farming company ke saath wheat ugane ka agreement karne se pehle kya dekhun?,roman_ur,wheat,market_price,"Contract mein rate, quality standards, delivery time aur penalty clauses dhyan se parhein; sirf reputable company se likhti agreement karein, zabani waadon par itimad na karein."
W500,Future mein climate change ki wajah se wheat sowing aur harvesting pattern kis tarah badal sakta hai?,roman_ur,wheat,weather_risk,"Climate change se sowing window shift, extreme weather aur heat/frost events barh sakte hain; future mein jaldi ya short duration varieties aur flexible harvest plans zaroori ho jain ge."
W501,What is the ideal plant population of wheat under zero tillage?,en,wheat,general_info,"Under zero tillage, the ideal plant population is similar to conventional wheat: a uniform, moderately dense stand that fully covers the soil without excessive crowding; in practice you follow your region’s recommended seed rate and check that there are no large gaps between rows."
W502,How can I adjust wheat seed rate when using very wide drills?,en,wheat,sowing,When using very wide drills you can slightly increase total seed rate and ensure secondary outlets are not blocked so that seed distribution stays uniform across the full drill width; always calibrate by catching seed from each pipe before sowing.
W503,Is it okay if my wheat seed is two years old but stored well?,en,wheat,sowing,"If the seed was stored cool, dry, insect‑free and still has high germination when tested, two‑year‑old seed can be used, but it is safer to increase the seed rate a little and avoid using very old or poorly stored seed for commercial fields."
W504,How do I check wheat seed vigor apart from germination percentage?,en,wheat,sowing,"Apart from germination percentage you can do a simple vigor test by checking speed and uniformity of germination, seedling length and root development in a paper towel or sand test; strong, fast, uniform seedlings indicate good vigor."
W505,Can I sow wheat in standing cotton with a happy seeder type machine?,en,wheat,machinery,"Yes, happy seeder or similar machines can sow wheat into standing cotton or rice residues if residue load is manageable and machine is correctly adjusted; ensure proper cutting of residues and that seed is placed at correct depth in moist soil."
W506,Does deep ploughing before wheat help in controlling deep rooted weeds?,en,wheat,weed_control,"Deep ploughing once in summer can help uproot some deep‑rooted perennial weeds and expose them to sun, but for long‑term control you also need crop rotation, timely weeding and, where appropriate, suitable herbicides."
W507,What are the advantages of reduced tillage for wheat in heavy soils?,en,wheat,general_info,"Reduced tillage in heavy soils can save fuel and time, improve soil structure and organic matter, reduce erosion and preserve soil moisture, but residue handling and weed control must be carefully managed for good wheat establishment."
W508,Should I roll the field after sowing wheat to improve seed-soil contact?,en,wheat,sowing,"Light rolling after sowing can improve seed–soil contact and germination, especially in loose, fluffy soil, but heavy rolling on wet soil can cause crusting and reduce emergence, so it should be used carefully."
W509,Can I mix wheat seed with fertilizer in the hopper of seed-cum-fertilizer drill?,en,wheat,machinery,"You should not mix seed directly with fertilizer in the same hopper unless the drill is specifically designed for it, because some fertilizers can damage seed or cause uneven distribution; use separate seed and fertilizer boxes with proper placement."
W510,How to manage uneven germination in my wheat field?,en,wheat,general_info,"Uneven germination is usually due to variable seed depth, moisture or seed quality; check drill calibration, land leveling, soil moisture at sowing and seed health, and correct these issues in future sowings."
W511,What are the signs that my wheat crop is getting too much nitrogen?,en,wheat,fertilizer,"Too much nitrogen often makes wheat very dark green, excessively tall and lush with soft stems, more lodging and more foliar disease, especially if combined with high plant density and heavy irrigation."
W512,Can I replace some urea in wheat with organic nitrogen sources?,en,wheat,fertilizer,"You can partially replace urea with well‑decomposed manures, compost or other organic N sources, but you still need to balance total N supply and timing; organics release N slowly, so they are best combined with some mineral fertilizer."
W513,Is split application of phosphorus in wheat useful or not?,en,wheat,fertilizer,"Phosphorus is usually most effective when placed at sowing near the seed, but in some systems a small split (some basal and some early topdressed or banded) can improve availability; follow soil test and local advice rather than eliminating basal P."
W514,How important is sulfur fertilization for wheat yield and quality?,en,wheat,fertilizer,"Sulfur helps protein formation and improves grain quality; in S‑deficient soils, applying sulfur with wheat fertilizers can increase yield and grain protein, but in non‑deficient soils extra S may not give much benefit."
W515,Can I use foliar urea sprays to partially replace soil nitrogen in wheat?,en,wheat,fertilizer,"Foliar urea sprays can supplement soil nitrogen and temporarily boost leaf N, but they cannot fully replace soil applications; they are most useful as a corrective measure or fine‑tuning close to critical growth stages."
W516,Why is my wheat looking dark green and very tall but yield is low?,en,wheat,fertilizer,"Very tall, dark green plants with low yield usually indicate too much nitrogen, late N application, lodging, or unbalanced nutrition where vegetative growth is favored over grain filling; check N rate, timing and overall fertility balance."
W517,Do micronutrient mixtures really increase wheat yield or just correct deficiencies?,en,wheat,nutrient_deficiency,"Micronutrient mixtures mainly help where true deficiencies exist; in deficient fields they can increase yield, but in already adequate soils they usually just correct minor shortages rather than giving large additional yield."
W518,How can I tell if my wheat is suffering from boron deficiency?,en,wheat,nutrient_deficiency,"Boron deficiency can cause poor grain set, distorted or brittle growing points, and sometimes empty or partially filled spikes; a soil or tissue test and local diagnostic guides are the best way to confirm it."
W519,Does balanced fertilization in wheat help reduce disease pressure?,en,wheat,fertilizer,"Yes, balanced fertilization gives healthier plants with stronger tissues and better root systems, which often reduces susceptibility to some diseases compared with plants that are over‑fertilized with nitrogen or seriously nutrient‑deficient."
W520,What fertilizer changes should I make in wheat after a heavy legume crop?,en,wheat,fertilizer,"After a heavy legume crop you can often slightly reduce nitrogen fertilizer for wheat, because legumes leave some residual N, but phosphorus and other nutrients should follow soil test and normal wheat recommendations."
W521,"How can I reduce lodging in high nitrogen, high density wheat fields?",en,wheat,general_info,"To reduce lodging, avoid excessive nitrogen, keep plant population within recommended limits, irrigate carefully around heading, and select varieties with stronger, shorter straw more suitable for high‑input conditions."
W522,Can I use a plant growth regulator in wheat to control lodging?,en,wheat,general_info,"In some intensive systems, approved plant growth regulators are used to shorten stems and reduce lodging, but they must be used very carefully at recommended stages and doses, and only where locally recommended."
W523,Is it safe to spray herbicide in wheat when temperatures are very low?,en,wheat,weed_control,Spraying herbicide in very low temperatures can slow weed kill and increase crop stress; it is better to spray when temperatures are within the product’s recommended range and plants are actively growing.
W524,How close to rain can I spray herbicide in wheat without losing effect?,en,wheat,weed_control,"Most herbicides need a few rain‑free hours to be absorbed; spraying very close to rain can wash them off and reduce effect, so try to spray when at least several hours of dry weather are expected."
W525,Does very cold weather slow down herbicide activity in wheat weeds?,en,wheat,weed_control,"Yes, very cold weather usually slows plant metabolism and reduces herbicide uptake and action, so weeds may die more slowly or survive; wait for mild conditions when possible for best results."
W526,What is the best time of day to spray herbicide in wheat fields?,en,wheat,weed_control,"The best time is usually early morning or late afternoon when wind is low, temperature moderate and plants are not under midday heat stress, which helps reduce drift and crop injury."
W527,How can I manage herbicide-resistant weeds in my wheat rotation?,en,wheat,weed_control,"Rotate crops, rotate herbicide modes of action, avoid repeated use of the same product, control survivors by hand or mechanical weeding, and use integrated methods like crop rotation and competitive varieties."
W528,Can I rotate herbicides between wheat seasons to avoid resistance?,en,wheat,weed_control,"Yes, rotating herbicides with different modes of action between seasons and within rotations is a key strategy to delay resistance; always follow label information on herbicide group or mode of action."
W529,My wheat shows yellowing only in patches; should I suspect disease or nutrient?,en,wheat,nutrient_deficiency,"Patchy yellowing can be due to nutrient deficiency, poor drainage or localized disease; compare soil conditions, check for pests and look at leaf symptoms closely, and if needed do a soil or tissue test in those patches."
W530,How to confirm leaf rust in wheat with a simple on-farm check?,en,wheat,disease,"Leaf rust typically shows small orange‑brown powdery pustules mainly on upper leaf surfaces; if wiping with a finger leaves orange powder, it strongly suggests rust rather than simple spots."
W531,Can I delay fungicide spray in wheat if rust level is still very low?,en,wheat,disease,"If rust is present even at low levels and weather is favorable, it can spread quickly; small delays can be risky, so most recommendations favor early, timely spray rather than waiting too long."
W532,What is the ideal spray volume for fungicides in wheat to cover all leaves?,en,wheat,disease,"Fungicides usually work best at moderate volumes that thoroughly wet leaves, often around 100–200 liters per acre with good nozzles, but you should follow the label and local recommendations for your sprayer type."
W533,Should I spray fungicide on wheat in the morning or evening for best results?,en,wheat,disease,"Spraying in the early morning or late afternoon is generally better, when wind and temperature are moderate and evaporation is lower, helping the fungicide stay on the leaves and work well."
W534,How far apart should two fungicide sprays in wheat be kept under high rust pressure?,en,wheat,disease,"Under high rust pressure, intervals of around 10–14 days between two sprays are common, but exact timing depends on product residual life, weather conditions and disease progress."
W535,Can I skip fungicide in wheat if I grow only resistant varieties?,en,wheat,disease,"Even with resistant varieties it is unwise to completely ignore rust; resistance can break and some varieties are only partially resistant, so monitoring and occasional fungicide use may still be needed."
W536,What non-chemical methods can reduce wheat disease besides fungicides?,en,wheat,disease,"Non‑chemical methods include using resistant varieties, crop rotation, balanced fertilization, timely sowing, removal of volunteer wheat and residue management to reduce disease inoculum."
W537,How can crop residue from previous wheat increase disease in the next crop?,en,wheat,disease,Infected residues left on the soil surface can harbor fungal spores which infect the next crop; managing or partially incorporating residues and rotating crops can reduce this carryover.
W538,Does sowing wheat too dense increase disease problems like rust and leaf spots?,en,wheat,disease,"Yes, very dense stands with poor air movement and heavy dew tend to favor foliar diseases like rust and leaf spots, especially when combined with high N and humid conditions."
W539,Can late nitrogen topdressing increase wheat disease severity?,en,wheat,fertilizer,"Very late nitrogen topdressing that leaves leaves lush and green for longer can favor some diseases, so N should be applied at the recommended stages and not pushed too late without reason."
W540,What are the common natural enemies of aphids in wheat fields?,en,wheat,pest,"Common natural enemies of aphids include ladybird beetles, lacewings, hoverfly larvae and parasitic wasps, all of which feed on aphids and help keep their populations in check."
W541,How do I know if aphid population in my wheat is beneficially controlled by predators?,en,wheat,pest,"If you see many predators and parasitized aphids (mummies) and aphid numbers stop increasing or start falling without spraying, it means natural enemies are providing good control."
W542,Can I use yellow sticky traps in wheat to monitor insect pests?,en,wheat,pest,"Yes, yellow sticky traps can be used in and around wheat fields mainly for monitoring flying insects, but they do not by themselves give strong control; they are a scouting tool."
W543,Is light trap useful for monitoring night flying pests in wheat?,en,wheat,pest,"Light traps can help monitor certain night‑flying moths and beetles, giving early warning of pest flights, but they are usually part of monitoring, not a full control method."
W544,How safe are systemic insecticides for natural predators in wheat?,en,wheat,pest,"Systemic insecticides can be more harmful to some natural enemies than selective products; using threshold‑based, targeted sprays and choosing selective chemistries where possible helps conserve beneficials."
W545,What precautions should I take while using granular insecticides in wheat?,en,wheat,pest,"Follow label instructions carefully, wear gloves when handling granules, avoid spilling them in water channels, and place them correctly in soil or furrows rather than on leaves or near homes and livestock."
W546,Why are termites more common in wheat after certain previous crops?,en,wheat,pest,"Some previous crops leave residues or soil conditions that favor termites, and lack of deep soil disturbance allows colonies to persist; stubble and root remains can also feed termite populations."
W547,How can deep summer ploughing help reduce wheat pest carryover?,en,wheat,pest,"Deep summer ploughing exposes termite tunnels, larvae and eggs to heat and predators, helping to reduce their numbers before the next wheat crop is planted."
W548,Can I reduce insecticide use in wheat by using pest thresholds properly?,en,wheat,pest,"Yes, using economic thresholds lets you spray only when pest levels are high enough to cause economic damage, avoiding unnecessary sprays and saving money and beneficial insects."
W549,Are seed dressing insecticides enough to control early pests in wheat?,en,wheat,pest,Seed dressings are very useful for early soil and seedling pests but may not be enough for later attacks; fields still need to be scouted and foliar or soil treatments used when needed.
W550,What is the safe wind speed limit for spraying in wheat fields?,en,wheat,general_info,"As a guide, spraying is usually avoided when wind is stronger than a gentle breeze; many labels suggest wind speeds under about 10–15 km/h to limit drift, but always follow local safety guidance."
W551,How can I reduce spray drift when using a high boom sprayer in wheat?,en,wheat,pest,"Lower the boom to the recommended height, use low‑drift nozzles, reduce pressure, avoid spraying in strong winds, and shut off sections promptly at headlands to reduce off‑target movement."
W552,Is it better to use coarse or fine droplets when spraying fungicide in wheat?,en,wheat,disease,"Slightly coarser droplets often reduce drift while still giving adequate coverage for fungicides; very fine droplets increase drift risk, so choose nozzle and pressure recommended for fungicide work."
W553,How frequently should I service my sprayer when spraying large wheat areas?,en,wheat,general_info,"Before every major spray campaign you should check nozzles, pressure gauge, filters and hoses, and during the season do regular quick checks to make sure output and pattern remain uniform."
W554,Can overlapping spray passes cause wheat leaf burn or phytotoxicity?,en,wheat,general_info,"Yes, repeated overlaps can double the dose in those bands, sometimes causing leaf burn or phytotoxicity; using GPS guidance, foam markers or careful driving helps minimize overlaps."
W555,What happens if I harvest wheat slightly earlier than full maturity?,en,wheat,harvest,"Harvesting slightly early means higher grain moisture, more drying needs and slightly lower test weight, but it can reduce shattering or storm risk if weather is turning unfavorable."
W556,How do I estimate wheat grain moisture in the field without a meter?,en,wheat,harvest,"You can bite or cut a few grains to feel hardness, use a simple home oven or sun‑drying test to see how much weight they lose, or compare grain condition with known maturity stages."
W557,What is the effect of delayed harvest on wheat shattering losses?,en,wheat,harvest,"Delayed harvest increases shattering and lodging risk, exposes grain to birds, insects and rain, and usually leads to lower net yield and poorer quality."
W558,How can I minimize broken grains when threshing wheat with a combine?,en,wheat,harvest,"Adjust cylinder speed and concave clearance correctly, avoid over‑threshing, keep feed rate steady, and maintain sieves and fans so that grains are separated without excessive cracking."
W559,What is the recommended threshing cylinder speed range for wheat?,en,wheat,harvest,"The best range depends on machine model, but generally moderate cylinder speeds are used for wheat; always follow the combine’s manual and start with recommended wheat settings, then fine‑tune in the field."
W560,How should I clean and disinfect storage godowns before filling wheat grain?,en,wheat,harvest,"Clean out dust and old grain, sweep and wash if needed, then spray or whitewash walls and floors with approved disinfectants or insecticides, and let the store dry and air out before filling with new grain."
W561,How often should I inspect stored wheat for insects and moisture issues?,en,wheat,harvest,"At least once every few weeks you should check stored wheat for insect activity, off‑odors, moisture patches or condensation, and more frequently during hot, humid periods."
W562,What low-cost methods can small farmers use to protect stored wheat grain?,en,wheat,harvest,"Low‑cost methods include good cleaning and drying, using double plastic liners inside bags, placing bags on pallets, using neem leaves or other traditional repellents, and regular manual inspection."
W563,Can I store wheat grain in metal drums; what precautions should I take?,en,wheat,harvest,"Yes, metal drums can work well if they are clean, completely dry, airtight and raised from the floor; fill only dry grain and check occasionally for sweating or rust."
W564,How can I avoid condensation and moisture problems in wheat storage bins?,en,wheat,harvest,"Fill only dry grain, avoid rapid temperature changes, leave some headspace, and ensure bins are well ventilated externally so warm moist air does not condense on cool bin walls and drip back into the grain."
W565,Is it profitable to clean and grade wheat grain before selling to traders?,en,wheat,market_price,"Cleaning and grading usually improves test weight and appearance, which can attract better buyers and higher prices, especially when selling to mills or quality‑conscious traders."
W566,How can I negotiate better wheat prices with middlemen in the village?,en,wheat,market_price,"Know the prevailing market rates from multiple sources, present clean, graded grain, consider forming or joining a farmer group, and be prepared to walk away from very low offers."
W567,Does packaging wheat in branded bags increase the selling price?,en,wheat,market_price,"Branded or clean printed bags can support a quality image and sometimes help in niche or direct markets, but the main price gain still comes from actual grain quality and buyer relationships."
W568,How can farmer groups collectively bargain for higher wheat rates?,en,wheat,market_price,"Farmer groups can pool larger volumes, bargain as a unit, reduce individual transport costs and approach bigger buyers directly, which usually results in better wheat prices."
W569,What documents should I carry when selling wheat at government procurement centers?,en,wheat,market_price,"Carry your national ID, land or tenancy documents if required, any registration slips from the food department, and make sure your bank details are correct if payment is made electronically."
W570,Can forward contracts help me lock in a better price for my wheat?,en,wheat,market_price,"Yes, forward contracts can help lock in a price in advance, reducing your price risk, but you must read terms carefully and ensure you can meet quality and delivery conditions."
W571,How do fluctuations in global wheat prices affect local prices in Pakistan?,en,wheat,market_price,"When global prices rise strongly, local prices often increase too, especially in deficit years; when world prices fall and local production is good, domestic prices tend to soften."
W572,Is quality-based pricing for wheat common in local mandis or only at mills?,en,wheat,market_price,"Quality‑based pricing is more common at mills and large buyers who test grain, though some mandis also give better rates for clean, heavy grain; many village traders still pay mostly by weight."
W573,How can I check if the mandi weighbridge is accurate when selling wheat?,en,wheat,market_price,"You can occasionally weigh a known weight (like a standard 50 kg bag) at another trusted scale and compare, or watch for systematic under‑weighting; farmer groups can also request regular calibration checks."
W574,What are common deductions traders make on wheat grain and how to avoid unfair ones?,en,wheat,market_price,"Common deductions include for moisture, impurities, bag weight or commission; reduce unfair cuts by delivering clean, dry grain, using your own bags, and clearly understanding all charges beforehand."
W575,Can crop insurance help protect me from wheat yield losses due to drought?,en,wheat,subsidy_loan,"Yes, crop insurance can compensate part of your loss in years of severe drought or other insured calamities, helping you cover costs and plant again next season."
W576,What types of risks for wheat are usually covered under crop insurance schemes?,en,wheat,subsidy_loan,"Typical risks include drought, flood, hail, storm and sometimes pest or disease outbreaks, depending on the policy; always read what perils are actually covered before buying."
W577,Which bank schemes are more farmer friendly for wheat production loans?,en,wheat,subsidy_loan,"Farmer‑oriented schemes usually have lower interest, flexible repayment tied to harvest, and simple documentation; check government‑linked banks and special agriculture programs first."
W578,What collateral do banks usually ask for when giving wheat crop loans?,en,wheat,subsidy_loan,"Banks usually ask for land records, identity proof and sometimes crop or warehouse receipts; in some cases group guarantees or collateral substitutes are used for small loans."
W579,How should I plan repayment of my wheat loan to avoid defaults?,en,wheat,subsidy_loan,"Plan repayment based on realistic yield and price, keep records of all costs, avoid taking multiple overlapping loans, and try to save a small buffer in good years for bad seasons."
W580,Can farmer producer organizations help me access cheaper credit for wheat?,en,wheat,subsidy_loan,"Yes, farmer producer organizations can negotiate better credit terms, guarantee members collectively and help you access input and marketing loans at lower cost."
W581,Are there digital platforms that give small credit based on my wheat yield history?,en,wheat,subsidy_loan,"Some fintech and digital lenders use yield history, digital payments and satellite or farm data to offer small ticket loans; availability depends on your region and connectivity."
W582,How to avoid falling into informal high-interest loans for wheat input costs?,en,wheat,subsidy_loan,"Keep proper records, prefer formal banks or cooperatives, compare interest rates, avoid unregistered moneylenders, and borrow only as much as is needed and repayable from expected wheat income."
W583,Can I use my wheat warehouse receipt as collateral for finance?,en,wheat,subsidy_loan,"In schemes with warehouse receipt finance, stored grain receipts can be used as collateral to get short‑term credit, allowing you to delay sale until prices improve."
W584,Do government subsidies on wheat fertilizer actually reach small farmers?,en,wheat,subsidy_loan,"In some areas subsidies reach small farmers well, in others there are leakages; ensure you are properly registered, follow official channels and keep paperwork complete to claim your share."
W585,How will changing rainfall patterns affect my long-term wheat planning?,en,wheat,weather_risk,"Changing rainfall patterns mean you may need to adjust sowing dates, improve drainage and moisture conservation, diversify crops and consider shorter‑duration or stress‑tolerant wheat varieties over time."
W586,What climate-smart actions should I take if winters become warmer for wheat?,en,wheat,weather_risk,"If winters become warmer, you may need to shift sowing slightly earlier, use varieties bred for warmer conditions, conserve moisture and avoid excessively lush crops that suffer more from heat or disease."
W587,How can I protect wheat from sudden unseasonal heavy rains near harvest?,en,wheat,weather_risk,"Use weather forecasts, avoid leaving mature crop standing too long, plan harvest a little earlier if repeated heavy rains are predicted, and ensure you have tarpaulins or covered space to protect cut bundles."
W588,Will frequent hailstorms seriously reduce wheat yields and how to manage risk?,en,wheat,weather_risk,"Frequent hailstorms can shred leaves and heads, causing big yield losses; risk can be managed partly through insurance, spreading sowing dates and not keeping all wheat in the same exact stage at the same time."
W589,How can weather-based advisories help me time irrigation and sprays in wheat?,en,wheat,weather_risk,"Weather‑based advisories help you avoid spraying before rain or during strong winds, time irrigation to match dry spells, and plan fungicide or insecticide sprays when risk is highest and conditions are suitable."
W590,Should I shift to earlier-maturing wheat varieties to escape terminal heat?,en,wheat,weather_risk,"Shifting to earlier‑maturing, heat‑tolerant varieties is a common way to escape terminal heat, especially if you cannot change sowing date much due to previous crops or water schedules."
W591,Can mulching and residue retention reduce heat stress on wheat roots?,en,wheat,weather_risk,"Yes, residue cover and mulching keep soil cooler and reduce evaporation, which helps wheat roots face less heat and moisture stress, particularly in dry, hot spells."
W592,Is changing sowing date more effective than variety change to handle climate risk in wheat?,en,wheat,weather_risk,"Both help, but in many cases adjusting sowing date to better match the new temperature pattern can have a bigger impact than variety change alone; the best is often a combination of appropriate date plus tolerant variety."
W593,How do strong winds during heading affect wheat yield and lodging?,en,wheat,weather_risk,Strong winds at heading can cause lodging and sometimes partial sterility or grain loss; timely irrigation management and balanced fertilization help reduce lodging risk.
W594,Can crop diversification around wheat reduce my climate and market risk?,en,wheat,weather_risk,"Diversifying into other crops around wheat can spread climate and price risk, so that a bad year for wheat is balanced partly by better performance or prices in other crops."
W595,Is it worth investing in a laser leveler if I grow mostly wheat and rice?,en,wheat,machinery,"For farmers with significant wheat and rice area, laser leveling can pay off by saving water, improving germination and fertilizer use efficiency and raising yields over several seasons."
W596,How can I share expensive wheat machinery with neighbors in a fair way?,en,wheat,machinery,"You can share machinery by forming a small group, agreeing on written rules for booking order, rates, maintenance sharing and advance deposits so that all members get fair and timely access."
W597,What are the pros and cons of hiring versus owning a combine harvester for wheat?,en,wheat,machinery,Owning a combine gives control and potential custom hiring income but needs large investment and maintenance; hiring avoids capital cost but you depend on availability and timing from machine owners.
W598,How can I calculate cost per acre when hiring a zero-till drill for wheat?,en,wheat,machinery,"Take total hiring charge divided by area covered, then add your fuel or operator costs if any; comparing this per‑acre cost with your expected yield helps judge if the service is economical."
W599,What safety checks should tractor drivers follow before wheat field operations?,en,wheat,machinery,"Drivers should check brakes, steering, lights, PTO guards, tyre condition, hitch connections and hydraulic lines, and avoid carrying passengers on mudguards or drawbars during wheat operations."
W600,Can I use a small power tiller effectively for wheat land preparation on small plots?,en,wheat,machinery,"Yes, a small power tiller can be effective on small plots if properly matched implements are used and operations are timed well; it helps reduce manual labour in land preparation for wheat."
W601,Gandum ke beej ki safaai karke dubara use karna theek hai ya certified seed lena chahiye?,roman_ur,wheat,sowing,"Agar beej saaf, bimarion se paak aur achhi germination wala ho to apna seed reuse kar sakte hain, lekin lambay arsay tak sirf khud ka seed rakhne se quality gir sakti hai; is liye kuch saalon baad certified seed lena behtar hota hai."
W602,Agar wheat seed ki germination 75 percent ho to kya use kar sakta hoon?,roman_ur,wheat,sowing,"Agar germination 75% hai to technically use kar sakte hain, lekin stand kam na aaye is liye seed rate thora barha dein; bohat kam germination wala seed commercial field ke liye ideal nahi hota."
W603,Wheat seed ko chemical treatment ke baad kitni dair sukha kar store karna chahiye?,roman_ur,wheat,sowing,"Chemical treatment ke baad seed ko patli parat mein phaila kar poori tarah sookha dein, taake dana chipka ya geela na rahe; sookhne ke baad hi use ya store karein, aam tor pe kuch ghanton se ek din tak ka waqt kafi hota hai."
W604,Kya main apni hi fasal se seed select kar ke aglay saal gandum ke liye rakh sakta hoon?,roman_ur,wheat,sowing,"Apni fasal se seed select kar sakte hain agar woh bilkul healthy, uniform aur disease free ho, lekin rouging (off‑type nikalna) aur achhi cleaning zaroor karein; behtar hai ke kuch arsay baad certified seed se line refresh kar lein."
W605,Zero till drill se gandum bone ke liye tractor ki minimum horsepower kitni honi chahiye?,roman_ur,wheat,machinery,"Zero till drill ke liye required HP model per depend karta hai, lekin aam tor pe 50 HP ke qareeb ya us se zyada tractor zyada smooth kaam deta hai; manufacturer ki recommendation dekhna sab se safe hota hai."
W606,Gandum ke liye seed bed bohat mulayam ho to koi masla hota hai ya nahi?,roman_ur,wheat,general_info,Bohat mulayam seed bed se kuch jagah par beej zyada gehra baith sakta aur kahin float ho sakta hai; behtar hai seed bed ko lightly firm kar ke uniform moisture aur depth ensure ki jaye.
W607,Agar khet mein thodi pathri zameen ho to wheat ke beej ko damage hota hai kya?,roman_ur,wheat,general_info,Agar pathar bohat zyada hon to seed ya implements ko damage ka risk hota hai; chhote pathar nikal den ya kam az kam surface per jo bare nazar aayein unhein hata den taa ke machine aur beej dono mehfooz rahen.
W608,Rice stubble jala kar gandum bone se yield par kya asar parta hai?,roman_ur,wheat,general_info,"Stubble jalane se organic matter jal jata aur soil microbes ko nuksan hota hai, jis se lambi muddat mein wheat ki yield par bura asar parta hai; behtar hai residue ko manage ya incorporate kiya jaye."
W609,Gandum ki line sowing ke liye sadharan seed drill aur special drill mein kya farq hai?,roman_ur,wheat,machinery,"Special drills line sowing ke sath sath khaad placement, depth control aur residue handling behtar karti hain, jab ke simple drill sirf seed girata hai; advanced drill se uniform stand aur input efficiency dono barh jati hai."
W610,Kya gandum ko broadcasting se bone par bhi achha result mil sakta hai agar khaad sahi ho?,roman_ur,wheat,sowing,"Agar soils aur management achhe hon to broadcasting se bhi fasal aa sakti hai, lekin line sowing ke muqable mein weed control, khaad placement aur uniform stand mushkil ho jata hai."
W611,"Agar khaad kam ho to gandum ke liye pehle kaun si khaad priority per dalun, N ya P?",roman_ur,wheat,fertilizer,"Khaad kam ho to pehle phosphorous (P) ko tarjeeh dein kyun ke woh early root development aur long‑term benefit deti hai; nitrogen ko bhi completely ignore na karein, lekin dose balanced rakhein."
W612,Gandum ki fasal mein urea split na kar ke aik hi dafa dene se kya nuksan hoga?,roman_ur,wheat,fertilizer,"Urea ko aik hi dafa dene se zyada loss, lodging aur uneven growth ka risk barhta hai; split application se crop ki zaroorat ke mutabiq N milta hai aur zaya kam hota hai."
W613,DAP mehenga ho to kya main gandum mein SSP ka istemal kar sakta hoon?,roman_ur,wheat,fertilizer,"Ji haan, SSP phosphorous ka source hai aur sulphur bhi deta hai; agar DAP mehenga ho to soil test aur dose ke mutabiq SSP use ki ja sakti hai, lekin N ki alag se arrangement karni hogi."
W614,Gandum ke liye zinc mix fertilizer lene se pehle mujhe soil test karwana chahiye ya nahi?,roman_ur,wheat,nutrient_deficiency,"Ideal yahi hai ke pehle soil test se pata chale kya kami hai; agar real zinc deficiency na ho to zinc mix lenay se faida kam mile ga, is liye test ke baad hi micronutrient decide karein."
W615,Organic khaad dalne ke bawajood meri gandum pheeki kyun lag rahi hai?,roman_ur,wheat,nutrient_deficiency,"Ho sakta hai N ya doosre nutrients phir bhi kam hon, ya soil compact ho, ya irrigation ghalat ho; organic khaad base improve karti hai lekin alone sab masail solve nahi karti, is liye balanced fertilization zaroori hai."
W616,Sulphur ki kami se gandum ke pattay per kaun si nishaniyan nazar aati hain?,roman_ur,wheat,nutrient_deficiency,"Sulphur ki kami mein pattay halkay zard, plant kamzor, kabhi kabhi upper leaves par uniform yellowing jesi nishaniyan hoti hain; S containing fertilizers ya gypsum se isay door kiya ja sakta hai."
W617,Gandum ke liye dose kam karne se khaad ki cost bach jayegi ya paidawar bohat gir jayegi?,roman_ur,wheat,fertilizer,Dose bohat kam karne se aksar paidawar mehsos tor pe gir jati hai; cost bachane ke liye behtar hai soil test se exact requirement jani jaye aur khaad ka istemal zyada scientific tareeqe se kiya jaye.
W618,Kya main khad ko topdress karne ke bajaye pani ke sath nehar mein daal sakta hoon?,roman_ur,wheat,fertilizer,Nehar mein khaad directly daalne se distribution control mein mushkil hoti aur kuch khaad channel mein hi zaya ho jati hai; behtar hai field mein hi topdress kar ke halka sa pani diya jaye.
W619,"Barani gandum mein khaad kam lagti hai, is se soil long term mein kamzor to nahi ho jati?",roman_ur,wheat,fertilizer,Barani gandum mein khaad thori lagti hai lekin agar hamesha hi bohat kam khaad di jaye to lambe arse mein soil fertility ghat sakti hai; kabhi kabhi FYM ya balanced khaad zaroor deni chahiye.
W620,Gandum ke khet mein narrow-leaf weeds ko pehchanne ka asaan tareeqa kya hai?,roman_ur,wheat,weed_control,"Narrow‑leaf weeds wheat jesi patli, ghass jesi hoti hain jab ke broadleaf mein pattay chauray hotay hain; field guide ya extension poster dekh kar un ki pehchan aur asaan ho sakti hai."
W621,Agar weedicide spray ke waqt kuch jagah par pani khara ho to kya wahan crop jal sakti hai?,roman_ur,wheat,weed_control,"Haan, standing water wali jagah par herbicide concentration zyada ho kar crop ko burn kar sakti hai; aisi patches se bach kar spray karein ya pani utarne ke baad hi treatment karein."
W622,Gandum mein har saal same weedicide use karne se resistance ka khatra kitna hai?,roman_ur,wheat,weed_control,Har saal same mode of action ka weedicide use karne se resistance ka risk barh jata hai; is liye herbicide rotation aur tank mixes ko soch samajh kar apnana chahiye.
W623,Tank mix karte waqt gandum ke liye spray solution ko kitna dair se zyada store nahi karna chahiye?,roman_ur,wheat,weed_control,"Aam tor par spray solution ko same din use kar lena chahiye; bohat dair store karne se stability aur effectiveness kam ho sakti hai, khas tor par dhoop ya garmi mein."
W624,Jari bootiyon ko manual tarikay se nikalne ke liye sab se acha time kaunsa hota hai?,roman_ur,wheat,weed_control,"Manual weeding ka best time woh hai jab jhariyan chhoti hon aur abhi seed nahi banaya ho, aam tor par bone ke 20–30 din ke darmiyan."
W625,Organic wheat mein agar jhariyan bohat zyada ho jayen to kya karun jab herbicide nahi lagana?,roman_ur,wheat,weed_control,"Organic system mein hand weeding, hoeing, mulching, rotation aur thick stand se hi jhariyon ko dabaya jata hai; multiple passes ki planning pehle se karni padti hai."
W626,"Meri gandum par pehle se herbicide spray hua hai, ab bhi kuch rogue plants bach gaye, kya karun?",roman_ur,wheat,weed_control,Rogue plants ko haath se nikal kar field se bahar destroy karna chahiye taa ke woh future mein seed bank ya resistance ka source na ban jayein.
W627,"Gandum ke pattay per chotay chotay brown daag hain jo rust jese nahi lagte, ye kya ho sakta hai?",roman_ur,wheat,disease,"Brown daag jo powdery rust jese nahi lagte, leaf spot, tan spot ya nutrient/toxic reaction bhi ho sakte hain; nearby plants ka pattern dekhein aur zarurat par expert se tasveer share karein."
W628,Kya seed treatment se foliar diseases jese leaf spot bhi control ho sakti hain ya sirf smut bunt?,roman_ur,wheat,disease,"Seed treatment mukhtasar tor pe seed‑borne diseases jaise smut, bunt par zyada asar karta hai; foliar diseases ke liye zyada tar foliar fungicide sprays ki zarurat parti hai."
W629,Rust ke liye slow rusting varieties kya hoti hain aur kya ye mere liye behtar option hain?,roman_ur,wheat,disease,Slow rusting varieties mein disease dheere dheere barhti hai aur severe level tak kam pohanchti hai; ye fully immune nahi hoti lekin lambe arse tak kaafi stable protection deti hain.
W630,Gandum mein agar viral disease aa jaye to kya uska koi ilaaj spray se mumkin hai?,roman_ur,wheat,disease,"Viral diseases ka spray se ilaaj aam tor par mumkin nahi hota; focus vector control, resistant varieties aur infected plants ko kam karne par hota hai."
W631,"Bar bar fungicide spray se cost barh jata hai, isay kam karne ke liye kya strategy rakhoon?",roman_ur,wheat,disease,"Fungicide spray kam karne ke liye resistant varieties, sahi sowing time, rotation, balanced khaad aur targeted sprays (sirf high risk stage per) ka istemal karna chahiye."
W632,Gandum mein disease scouting karte waqt sab se pehle kaun se parts check karne chahiye?,roman_ur,wheat,disease,"Sab se pehle niche ke purane pattay, phir middle canopy aur phir upper fresh leaves check karein; sath hi stem aur ears par bhi daag ya pustules dhyan se dekhein."
W633,Agar sirf field ke konon per rust nazar aaye to kya poore khet per spray zaroori hai?,roman_ur,wheat,disease,"Aksar disease field ke konon se hi start hoti hai; agar weather very favorable ho to puray khet ka spray safe hota hai, lekin bohat chhoti patch ho to spot spray bhi kia ja sakta hai."
W634,Night irrigation ke baad subah subah fungicide spray karna theek rahega ya dair se karun?,roman_ur,wheat,disease,"Night irrigation ke foran baad zameen aur plants bohat geelay hote hain; kuch dair baad, jab leaf surface dry ho jaye aur hawa halka sa theek ho, tab spray karna behtar hai."
W635,Gandum ke saron par black chaff jesi condition kyun aati hai aur kya is se yield par asar parta hai?,roman_ur,wheat,disease,"Black chaff jese symptoms kabhi kabhi bacterial ya fungal infections ki wajah se aate hain; severe case mein grain filling aur market quality dono par asar parta hai, is liye timely diagnosis zaroori hai."
W636,Loose smut wali spikes ko field se nikal kar turant destroy karna kitna zaroori hai?,roman_ur,wheat,disease,"Loose smut wali spikes ko field se nikal kar destroy karne se spores ka spread kam hota hai, lekin asal control aglay saal ke beej treatment se hi hoga; dono steps mil kar kaam karte hain."
W637,Gandum ke khet mein agar sirf kuch jagah termite ka attack ho to kya sirf spot treatment kaafi hai?,roman_ur,wheat,pest,"Agar termite sirf chhote patches mein ho to spot treatment kafi ho sakti hai, lekin field ka baqi hissa bhi monitor karte rahen taa ke naya hamla jaldi pakra ja sake."
W638,Kya main wheat ke khet ke gird pheromone traps laga kar pest monitoring kar sakta hoon?,roman_ur,wheat,pest,"Ji haan, pheromone traps pests ki monitoring ke liye khet ke gird lagaye ja sakte hain; ye aap ko flight period ki maloomat dete hain, magar akelay strong control nahi dete."
W639,Aphids ko control karne ke liye sirf neem spray se kaam chal sakta hai ya chemical zaroori hai?,roman_ur,wheat,pest,Neem spray se aphids kuch had tak kam ho sakte hain lekin heavy infestation mein chemical insecticide ki zarurat par sakti hai; threshold aur crop stage dekh kar faisla karein.
W640,Beneficial insects jaise ladybird beetle ko bachane ke liye spray timing kaise set karun?,roman_ur,wheat,pest,"Predators aam tor par din mein active hotay hain; sprays ko shaam ke waqt, threshold cross hone par aur selective products ke sath rakhein taa ke beneficial insects kam mutasir hon."
W641,Termite se bachne ke liye seed treatment ki dose kam zyada karne se koi nuksan hai?,roman_ur,wheat,pest,"Dose kam karne se protection kam ho sakti aur resistance ka risk barh sakta hai, jab ke bohat zyada dose se phytotoxicity ya cost ka nuqsan hota hai; label dose follow karna hi behtar hai."
W642,"Wheat ke tanon mein bore hole nazar aa rahe hain magar plants abhi khare hain, kya karun?",roman_ur,wheat,pest,Bore hole dekh kar suspected stems ko kaat kar damage assess karein; agr zyada plants heavily affected hon to targeted insecticide ya cultural control (like destroying stubbles) ki zarurat hai.
W643,Cutworm se bachne ke liye night irrigation ko kaise manage karun?,roman_ur,wheat,pest,"Night irrigation se cutworm upar aakar feed kar sakte hain; field ko clean rakhein, previous weeds ko jaldi hataein aur threshold cross hone par targeted spray karein."
W644,Spray karte waqt agar hawa beech mein tez ho jaye to tank mix ko waste hone se kaise bachaoon?,roman_ur,wheat,pest,"Hawa tez ho jaye to turant spray rok dein, boom ko neecha karein aur drift hone wali direction ka khayal rakhein; baqi solution ko shade mein rakh kar hawa normal hone ka intezar karein."
W645,Gandum ke khet mein rodents ka nuksan estimate karne ka asaan tareeqa kya hai?,roman_ur,wheat,pest,"Nuksan estimate karne ke liye random quadrats mein plants ya heads check karein, kathi hoyi kanon ko gin kar missing grains dekhein aur phir is ko puray field ke area per extrapolate karein."
W646,Kya rodent bait ko field ke andar rakhna theek hai ya sirf bunds per hi rakhna chahiye?,roman_ur,wheat,pest,"Rodent bait ko ziada tar bunds, burrows ke qareeb bait stations mein rakhna chahiye; field ke darmiyan khula bait rakhna pashuon aur parindon ke liye khatra barha deta hai."
W647,Gandum ke harvest se pehle agar halki barish aa jaye to kya mujhe harvest delay karna chahiye?,roman_ur,wheat,harvest,"Halki barish se upper leaves bhig jati hain; agar soil firm ho aur storm ka khatra kam ho jaye to 1–2 din delay se benefit ho sakta hai, lekin bohat dair delay se shattering barh sakti hai."
W648,Kattai ke waqt moisture thori si zyada ho to dryer na hone ki surat mein kya karun?,roman_ur,wheat,harvest,"Agar dryer ya mechanical drying available na ho to danay ko patli layer mein saaf, airy jaga par phaila kar rozana ulat pulat karein jab tak moisture safe level tak na gir jaye."
W649,Manual harvest aur combine harvest mein grain breakage ke hisab se kya farq rehta hai?,roman_ur,wheat,harvest,Manual harvest mein breakage kam hoti hai lekin agar threshing bohat sakht ho to dana toot sakta hai; combine mein sahi cylinder aur concave setting se breakage kam rakhi ja sakti hai.
W650,Gandum ke bundels ko field mein lambi dair tak chhorne se kya risk hota hai?,roman_ur,wheat,harvest,"Field mein bundles lambi dair tak chhorne se barish, dew, fungus, rodents aur theft ka risk barh jata hai; jitni jaldi ho sake threshing aur safe storage karna behtar hai."
W651,Threshing ke liye agar local thresher use karun to kaun si safety precautions zaruri hain?,roman_ur,wheat,harvest,"Local thresher chalate waqt guard ki absence, loose kapray aur bachon ka qareeb hona sab se bari khatarnak cheezen hain; hamesha guards lagayein, operator ko train karein aur crowd door rakhein."
W652,Gandum ki kacchi boriyaan store room mein zameen par rakhna theek hai ya pallet per rakhni chahiye?,roman_ur,wheat,harvest,"Kacchi boriyaan seedha zameen par rakhne se neeche se nami, keerey aur rodents ka risk barh jata hai; pallet ya lakri ke takhton per boriyaan rakhna bohat behtar hota hai."
W653,Store ke andar humidity high ho to gandum ke danay per kya asar parta hai?,roman_ur,wheat,harvest,"High humidity se danay meani ho jate, fungus aur insects zyada active ho jate hain; is liye ventilation improve karein aur agar mumkin ho to room ko dry rakhne ke liye dehumidification measures use karein."
W654,Storage ke waqt agar thora sa condensation deewar per nazar aaye to kya turant action lena chahiye?,roman_ur,wheat,harvest,"Haan, condensation deewar ya chhat par moist spots ka signal hai; turant ventilation barhain, grain stacks ko wall se thora door karein aur moisture ka source identify karke door karein."
W655,Gandum ke danay mein kans ya stones milne se mandi mein kitna rate kat jata hai?,roman_ur,wheat,market_price,"Stones ya kans ki wajah se traders cleaning ka kharcha deduct karte hain aur kabhi kabhi rate bhi kam laga dete hain; kitna cut hoga ye mandi practice par depend karta hai, is liye pehle se safai behtar hai."
W656,Kya main chhota sa cleaning unit laga kar gandum ki safai karke zyada rate le sakta hoon?,roman_ur,wheat,market_price,"Chhota cleaning unit lagane se aap saaf, graded gandum de sakte hain jo aam tor par behtar rate la deti hai, khas tor par jab buyers quality conscious hon."
W657,Mandi mein commission agent ko kitna percent dena aam riwaj hai wheat bechne per?,roman_ur,wheat,market_price,"Commission agent ka percent area aur riwaj per depend karta hai, lekin aam tor par kuch points (jaise 2%–3%) liye jate hain; agreement pehle se clear karna chahiye."
W658,Agar support price se kam rate mil raha ho to kisan ke paas kya options hote hain?,roman_ur,wheat,market_price,"Kisan support price se kam rate par bechne ke bajaye procurement centers, group marketing ya storage options dhoond sakta hai; agar ye available na hon to cost aur liquidity dekh kar faisla karna padta hai."
W659,Warehouse receipt finance scheme mein chhote kisaan participate kar sakte hain?,roman_ur,wheat,subsidy_loan,Kaafi schemes mein chhote kisaan bhi participate kar sakte hain agar un ke paas approved warehouse receipts aur documentation ho; details bank ya program guidelines se maloom karni hongi.
W660,Kya government ke kisi program mein wheat ke liye interest free loan mil sakta hai?,roman_ur,wheat,subsidy_loan,Kuch government ya Islamic finance programs interest free ya subsidized markup ke sath wheat loans deti hain; apne ilaqi bank aur agri office se latest schemes ki information hasil karein.
W661,Crop insurance claim karne ke liye wheat ka loss kaise document karun?,roman_ur,wheat,subsidy_loan,"Loss document karne ke liye photos, dates, weather records, extension officer ki visit report aur yield comparison sab useful hotay hain; policy ke rules ke mutabiq evidence collect karein."
W662,Gandum ke liye weather index insurance schemes ko samajhna asaan tareeqe se bata dein?,roman_ur,wheat,subsidy_loan,Weather index insurance mein claim ground loss ke bajaye predefined weather trigger (jaise bohat kam barish) par milta hai; agar index threshold cross ho jaye to payment automatic hoti hai.
W663,Kya kisi NGO ya project ke zariye wheat ke chhote kisano ko training aur loan dono mil sakte hain?,roman_ur,wheat,subsidy_loan,"Haan, kai NGOs aur projects training, input support aur soft loans combine kar ke pilot areas mein wheat kisano ko support karte hain; local agri office ya community leaders se pooch sakte hain."
W664,Barish pattern change hone ki wajah se mujhe apni wheat sowing date kitna aage piche karni chahiye?,roman_ur,wheat,weather_risk,Barish pattern observe kar ke aap sowing ko kuch din aage ya piche shift kar sakte hain taa ke seedling phase mazboot ho; is ka exact adjustment local multi‑year rainfall data se samajh aata hai.
W665,Gandum ke liye early warning SMS service ka faida climate risk ke hawale se kya hai?,roman_ur,wheat,weather_risk,"Early warning SMS se aap ko barish, frost, heat wave ya disease risk ka pehle se pata chal jata hai, jis se wheat ke liye irrigation, spray ya harvest planning behtar ho jati hai."
W666,Agar frost ka forecast ho to main wheat field mein emergency ke taur par kya kar sakta hoon?,roman_ur,wheat,weather_risk,"Frost forecast ho to soil moisture moderate rakhein, bohat late nitrogen avoid karein, residue cover ya halki dhund (smoke) kuch had tak protection de sakti hai; severe frost mein risk phir bhi rehta hai."
W667,Terminal heat se bachne ke liye drip irrigation jese modern system lagaana zaruri hai ya normal canal/pump hi kaafi hai?,roman_ur,wheat,weather_risk,"Zaruri nahi ke har jaga drip lagani pade; acha scheduling, bed planting, residue cover aur efficient canal/pump management bhi terminal heat aur water stress handle karne mein kaafi madadgar hai."
W668,Future mein agar pani kam ho jaye to kya main total wheat area kam kar ke diversified cropping par shift karun?,roman_ur,wheat,weather_risk,"Agar pani lamba arsa kam hota jaye to gradually wheat area kam kar ke diversified, kam pani wali fasoalon ka mix banana zyada sustainable ho sakta hai; iska decision local economics per depend karega."
W669,Zero till drill khareedne se pehle mujhe konsi technical cheezen check karni chahiye?,roman_ur,wheat,machinery,"Zero till drill khareedne se pehle frame ki mazbooti, coulters ke type, residue handling capacity, depth control system aur spare parts ki availability jaisi cheezen zaroor check karein."
W670,"Custom hiring center se machine late milne par sowing delay ho jati hai, is problem ko kaise manage karun?",roman_ur,wheat,machinery,"Machine delay ka risk kam karne ke liye pehle se booking karein, group ke sath combine schedule banayein ya contingency plan banayein jisme kuch area conventional drill se bhi cover ho sake."
W671,Wheat ke chhote fields mein power weeder use karna cost effective hai ya nahi?,roman_ur,wheat,machinery,Chhote fields mein power weeder seed bed prep aur inter‑row weeding dono mein madadgar ho sakta hai; cost effectiveness aap ke labour rates aur machine rent per depend karegi.
W672,Gandum ki field operations ke liye diesel ki bachat ke kuch simple tips bata dein.,roman_ur,wheat,machinery,"Simple tips: unnecessary passes kam karein, implements ko ek hi smart sequence mein use karein, tyre pressure sahi rakhein, engine ko correct gear aur RPM par chalayein, aur idling time kam karein."
W673,Kya mobile app se tractor ki field efficiency record kar ke main analysis kar sakta hoon?,roman_ur,wheat,machinery,"Ji haan, GPS based apps se field hours, fuel use aur coverage record kar ke aap efficiency analyze kar sakte hain aur future operations ko optimize kar sakte hain."
W674,Climate smart wheat production ke liye top 3 changes kaun se karun agar budget limited ho?,roman_ur,wheat,weather_risk,"Limited budget mein sab se pehle timely sowing, residue management (jalane se bachna) aur efficient irrigation scheduling ko priority dein; ye teen steps climate smart wheat ke bunyadi pillars hain."
W675,Gandum planting mein family labour zyada use karne se cost kam hoti hai ya operations slow ho jate hain?,roman_ur,wheat,general_info,Family labour se cash cost kam hoti hai lekin agar planning weak ho to operations slow ho sakte hain; kaam ko pehle se schedule karne se family labour ka istemal productive banaya ja sakta hai.
W676,Neighbour ke sath mil kar wheat sowing aur harvest plan karne ke kya faide hain?,roman_ur,wheat,general_info,"Neighbour ke sath mil kar sowing aur harvest planning se machinery sharing, labour arrangement aur irrigation turns easy ho jate hain, jis se cost bhi kam aur timeliness behtar hoti hai."
W677,Gandum ke khet mein bund banane ki height aur width ka koi standard hota hai?,roman_ur,wheat,irrigation,Bund ki height itni ho ke pani field se bhar na jaye aur width itni ke tractor ya manual traffic se na tootay; local practice aur soil type ke mutabiq design thora differ karta hai.
W678,Agar tube well ka pani zyada salty ho to wheat ke liye usay sirf emergency mein hi use karna chahiye?,roman_ur,wheat,irrigation,Bohat salty pani ko sirf emergency mein aur woh bhi limited quantity mein use karna behtar hai; zyada istemal se soil salinity barh kar future wheat crops ko nuksan de sakti hai.
W679,Field burning se environment ke sath sath next wheat crop par kya lamba arsa asar parta hai?,roman_ur,wheat,general_info,"Field burning se organic matter, soil microbes aur structure kharab hotay hain, jis ka lamba arsa asar next crops, including wheat, ki fertility aur paani pakarne ki salahiyat par parta hai."
W680,Residue management ke liye happy seeder ya mulcher jaise tools wheat system mein kitne faidemand hain?,roman_ur,wheat,machinery,"Happy seeder, mulcher aur residue managers se aap stubble jalae baghair sowing kar sakte hain, jis se soil health, moisture conservation aur environment teeno ko faida hota hai."
W681,Gandum ke liye integrated disease and pest management plan likhne ka simple format bata dein.,roman_ur,wheat,general_info,"Integrated plan mein scouting schedule, threshold levels, preventive cultural practices, list of allowed chemicals aur emergency steps ko aik simple table ya calendar mein likh kar rakhna behtar hota hai."
W682,"Kya digital record keeping, jaise mobile par notes, wheat farming ki planning mein madad karti hai?",roman_ur,wheat,general_info,"Digital record keeping se aap operations, khaad, pani aur spray dates track kar sakte hain, jisse aglay season planning, cost analysis aur problem diagnosis asaan ho jata hai."
W683,Agar main organic aur conventional wheat ka mix model adopt karun to management kitna mushkil ho jata hai?,roman_ur,wheat,general_info,"Mix model mein alag alag fields ya strips ko different management chahiye hoti hai, is liye planning thori complex ho jati hai; lekin agar aap systematize karein to faide bhi mil sakte hain."
W684,Climate change ke dor mein wheat ke liye sab se important adaptation step kya samjha jata hai?,roman_ur,wheat,weather_risk,"Sab se important adaptation aksar timely sowing, suitable variety selection aur soil‑water management ko mana jata hai, kyun ke ye climate risk ke bohot sare asraat ko absorb kar lete hain."
W685,Gandum ke liye future mein water pricing agar barh jaye to kis tarah ka system sustainable rahega?,roman_ur,wheat,irrigation,"Future water pricing barhne par efficient systems jaise beds, laser leveling, improved scheduling aur diversified crop mix wala system zyada sustainable samjha jaye ga."
W686,Smallholder wheat farmers ke liye group marketing aur contract farming mein se kaunsa option zyada safe hai?,roman_ur,wheat,market_price,Group marketing aam tor pe chhote kisano ke liye zyada safe hoti hai kyun ke risk aur bargaining power share hoti hai; contract farming mein company ka record aur contract terms bohot dhyan se dekhne padte hain.
W687,Gandum ke fibre aur protein quality ke liye mujhe kya khaas cheezen dhyan mein rakhni chahiye?,roman_ur,wheat,general_info,"Fibre aur protein quality ke liye balanced khaad, khaas taur per N aur S ka sahi istemal, disease free crop aur sahi maturity per harvest bohot ahmiyat rakhte hain."
W688,Kya precision seeding (exact plant spacing) wheat mein bhi itni important hai jitni horticulture crops mein hoti hai?,roman_ur,wheat,sowing,"Precision seeding wheat mein itni critical nahi jitni sabziyon mein hai, lekin phir bhi uniform spacing se fertilizer aur pani ka istemal behtar hota aur lodging risk kam hota hai."
W689,Wheat ke liye multi-cut fodder systems ko integrate karna kis tarah possible hai chhoti zameen per?,roman_ur,wheat,general_info,Multi‑cut fodder systems ke sath wheat ko rotate ya inter‑crop is tarah kiya ja sakta hai ke pani aur nutrients ka balance bana rahe; chhoti zameen per carefully plan ki gayi rotation zaroori hoti hai.
W690,Gandum ke khet mein conservation agriculture fully adopt karne ke liye mujhe kin kin barriers ka samna karna par sakta hai?,roman_ur,wheat,general_info,"Barriers mein initial cost, machine access, management knowledge aur mindset change shamil hain; lekin dheere dheere CA practices adopt karne se in barriers ko kam kiya ja sakta hai."
W691,Kya wheat based farming system mein agroforestry models jaise boundary planting financially faidemand ho sakte hain?,roman_ur,wheat,general_info,"Boundary planting se fuel wood, fodder ya timber income mil sakta hai aur soil aur hawa dono ke liye faida hai; agar shade aur paani ka competition sahi manage ho to yeh financially bhi madadgar ho sakta hai."
W692,Barani wheat ke liye supplemental irrigation ke liye farm pond banwana kitna useful hota hai?,roman_ur,wheat,irrigation,Farm pond se barani wheat ko ek do critical irrigations mil sakti hain jo saalon ke hisab se yield difference create kar sakti hain; agar design aur lining theek ho to yeh acchi investment ho sakti hai.
W693,Kya weather-index insurance aur advisory apps ko combine karne se wheat risk management zyada strong ho jata hai?,roman_ur,wheat,weather_risk,Weather index insurance risk cover deta hai aur advisory apps decision support; dono ko mila kar aap risk bhi manage kar sakte aur timely operations bhi plan kar sakte hain.
W694,Gandum ke liye yield mapping aur GPS based data record karna chhote kisaan ke liye bhi practical hai?,roman_ur,wheat,general_info,"Agar smartphone aur GPS access ho to chhota kisan bhi yield mapping ka simple version use kar sakta hai, lekin iska faida tab zyada hota hai jab aap in data par amal bhi karen."
W695,Agar main wheat straw ko completely field mein chhor doon to next crop ki planting mein kya issues aa sakte hain?,roman_ur,wheat,general_info,Straw bilkul field mein chhorne se next crop ke liye tillage aur seed placement mushkil ho sakti hai; residue managing tools ya partial incorporation se yeh issue kam ho jata hai.
W696,Wheat ke liye nitrogen use efficiency barhane ke liye 4R nutrient management ko simple alfaaz mein samjha dein.,roman_ur,wheat,fertilizer,"4R ka matlab right source, right rate, right time aur right place hai; wheat mein iska matlab hai sahi khaad, sahi matra, critical stages per aur jad ke qareeb sahi jagah par lagana."
W697,Gandum ki cost of cultivation calculate karke mujhe kin cheezon ka sab se zyada kharcha samne rakhna chahiye?,roman_ur,wheat,general_info,"Cost of cultivation mein zameen ka kiraya, beej, khaad, pesticides, labour, fuel/machinery aur irrigation sab se bara hissa hotay hain; in par nazar rakh kar hi profit calculate karna chahiye."
W698,"Agar wheat ke rate bohat kam hon to kya stored grain ko value addition, jaise chakki flour, ke roop mein bechna asaan hai?",roman_ur,wheat,market_price,"Stored grain ko chakki flour ya value‑added product bana kar bechna mumkin hai lekin usmein grinding, packing, transport aur market access ka extra kharcha bhi shamil hota hai; pehle se business plan banana zaroori hai."
W699,"Next 5 saalon mein wheat ke climate, market aur policy risks ko dekh kar mujhe apni strategy kaise plan karni chahiye?",roman_ur,wheat,weather_risk,"Agle 5 saalon ke liye aap ko climate risk (pani, heat), market volatility aur policy changes sab ko dekh kar sowing time, variety choice, cost control aur marketing channels diversify karne ki planning karni chahiye."
W700,"AgriSmart jese chatbot ko main apni wheat planning, record keeping aur decision support ke liye daily routine ka hissa kaise bana sakta hoon?",roman_ur,wheat,general_info,"AgriSmart jese chatbot ko rozana thori dair ke liye consult karen, jahan aap weather, input planning, disease alerts aur record keeping ke bare mein sawal pooch kar apne faislay behtar bana sakte hain."
W701,How can I recognize aphid attack in wheat and differentiate it from simple leaf yellowing?,en,wheat,pest,"Under zero tillage, aim for a uniform stand that matches your region’s recommended plants per square meter; the key is that rows close canopy without overcrowding, so follow local seed‑rate guidelines and check actual emergence after sowing."
W702,My wheat leaves are curling and sticky with honeydew; is this due to aphids and how serious is it?,en,wheat,pest,"Aphids cause leaf curling, sticky honeydew and sooty mould, while simple yellowing from nutrients is not sticky; if you see clusters of small soft‑bodied insects and ants moving on honeydew, you are dealing with aphids and should monitor their numbers."
W703,At what aphid population level in wheat should I start thinking about using an insecticide?,en,wheat,pest,"Use local economic thresholds, but as a guide many programs act when aphids reach roughly 10–15 per tiller on most plants or colonies begin covering upper leaves and heads; below that level, natural enemies often control them if you avoid unnecessary sprays."
W704,How often should I scout my wheat field for aphids during the critical growth stages?,en,wheat,pest,"During stem elongation, booting and early grain filling you should scout at least once a week, checking multiple spots in the field; when weather is mild and dry and you’ve seen aphids before, increase scouting frequency."
W705,Can I rely only on ladybird beetles and other natural enemies to control aphids in wheat?,en,wheat,pest,"In light to moderate infestations and fields with many ladybirds and other predators, natural enemies can hold aphids below damaging levels; in heavy outbreaks or when predators are scarce, you will usually still need a well‑timed selective insecticide."
W706,How does excessive nitrogen fertilization in wheat influence aphid outbreaks?,en,wheat,pest,"Excess nitrogen makes wheat softer, lusher and more attractive to aphids, and plants stay green longer, providing food for a longer period; balanced N with adequate K and not over‑fertilizing tends to reduce severe aphid outbreaks."
W707,Which field edges or weed hosts commonly harbor aphids that later move into wheat?,en,wheat,pest,"Field borders with weeds like wild mustard, canary grass and volunteer cereals often host aphids early; cleaning these edges and managing weeds reduces the reservoir that later moves into the main wheat crop."
W708,Is it better to spot‑treat aphid hot spots in wheat or spray the whole field?,en,wheat,pest,"When infestations are localized, spot‑treating hot spots saves money and protects beneficials; if aphids are widespread across the field above threshold, then a uniform spray is safer to prevent patchy control."
W709,What precautions should I take when spraying aphid insecticides to protect bees and other beneficial insects?,en,wheat,pest,"Spray in calm conditions, avoid flowering weeds around the field, use selective products where possible and never spray directly on bee hives; follow label restrictions on re‑entry and pre‑harvest intervals to protect people and beneficial insects."
W710,Can early sowing of wheat help me escape severe aphid attack compared to late sowing?,en,wheat,pest,"Timely or slightly early sowing can sometimes help the crop avoid peak aphid flights and finish sensitive stages sooner; however, you still need monitoring, as some years aphids can build even on early crops."
W711,How long after aphid spray should I wait before allowing livestock to graze on wheat stubbles?,en,wheat,pest,Always follow the specific pre‑harvest or grazing interval on the insecticide label; many systemic products require at least a couple of weeks between application and grazing to avoid residues in animals.
W712,What are signs of aphid resistance to insecticides in wheat fields?,en,wheat,pest,"If aphids survive full‑dose sprays, populations recover quickly, and you see many live aphids soon after treatment with the same product, resistance may be developing; rotate modes of action and avoid repeated use of a single chemical group."
W713,"Do yellow traps or sticky cards help in predicting aphid peaks in wheat, or are they only for monitoring?",en,wheat,pest,Yellow traps and sticky cards are useful to monitor flights and first arrivals but do not directly predict exact field thresholds; combine trap catches with direct plant scouting to decide when action is needed.
W714,"How does weather, like sudden cold or heavy rain, naturally affect aphid populations in wheat?",en,wheat,pest,"Sudden cold snaps and heavy rains often knock back aphid populations by killing exposed insects or washing them off plants; warm, dry, calm periods favor rapid aphid multiplication in wheat fields."
W715,Should I avoid spraying aphids in wheat when many ladybird larvae are already feeding on them?,en,wheat,pest,"If natural enemies are abundant and aphid numbers are stable or falling, it is wise to delay or avoid sprays that would kill these allies; treat only if counts continue to rise above threshold despite good predator activity."
W716,What early symptoms suggest mite infestation in wheat rather than nutrient deficiency?,en,wheat,pest,"Mites usually cause fine yellow speckling or bronzing, especially on lower leaves, often without sticky honeydew; close inspection may reveal tiny moving dots or webbing, while nutrient deficiency tends to be more uniform across the plant."
W717,"Are wheat mites more common in dry, dusty conditions and how can I manage that risk?",en,wheat,pest,"Yes, mites thrive in hot, dry, dusty conditions, especially along field edges; reducing dust, avoiding water stress and keeping a bit of ground cover can all help reduce mite outbreaks in wheat."
W718,How can I distinguish between spider mite damage and disease spots on wheat leaves?,en,wheat,pest,"Spider mite damage shows many tiny pale or yellow specks that can merge into bronzed patches, often with very fine webbing under the leaf; disease spots usually have more defined lesions and may produce spores, not moving mites."
W719,Can irrigation or avoiding water stress reduce mite problems in wheat?,en,wheat,pest,"Good irrigation management that prevents prolonged drought stress helps plants tolerate and sometimes naturally shed mite populations; short, well‑timed irrigations can reduce mite numbers and improve plant vigor."
W720,How often should I rotate acaricides in wheat to avoid mite resistance?,en,wheat,pest,"Rotate acaricides with different modes of action each season or after one or two treatments, rather than repeatedly using one product; this slows resistance and keeps options effective longer."
W721,"Do mites usually start on field borders in wheat, and should I treat those borders first?",en,wheat,pest,"Yes, mites often build first along dusty borders and near paths; treating or monitoring these edges early can prevent them from spreading across the whole wheat field."
W722,"Can I see mites on wheat leaves without a magnifying lens, or do I need a hand lens to be sure?",en,wheat,pest,"Heavy infestations may be visible without a lens, but for early or moderate mite levels a simple hand lens (10x) makes it much easier to see the tiny moving mites and confirm diagnosis."
W723,"If mites are present but numbers are low, can I wait and rely on natural enemies in wheat?",en,wheat,pest,"If mite numbers are low, weather is not strongly favorable and you find predatory mites or other natural enemies, you may be able to wait; continue scouting closely and only spray when populations clearly trend upward."
W724,Does dusty tractor traffic along katcha roads make mite problems worse in adjacent wheat fields?,en,wheat,pest,Dust from katcha roads can help mites move and settle on wheat leaves and also stresses plants; planting a small vegetative barrier or watering border rows can help reduce dust‑induced mite problems.
W725,What precautions should I take while mixing and applying acaricides for mites in wheat?,en,wheat,pest,"Wear gloves and a mask when handling granules, avoid spills in water channels, follow label rates and do not apply more than recommended; keep people and animals away from recently treated bands for the stated period."
W726,How does stem fly damage appear in wheat and at which growth stage is it most dangerous?,en,wheat,pest,"Stem fly is most damaging when wheat is at seedling or early tillering stage, causing central shoots to die; later attacks can lead to white heads at maturity without grain."
W727,My wheat has some white earheads and dead tillers; how do I confirm it is due to stem fly?,en,wheat,pest,"Cut suspected tillers lengthwise; if the central shoot is dead and you see a small larva or brown tunneling inside, stem fly is likely, especially when only the main tiller is affected."
W728,Can timely sowing and destruction of volunteer cereals significantly reduce stem fly pressure?,en,wheat,pest,"Yes, timely sowing so that seedlings escape peak adult fly activity, along with destroying volunteer cereals, can greatly reduce stem fly pressure compared with late sowing in infested areas."
W729,"Is seed treatment usually enough to protect wheat from stem fly, or are foliar sprays also needed?",en,wheat,pest,"In many cases, seed treatment with systemic insecticides protects early seedlings well; foliar sprays are less effective against larvae inside stems and are usually secondary options."
W730,How important is residue management of previous cereals in controlling stem fly in wheat?,en,wheat,pest,Leaving stubbles and infested residues on the surface allows larvae and pupae to survive; ploughing or removing residues reduces their carryover and lowers the next season’s stem fly population.
W731,Can high seed rate or dense sowing reduce visible losses from stem fly in wheat?,en,wheat,pest,Higher seed rate can mask some visual damage but does not remove the pest; it is better to use correct seed rate plus seed treatment and cultural methods rather than relying on extra plants alone.
W732,What should I look for when splitting wheat stems to detect early stem fly larvae?,en,wheat,pest,"Look for brown or blackened central shoots, soft tissue inside the stem and small maggot‑like larvae; healthy stems remain green and firm with no tunneling."
W733,Are there any resistant or tolerant wheat varieties against stem fly available locally?,en,wheat,pest,"Some local varieties show partial tolerance, but true strong resistance is limited; check regional recommendations and prefer varieties noted as less prone to white head problems where stem fly is common."
W734,How soon after sowing should I start scouting young wheat for stem fly damage?,en,wheat,pest,"Begin scouting within 2–3 weeks after sowing, checking random spots across the field for dead hearts or discolored central shoots; early detection allows timely decisions."
W735,Can crop rotation away from cereals for one season break stem fly life cycles effectively?,en,wheat,pest,"Yes, rotating away from cereals for even one season reduces host availability and breaks the life cycle, especially if residues and volunteers are also well managed."
W736,How can I encourage ladybird beetles and other predators naturally in my wheat fields?,en,wheat,general_info,"Avoid unnecessary broad‑spectrum insecticides, maintain some flowering plants on field margins, and minimize dust and habitat destruction; these steps encourage ladybirds and other natural predators."
W737,Will frequent broad‑spectrum insecticide sprays in wheat reduce populations of helpful ladybirds?,en,wheat,general_info,"Frequent broad‑spectrum sprays kill predators like ladybirds as well as pests, allowing aphids and other soft‑bodied insects to bounce back quickly; using thresholds and selective products protects these allies."
W738,How do I recognize wheat ladybird adults and larvae so I do not confuse them with pests?,en,wheat,general_info,"Adult ladybirds are small round beetles, often red, orange or black with spots, while larvae look like small alligators with elongated bodies and spines; both forms move actively and feed on aphids rather than crops."
W739,Should I leave small aphid populations in wheat to maintain food for ladybird beetles?,en,wheat,general_info,"In some cases, allowing a low aphid population can sustain predators which then prevent larger outbreaks; however, do not allow populations to exceed thresholds in the hope of feeding beneficials."
W740,Can flowering field borders help increase beneficial insects like ladybirds in wheat systems?,en,wheat,general_info,"Yes, flowering strips and diverse borders provide nectar and pollen that sustain adult predators and parasitoids, making them more abundant and effective in nearby wheat fields."
W741,"What are the visual differences between black rust, brown rust and yellow rust in wheat?",en,wheat,disease,"Black (stem) rust has dark brown to black pustules mainly on stems and sometimes leaves; brown (leaf) rust shows orange‑brown pustules scattered on leaves, while yellow (stripe) rust forms bright yellow pustules in stripes along veins."
W742,How quickly can rust epidemics develop in wheat if I delay fungicide spraying?,en,wheat,disease,In favorable conditions rust can move from light to severe infections within 7–14 days; delaying sprays even one week during rapid spread can lead to large yield losses on susceptible wheat.
W743,Does sowing a mixture of wheat varieties help reduce rust severity compared to a single susceptible variety?,en,wheat,disease,"Varietal mixtures can sometimes slow rust spread compared to a pure susceptible stand, but they are not a full substitute for deploying strongly resistant cultivars across the farm."
W744,Can balanced potassium nutrition in wheat lower the severity of rust diseases?,en,wheat,disease,"Adequate potassium strengthens plant tissues and can make leaves less susceptible to many foliar diseases, including rusts, whereas very high nitrogen with low K often worsens disease severity."
W745,How important is it to remove volunteer wheat plants to slow rust spread between seasons?,en,wheat,disease,Volunteer wheat acts as a green bridge carrying rust between seasons; removing these off‑season hosts is a key cultural step to keep initial inoculum low each year.
W746,What role do alternate hosts and barberry bushes play in the life cycle of wheat rusts?,en,wheat,disease,"Some rust pathogens use alternate hosts like barberry to complete their sexual cycle, generating new races; removing these hosts near wheat areas can help slow the appearance of new rust variants."
W747,Should I spray fungicide for rust on the whole wheat field if only lower leaves show infection?,en,wheat,disease,"If only the lowest, older leaves show light infection and weather is turning unfavorable for disease, you may delay, but generally when rust is visible and conditions are suitable, a whole‑field spray is safer than treating only a strip."
W748,Can late‑season rust still cause heavy yield loss if it appears just before grain filling in wheat?,en,wheat,disease,"Late‑season rust that attacks flag leaf and upper canopy just before or during grain filling can still greatly reduce grain size and yield, especially on susceptible varieties."
W749,How do I prioritize between yellow rust and leaf rust if both appear in my wheat at the same time?,en,wheat,disease,"Yellow rust spreads and damages very quickly and often gets priority for immediate control; however, fungicide choice and timing should ideally address both diseases simultaneously."
W750,Are there mobile alerts or advisory services that warn farmers about regional rust outbreaks in wheat?,en,wheat,disease,"In many regions, government or private services send SMS or app alerts when rust risk is high; registering with extension advisories and farmer networks helps you receive these warnings."
W751,What are the main causes of black point in wheat grains and how can I reduce its incidence?,en,wheat,disease,"Black point is mainly caused by high humidity and wetness around grain filling and maturity; you can reduce it by avoiding late, dense irrigation, harvesting on time and drying grain quickly after harvest."
W752,Does late harvest and high humidity increase black point in stored wheat grain?,en,wheat,disease,"Yes, staying too long in the field under repeated rains or high humidity greatly increases black point and other grain discoloration problems, especially on susceptible varieties."
W753,Can fungicide sprays aimed at foliar diseases also indirectly help reduce black point?,en,wheat,disease,"Fungicides targeted at foliar diseases may indirectly reduce some black point‑related fungi, but the main control is still managing pre‑harvest wetness and harvest timing rather than spraying late only for black point."
W754,How much does black point affect flour quality and market price of wheat grain?,en,wheat,disease,"Black point can lower flour quality, cause darker color and off‑flavors, leading to price discounts; the degree of price cut depends on how strict the buyer’s quality standards are."
W755,Are some wheat varieties naturally less prone to black point than others?,en,wheat,disease,"Yes, some cultivars are known to be less prone to black point; checking variety descriptions and local trial results helps you choose lines with better grain appearance."
W756,What early field symptoms suggest common root rot in wheat instead of simple drought stress?,en,wheat,disease,"Common root rot often causes brown or reddish discoloration at the base of stems and on roots, with poor tillering and patches of stunted plants that may not recover even if moisture improves."
W757,Can deep tillage and residue management significantly reduce common root rot in wheat?,en,wheat,disease,"Deep tillage and residue burial can reduce surface inoculum and improve root aeration, which combined with rotation lowers common root rot levels in wheat."
W758,How does continuous wheat after wheat cropping influence the risk of root rot diseases?,en,wheat,disease,"Continuous wheat maintains and increases pathogen populations in soil and residues, making root rot more likely; rotating with non‑cereal crops breaks the disease cycle."
W759,Do seed treatments alone provide enough protection against common root rot in wheat seedlings?,en,wheat,disease,"Seed treatments protect seedlings from early infection but cannot fully prevent root rot later; they should be combined with rotation, residue management and good soil structure."
W760,Should I avoid very late sowing in fields with a history of root rot problems in wheat?,en,wheat,disease,"Yes, very late sowing into cold, wet soil in a field with a history of root rot often leads to more severe disease and poor stands, so use earlier windows on risky fields if possible."
W761,How can I distinguish head blast symptoms from other causes of white heads in wheat?,en,wheat,disease,"Head blast typically causes white or bleached portions of the spike while the stem remains green, often affecting only part of the head and sometimes showing grayish or pink fungal growth under humid conditions."
W762,Does excessive nitrogen near heading increase the risk of wheat head blast?,en,wheat,disease,"High nitrogen close to heading can lead to lush canopies and more humid microclimates within the crop, which can favor head diseases like blast, especially under warm, wet conditions."
W763,At which stage should I apply fungicide to protect wheat against head blast most effectively?,en,wheat,disease,"Fungicides are most effective when applied around heading to early flowering, before infection peaks; late sprays after symptoms are fully visible give limited protection."
W764,Are there regions or microclimates where head blast in wheat is especially common?,en,wheat,disease,"Head blast is more common in warm, humid areas and fields following certain crops with high residue; regions with frequent wet conditions near heading are at higher risk."
W765,Can I safely use grain from head blast‑affected wheat for seed or feed?,en,wheat,disease,"Grain from severely blast‑affected spikes often has poor quality and may carry pathogens or toxins; it should not be used for seed and should be tested or mixed carefully if considered for feed, following expert advice."
W766,How do I recognize Fusarium Head Blight in wheat spikes in the field?,en,wheat,disease,"Fusarium Head Blight shows bleached spikelets while the rest of the head stays green, often with pinkish or orange fungal growth on the affected parts, especially in humid weather."
W767,What crop rotations help most in reducing Fusarium Head Blight risk in wheat?,en,wheat,disease,"Rotations that reduce cereal and maize residues, such as including legumes or oilseeds, help lower Fusarium inoculum and reduce Head Blight risk in the next wheat crop."
W768,Should I spray fungicide at flowering in wheat if there is a high risk of Fusarium Head Blight?,en,wheat,disease,"Yes, in high‑risk situations a fungicide spray at early flowering is a standard recommendation to suppress FHB and reduce mycotoxin contamination, especially when weather is warm and wet."
W769,How big is the mycotoxin risk from Fusarium‑infected wheat and how should I handle such grain?,en,wheat,disease,"Fusarium‑infected grain can contain dangerous mycotoxins harmful to humans and animals; such grain should be handled with caution, tested where possible and not used for food or feed if toxin levels are high."
W770,Does growing wheat after maize increase chances of Fusarium Head Blight?,en,wheat,disease,"Yes, wheat after maize is generally at higher FHB risk because maize residues harbor Fusarium; reducing residue or changing rotation lowers that risk."
W771,What field symptoms indicate Fusarium foot rot in wheat rather than nutrient problems?,en,wheat,disease,"Fusarium foot rot typically causes dark, rotted tissue at the stem base with plants stunted or prematurely ripening, even when upper soil appears moist; nutrient deficiencies usually lack such distinct rotting."
W772,Does waterlogging encourage Fusarium foot rot and crown rot in wheat fields?,en,wheat,disease,Waterlogging and poor aeration greatly favor foot and crown rots by stressing roots and encouraging soil fungi; good drainage is essential in fields with a history of these diseases.
W773,How can better drainage and bed planting help against foot rot in wheat?,en,wheat,disease,"Planting on raised beds or ridges keeps the crown zone less waterlogged, improves aeration and can significantly reduce foot rot incidence in problem wheat fields."
W774,Are there wheat varieties more tolerant of Fusarium foot rot for high‑risk fields?,en,wheat,disease,"Some varieties show better tolerance, but complete resistance is rare; check local varietal performance data for fields known to have chronic foot rot issues."
W775,How should I manage crop residues in fields with known Fusarium foot rot infestation?,en,wheat,disease,"In high‑risk fields, reduce surface residues of infected crops through rotation, partial incorporation or decomposition, and avoid spreading infected straw onto clean fields."
W776,What is the difference between leaf blight (spot blotch) and simple tip burn in wheat leaves?,en,wheat,disease,"Leaf blight or spot blotch forms dark brown lesions that can merge and kill large leaf areas, often starting from lower leaves; tip burn from drought or salt usually affects only edges or tips with a more uniform pattern."
W777,How strongly does over‑fertilization with nitrogen favor leaf blight in wheat?,en,wheat,disease,"Over‑fertilization with nitrogen produces soft, lush tissue and denser canopies that retain moisture, creating ideal conditions for leaf blight fungi to infect and spread."
W778,Can early fungicide sprays at tillering reduce later leaf blight severity in wheat?,en,wheat,disease,"Early well‑timed sprays can keep initial infections low and protect the flag leaf later, but they should be based on real risk and not overused; scouting helps decide if early blight pressure is high enough."
W779,Do dense wheat canopies and late irrigation increase humidity and leaf blight problems?,en,wheat,disease,"Yes, very dense canopies and late heavy irrigations increase humidity around leaves, which raises the chances of severe leaf blight outbreaks, especially under warm, cloudy conditions."
W780,Are there simple field methods to estimate how much yield leaf blight is reducing in wheat?,en,wheat,disease,"You can compare treated and untreated strips, assessing green leaf area at grain filling and final yield; visible loss of green area on flag and upper leaves during grain filling often translates into measurable yield reduction."
W781,Is leaf blight more severe in lowland or poorly drained wheat fields?,en,wheat,disease,"Yes, low‑lying, poorly drained sites tend to stay more humid and stressed, which promotes leaf blight, whereas well‑drained, airy fields usually have less disease pressure."
W782,Can crop residue mulching increase or decrease leaf blight risk in wheat depending on conditions?,en,wheat,disease,"Heavy, continuous residue may increase blight by harboring pathogens, while moderate, well‑managed residue that improves drainage and soil health can sometimes reduce stress; local conditions determine which effect dominates."
W783,How does wheat leaf blast differ visually from rust and leaf blight?,en,wheat,disease,"Leaf blast lesions are usually elliptical with gray centers and dark margins, sometimes with a target‑like pattern, unlike rust pustules or uniform necrotic blight patches; they may also attack necks and panicles."
W784,Are the same conditions that favor rice blast also dangerous for leaf blast in nearby wheat?,en,wheat,disease,"Yes, warm, humid and cloudy conditions that favor rice blast can also favor leaf blast in nearby wheat, particularly if susceptible varieties and high nitrogen are used."
W785,Will one fungicide spray be enough to control leaf blast in a high‑risk wheat field?,en,wheat,disease,"In a high‑risk situation a single late spray may not be enough; a preventive program based on risk forecasts and variety susceptibility may call for two sprays, but only if economics justify them."
W786,Can I manage leaf blast in wheat mostly by variety choice and nitrogen management?,en,wheat,disease,"Much of leaf blast management indeed comes from choosing tolerant cultivars, avoiding excessive nitrogen and avoiding very late sowing in blast‑prone environments, with fungicides as a backup tool."
W787,"Should leaf blast be a concern in drier, low humidity wheat areas?",en,wheat,disease,"In dry, low humidity regions leaf blast is usually limited or absent, and fungicide use for this disease alone is rarely justified; scouting still helps to confirm its low presence."
W788,What early symptoms of powdery mildew should I watch for in wheat leaves and stems?,en,wheat,disease,"Early powdery mildew shows small white, powdery patches on upper leaf surfaces, usually on young leaves and tillers first; if not checked, patches expand and may cover entire leaves and stems."
W789,Can sulfur dusting still be an economical option for powdery mildew control in wheat?,en,wheat,disease,"Yes, sulfur is often a low‑cost and effective option for small farmers, especially where mildew is common; dust or spray forms can be used following label recommendations."
W790,Does late dense irrigation at booting favor powdery mildew development in wheat?,en,wheat,disease,"Late dense irrigations can increase humidity in the canopy, which may favor mildew; using moderate irrigation and avoiding excessive canopy thickness helps keep powdery mildew pressure lower."
W791,Are powdery mildew‑resistant wheat varieties widely available and recommended?,en,wheat,disease,Many breeding programs have released mildew‑resistant or tolerant wheat varieties; using such varieties in areas with regular mildew saves on fungicide costs.
W792,"If powdery mildew appears late in the season, does it still justify a fungicide spray in wheat?",en,wheat,disease,"If infection appears only very late, when grains are almost fully formed and leaves are near natural senescence, a fungicide spray often gives little economic benefit."
W793,How can I visually recognize Septoria leaf blotch in wheat compared to other leaf diseases?,en,wheat,disease,"Septoria lesions are irregular, tan to brown with distinct dark pycnidia (tiny black dots) scattered inside; this feature distinguishes them from many other wheat leaf spots."
W794,Do the small black fruiting bodies (pycnidia) of Septoria appear clearly to the naked eye in wheat leaves?,en,wheat,disease,"Pycnidia can often be seen as very small black dots with the naked eye or a simple hand lens, especially when leaves are partially dried; scraping the lesion may reveal many of these dots."
W795,How important is residue management of previous wheat for controlling Septoria diseases?,en,wheat,disease,"Because Septoria survives on infected residues, burying or decomposing them through rotation and residue management is a major part of its control strategy."
W796,Can mixing fungicide modes of action slow Septoria resistance in wheat fields?,en,wheat,disease,"Yes, mixing or rotating different fungicide modes of action slows resistance development in Septoria and makes treatments last longer; always follow resistance‑management guidelines."
W797,Is Septoria more severe in wheat grown with very high plant density and continuous cereals?,en,wheat,disease,"Septoria is generally more severe in fields with dense stands, high N and frequent cereals; continuous wheat and similar crops under humid conditions are especially vulnerable."
W798,What are typical smut symptoms on wheat spikes and grain that I should look for at harvest?,en,wheat,disease,"Smut often replaces normal grains with black powdery masses or compact black sori that smell unpleasant; affected heads may be slightly different in shape and break easily, releasing dust."
W799,"If I see smut in my wheat this year, how should I change my seed handling next season?",en,wheat,disease,"You should not save seed from fields with visible smut; instead, use certified or clean seed and apply effective seed treatment before the next wheat crop."
W800,Can hot water seed treatment be a practical tool against smut for small farmers in wheat?,en,wheat,disease,"Hot water treatment is effective but requires careful temperature control and handling; for many small farmers, ready‑to‑use chemical seed dressers are more practical, though hot water can be an option with proper equipment and training."
W801,Is smut likely to spread in the field through wind or mainly through infected seed in wheat?,en,wheat,disease,"Smut is mainly spread through infected seed rather than by wind in the field; therefore, cleaning and treating seed is far more important than spraying foliage."
W802,Should I avoid saving seed from fields where loose smut or covered smut was observed in wheat?,en,wheat,disease,"Yes, avoid saving seed from smut‑affected fields; using only healthy, treated seed from clean fields is the safest way to prevent future outbreaks."
W803,How can I differentiate tan spot lesions from Septoria and leaf blight in wheat?,en,wheat,disease,"Tan spot lesions are tan with a distinct yellow halo and sometimes a small dark center, while Septoria has more numerous black pycnidia; this halo effect helps separate tan spot from other leaf spots."
W804,Does tan spot in wheat usually start on lower leaves and move upward with time?,en,wheat,disease,"Yes, tan spot often starts on lower leaves that receive splash from infected residue and gradually moves upward as the season progresses and canopy closes."
W805,Can tan spot be kept in check mainly through rotation and residue management without frequent sprays?,en,wheat,disease,"In low to moderate pressure situations, good rotation and residue management can keep tan spot manageable with few or no fungicide sprays; high‑pressure, humid years may still need chemical support."
W806,"If tan spot and rust both appear together, should I choose a fungicide that covers both in wheat?",en,wheat,disease,"When both diseases are present, choose a fungicide that has activity on both tan spot and rust, and apply at a time that protects the flag leaf and upper canopy."
W807,Are there any specific wheat cultivars known to have good tolerance against tan spot?,en,wheat,disease,Some cultivars are rated as more tolerant to tan spot; using locally recommended tolerant lines in high‑risk areas is part of integrated disease management.
W808,How many times in a season is it economically justified to spray fungicides on wheat for all these diseases?,en,wheat,disease,"The number of economically justified sprays depends on variety, disease pressure and grain price; in many smallholder systems, one well‑timed spray on susceptible varieties is common, while two or more are reserved for very high‑value or high‑risk situations."
W809,Can I combine insecticide and fungicide sprays in wheat safely to save labor and fuel?,en,wheat,general_info,"Combining insecticide and fungicide is possible if labels allow and timings coincide, but you must check compatibility, avoid unnecessary products, and still respect safety and pre‑harvest intervals for both."
W810,What records should I keep for all pest and disease sprays in wheat to improve decisions next year?,en,wheat,general_info,"Record date, product name, dose, field location, pest/disease targeted, and observed result; this history helps you refine timing, avoid overuse and select more effective strategies next season."
W811,How can integrated pest management reduce both cost and resistance problems in wheat pests and diseases?,en,wheat,general_info,"Integrated pest management combines resistant varieties, rotation, scouting, thresholds, natural enemies and selective chemicals; this reduces overall pesticide use, delays resistance and often lowers costs while maintaining yield."
W812,Are there any simple decision support tools or charts for timing sprays on wheat based on risk levels?,en,wheat,general_info,"Some extension services offer simple charts or apps showing risk levels by crop stage, weather and recent disease reports; using these helps you decide when a spray is truly necessary in wheat."
W813,How important is coordinated action with neighboring farmers when managing rust and aphid outbreaks in wheat?,en,wheat,general_info,"Because rust and some pests move easily between fields, coordinated spraying or varietal choice among neighbors reduces regional inoculum and makes control more effective than isolated efforts."
W814,Can intercropping or maintaining flowering strips near wheat help support beneficial insects and reduce pest pressure?,en,wheat,general_info,"Yes, flower strips and intercrops near wheat can support natural enemies that then move into the crop and reduce aphids and other pests, though design must avoid directly competing with wheat."
W815,What safety equipment is minimum essential for a small wheat farmer mixing pesticides by hand?,en,wheat,general_info,"At minimum, small farmers should use gloves, long sleeves, mask or cloth over mouth and nose, and closed footwear when mixing and spraying pesticides, and wash thoroughly afterwards."
W816,How should empty pesticide containers from wheat fields be disposed of safely to avoid contamination?,en,wheat,general_info,"Rinse containers three times, use rinse water in the spray tank, puncture containers and dispose of them in approved collection points or bury them safely away from water sources, never in canals or open fields."
W817,Can repeated seed treatment every year harm wheat germination or soil organisms?,en,wheat,general_info,"If label doses are followed and seed quality is good, repeated annual seed treatment does not usually harm germination significantly; however, overdosing, poor treatment technique or old, weak seed can reduce germination."
W818,What are good indicators that my wheat field is generally healthy and resilient against pests and diseases?,en,wheat,general_info,"A healthy, uniform stand with strong green leaves, good tillering, low weed pressure and minimal visible disease or insect damage is a sign that your wheat is resilient and well managed."
W819,How can I prioritize which wheat field to spray first when I cannot afford to treat all fields at once?,en,wheat,general_info,"Prioritize fields with the most susceptible varieties, highest disease or pest pressure and greatest yield potential; spraying lower‑risk or already severely damaged fields may not repay the cost."
W820,Is it better to invest extra money in resistant wheat seed or in additional fungicide and insecticide sprays?,en,wheat,general_info,"In the long run, investing in resistant, well‑adapted seed often gives better returns and reduces dependence on sprays; fungicides and insecticides are then used as backup rather than the main line of defense."
W821,How can smartphone photos and remote advice help me correctly diagnose wheat pests and diseases?,en,wheat,general_info,"Clear, close photos from multiple angles sent to experts can greatly improve diagnosis; combining images with a short description of symptoms and field history usually leads to better recommendations than text alone."
W822,What mistakes do wheat farmers commonly make when using pesticide doses and how can I avoid them?,en,wheat,general_info,"Common mistakes include guessing doses, using kitchen spoons instead of scales, mixing incompatible products, spraying in strong wind or heat, and ignoring waiting periods; always read labels, measure carefully and spray only in suitable conditions."
W823,"Can I reduce chemical use in wheat by combining precise scouting, thresholds and weather information?",en,wheat,general_info,"Yes, by scouting and using thresholds you avoid spraying when not needed, and by adding weather forecasts you time those sprays when they are most effective, reducing total chemical use in wheat."
W824,How much yield increase should I expect on average from one well‑timed fungicide spray on susceptible wheat varieties?,en,wheat,disease,"Yield response varies, but in susceptible varieties under high disease pressure a single timely fungicide on flag leaf often gives 5–15% yield gain; in low‑pressure years the benefit may be minimal."
W825,Is spot‑spraying severe disease patches in wheat often more economical than blanket spraying?,en,wheat,disease,"If disease is confined to small patches, treating only those areas can be more economical and reduces chemical load; however, for very mobile diseases like rust, whole‑field treatment is often safer once spread begins."
W826,What role can farmer field schools or local groups play in learning wheat disease recognition?,en,wheat,general_info,"Farmer field schools and local groups allow farmers to see real field examples, compare treatments, and learn recognition of key symptoms together, which is more effective than learning from pictures alone."
W827,Should I change my wheat variety every few years to stay ahead of new rust races?,en,wheat,disease,Changing to newly recommended resistant varieties every few years helps keep ahead of evolving rust races; always check updated recommendations from research and extension before choosing seed.
W828,Can precision application technology like GPS‑guided sprayers significantly improve wheat pesticide efficiency?,en,wheat,general_info,"GPS‑guided and variable‑rate sprayers reduce overlap, ensure correct coverage and can lower pesticide use, improving both economics and environmental performance in wheat fields."
W829,How does keeping detailed yield maps help me target soil and disease problems in future wheat crops?,en,wheat,general_info,"Yield maps show where yields are consistently low or high, helping identify soil, drainage or disease problems; you can then target inputs or corrections to the worst‑performing zones rather than treating the whole field equally."
W830,"If my wheat soil test shows good fertility, is it still worth applying foliar micronutrients against diseases?",en,wheat,nutrient_deficiency,"In fields with good fertility confirmed by tests, foliar micronutrients rarely give large extra yield; they are most useful when a specific deficiency is suspected or proven, not as a blanket disease control."
W831,How does low plant diversity in surroundings affect insect and disease pressure on wheat?,en,wheat,general_info,"Low plant diversity around wheat often reduces beneficial insects and encourages single‑crop pests and diseases; adding rotations, intercrops or habitat strips usually strengthens the whole system’s resilience."
W832,Can properly timed mechanical weeding in wheat help reduce disease by improving air movement?,en,wheat,weed_control,"Yes, mechanical weeding that opens the canopy and breaks soil crust can improve air movement and reduce humidity near leaves, which indirectly lowers some leaf disease problems."
W833,Should I separate wheat grain from heavily diseased patches when storing to avoid contaminating the whole lot?,en,wheat,harvest,"Separating heavily diseased patches at harvest lowers the risk of mixing low‑quality, infected grain with good grain and helps you market or handle each portion appropriately."
W834,How can I assess visually whether disease control measures in my wheat field actually paid off?,en,wheat,disease,"Compare treated and untreated strips for green leaf area, disease severity and final yield; if treated areas stay greener longer and give higher yield or better grain quality, your control program is paying off."
W835,What simple on‑farm experiments can I do to compare different wheat pest management strategies?,en,wheat,general_info,You can leave small unsprayed checks or try two different products in separate strips and weigh the grain from each; simple comparisons like this show which strategy works best under your conditions.
W836,Will reducing seeding rate in high fertility fields lower disease risk without sacrificing wheat yield?,en,wheat,disease,"Slightly lower seeding rate in very fertile fields can reduce lodging and humidity, sometimes lowering disease, but it must still be high enough to maintain yield; on poor soils, too low rate will reduce yield more than it helps disease."
W837,Can I use predictive models or historical data to decide in advance how many wheat sprays I will likely need?,en,wheat,general_info,"Yes, by reviewing several years of your own and neighbors’ disease levels, weather patterns and variety behavior, you can estimate whether you typically need zero, one or more sprays and plan budgets accordingly."
W838,What indicators tell me that it is already too late in the season to benefit from another fungicide spray in wheat?,en,wheat,disease,"If leaves are already mostly senesced, grain is nearly hard and disease has advanced widely, additional fungicide will not recover lost yield; at that stage it is usually too late to gain economic benefit."
W839,How can extension pamphlets or posters about wheat pests and diseases be kept up to date for new threats?,en,wheat,general_info,"Extension staff and researchers should regularly update pamphlets and posters with new rust races, emerging pests and newly recommended products so farmers always see current information, not outdated lists."
W840,Is it useful to keep a photo record every year of wheat diseases and treatments for future reference?,en,wheat,general_info,"Yes, photo records with notes on dates, weather and actions help you and advisors review patterns over time and refine your wheat management year after year."
W841,Kya gandum ke pattay par chipchipa madah aur curl hona chotay hary keeron ki wajah se ho sakta hai?,roman_ur,wheat,pest,"Gandum ke pattay jab curl ho jayein, un par chipchipa madah aur kaali mail jaisi parat ho to aam tor par ye chust hary keeron ka hamla hota hai, khaali zardi se ye alag hota hai kyun ke zardi chipchipi nahi hoti."
W842,Gandum mein chust hary keere agar kam hon to kya sirf qudrati dushman unko control kar sakte hain?,roman_ur,wheat,pest,"Agar chust keere kam ho aur un par laal bhungry jese faida mand keere bohat hon to aksar sirf qudrati dushman hi un ko control kar lete hain, lekin bohat zyada infestation mein zehr ke baghair nuksan barh sakta hai."
W843,Gandum ke khet mein chipsi patton ke sath kaali mail jaisi parat kyun ban jati hai aur is se kya nuqsan hota hai?,roman_ur,wheat,pest,"Chust keere honeydew gira dete hain jis par kaali mail jesa soot lag jata hai, is se patte kam roshni le pate hain aur photosynthesis kam ho kar paidawar gir sakti hai agar waqt par bandobast na kiya jaye."
W844,Agar gandum ke patton par chust keere nazar aayein to kis stage par dekh kar dawai ka faisla karna chahiye?,roman_ur,wheat,pest,"Jab zyada tar tanton par har tiller per chust keeron ke jhund nazar aane lagen ya saron ke gird bhi lag jayein to ye woh stage hoti hai jahan dawai ka sochna zaroori ho jata hai, khas tor par agar faida mand keere kam hon."
W845,Zyada nitrogen dene se gandum mein chust keeron ka hamla kyun barh jata hai?,roman_ur,wheat,pest,"Zyada nitrogen se pauda bohat naram, hari bhari aur lambi ho jati hai jo chust keeron ke liye behtar ghiza aur panaah deti hai, is liye nitrogen ka balance rakhnay se bhi hamlay ki shiddat kam rehti hai."
W846,Gandum ke gird jhari bootiyan rehnay se chust keeron ke liye panah milti hai ya nahi?,roman_ur,wheat,pest,"Khet ke gird jhari bootiyan aur volunteer anaaj chust keeron ke liye pehle panah gaah banti hain jahan se baad mein woh gandum par chadh jate hain, is liye in host jhariyon ka waqt par khatma bohat zaroori hai."
W847,Barish aur thandi hawa ka gandum ke chust keeron par kya asar padta hai?,roman_ur,wheat,pest,"Tez barish aur thandi hawa aksar chust keeron ki tadaad ko kam kar deti hai kyun ke bohat se keere patton se dhul jate ya sard mosam mein mar jate hain, jab ke garam khushk mosam un ke liye behtar hota hai."
W848,Kya sirf khet ke konon par chust keeron ke liye dawai chhidakna kaafi hota hai?,roman_ur,wheat,pest,"Agar sirf konon mein chust keere hon to shuru mein sirf wohi hissa treat kiya ja sakta hai, lekin agar chand dino mein poore khet mein failne ka andesha ho to phir sirf konon par spray kafi nahi rehta."
W849,Gandum ke khet mein bhoot chashmi dekh kar chust keeron ki hadd se zyada ginti ka andaza kaise lagaya jaye?,roman_ur,wheat,pest,Random spots par 10–15 tillers ko dekh kar har tiller par chust keeron ki ginti karein; agar aksar tillers par 10 se zyada keere hon to ye economic threshold ke qareeb honay ki nishani hoti hai.
W850,Gandum mein mitri jese chotay keere patton ko peela aur dhari dhari kyun kar dete hain?,roman_ur,wheat,pest,"Mitri keere patton ka ras choos kar chhote chhote peele ya safed nukat banate hain jo baad mein mil kar puri satah ko peela aur phikka kar dete hain, jab ke simple nutrient kami ka pattern aksar uniform hota hai."
W851,Kya sukha aur gard aalood mahaul gandum mein mitri keeron ko zyada phailata hai?,roman_ur,wheat,pest,"Ji haan, garam, sukha aur gard aalood mahaul mitri ke liye mufeed hota hai, khaas tor par road ke qareeb kheton mein jahan gard bohat utti hai wahan gandum mein mitri ka hamla zyada dekha jata hai."
W852,Gandum ke patton par chhote safed nukat agar mitri ki wajah se hon to in ka ilaj kya socha jaye?,roman_ur,wheat,pest,"Agar patton ke neeche aur oopar barik safed nukat ke sath chhote chhote harke keere ya halki jali jaisi soorat nazar aaye to ye mitri ka asar hota hai, is halat mein pani aur acaricide dono ka sochna padta hai."
W853,Khet ki simt ki jharion ko hatanay se gandum mein mitri ka hamla kam ho sakta hai?,roman_ur,wheat,pest,"Kinaron ki jhariyon ko hatane se host kam ho jate hain jahan mitri pehle basti banati hai, is liye bund aur simt ke jhariyon ka waqt par khatma mitri ke hamle ko kam karne mein madad deta hai."
W854,Gandum ke khet mein pani ki kami mitri keeron ko barhawa deti hai ya kam karti hai?,roman_ur,wheat,pest,"Pani ki bohat kami se paude kamzor hote hain aur mitri ka asar zyada numaya hota hai, jab ke mozoon abpashi se pauda mazboot rehta aur kuch had tak natural tor par mitri se nikal aata hai."
W855,Mitri keeron ke khilaf dawai istemal karte waqt kis qisam ki ehtiyati tadabeer zaruri hain?,roman_ur,wheat,pest,"Acaricide milate waqt dastanay, mask aur band bazuon wale kapre pehnen, hawa tez ho to spray na karein, aur label per di gayi dose se zyada ya kam istemal na karein taa ke faida bhi ho aur nuqsan bhi na ho."
W856,"Gandum ke kuch tantay safed sookhay aur khali lag rahe hain, kya ye tanay ke andar keere ki nishani hai?",roman_ur,wheat,pest,Jab kuch tantay beech se sookh kar hollow ho jayein ya un ka sabz hissa achanak murjha jaye aur kaatne par andar surakh aur narm laarvi nazar aaye to ye tanay ke keere ki nishani hoti hai.
W857,Tanay mein keera honay se jo khali saron wale baal bante hain un se paidawar kitni kam ho sakti hai?,roman_ur,wheat,pest,"White earheads ya khali tanton ki waja se bohat se danay banne se pehle hi khatam ho jate hain, is se affected hisson mein paidawar bohat gir sakti hai, kabhi kabhi poore khet ki paidawar mein 10–20 fee sada tak kami aa jati hai."
W858,Gandum ko waqt par bone se tanay ke keere se bachao mein kitni madad milti hai?,roman_ur,wheat,pest,"Waqt par sowing se paude us stage ko jaldi cross kar lete hain jahan tanay ka keera sab se zyada nuksan deta hai, is liye der se bone ke muqable mein early sowing se hamla aksar kam hota hai."
W859,Kya gandum se pehle do saal lagatar anaaj bone se tanay ke keere ka khatra barh jata hai?,roman_ur,wheat,pest,"Aik hi khet mein do teen saal lagatar anaaj jese gandum ya jo lagane se tanay ke keere ke liye host hamesha mojood rehta hai, is se us ki abadi barh kar aglay saalon ke liye zyada khatra paida karti hai."
W860,Tanay ka keera pakarne ke liye gandum ka tanah kaat kar andar kaisa damage dekhna chahiye?,roman_ur,wheat,pest,Suspected tanay ko landai mein kaat kar agar aap ko central hisay mein siah ya bhoora surakh aur chhota sa safed ya beige rung ka larva nazar aaye to ye tanay ke keere ka evidence hota hai.
W861,Gandum ke khet mein laal bhungry jese keere chust ko khanay wale hon to kya mujhe spray rok dena chahiye?,roman_ur,wheat,general_info,Agar aap dekhain ke chust keeron par laal bhungry aur un ke larvae bohat ginti mein feed kar rahe hain to is halat mein zehr ka spray rokna behtar hota hai taa ke ye faida mand keere apna kaam kar saken.
W862,Kya har chota lal keera faida mand hota hai ya kuch nuksan bhi pohancha sakte hain gandum ko?,roman_ur,wheat,general_info,"Har chota lal keera faida mand nahi hota, lekin classic ladybird beetle gol jism aur nuktay wali hoti hai jo aam tor par aphid khati hai; ajeeb shakal ke ya plant ko seedha kahne wale keere aksar nuqsan deh hote hain."
W863,Gandum ke gird phool wali pattiyaan lagana faida mand keeron ko bulane mein madad karti hai ya nahi?,roman_ur,wheat,general_info,"Boundary par phool wali pattiyaan aur mix fodder strips faida mand keeron ke liye pollen aur nectar ka zarya ban kar un ki tadaad barhate hain, jo baad mein gandum ke andar bhi pests kam karte hain."
W864,Jab gandum mein faida mand keere zyada hon to aam zehr wali dawai se parheiz kyun karna chahiye?,roman_ur,wheat,general_info,"Agar faida mand keere zinda hon to broad‑spectrum zehr un ko bhi maar deta hai, jis se aglay hafton mein pests phir se zyada tezi se barh jate hain; is liye aisi halat mein selective ya delay strategy behtar hoti hai."
W865,"Gandum ke khet mein zang ki teen qisam, kali, bhuri aur peeli, in ko aam kisan kaise pehchan sakta hai?",roman_ur,wheat,disease,"Kali, bhuri aur peeli zang mein rang, soorat aur jagah ka farq hota hai; aam kisan ko posters aur field training ke zariye ye sikhaaya ja sakta hai ke kaun se daane stems par, kaun se patton par aur kaun se dhariyon ki shakal mein lagte hain."
W866,Agar gandum ke patton par peeli dhariyon ki shakal mein daane hon to kya ye peeli zang hai?,roman_ur,wheat,disease,"Patton par seedhi seedhi peeli dhariyan, jo nas ki line ke sath chalte hain, aam tor par peeli ya stripe rust ki nishani hoti hain, jo thandi mosam mein bohat tezi se phail sakti hai."
W867,Bhuri zang ke daane patton ke kis hissa per aam tor par pehle nazar aate hain?,roman_ur,wheat,disease,"Bhuri rust ke daane aksar patton ke darmiyani hisson par chhote circle ya random clusters ki soorat mein pehle nazar aate hain, jab ke stem rust zyada tar tanon par ghanay daane banata hai."
W868,Zang ki bimari se bachne ke liye resistant kisam lagana zyada asar andaaz hai ya baar baar dawai chhidakna?,roman_ur,wheat,disease,"Resistant kisam lagane se har saal spray par inhisar kam ho jata hai, jab ke sirf dawai par bharosa rakhne se kharcha bhi barhta aur resistance ka khatra bhi; is liye dono ka mix, magar emphasis resistant variety per, behtar rahega."
W869,Der se bone ki wajah se gandum mein zang ka asar kaisa barh jata hai?,roman_ur,wheat,disease,"Der se bone se fasal us waqt sensitive stages par hoti hai jab mausam zyada garam aur nami wala hota hai, ye halat zang ke liye bohat munasib hoti hai is liye late sowing mein bimari zyada tez barhti hai."
W870,Gandum ke khet ke gird purani volunteer fasal ko rehne dena zang ke jarasim ke liye kitna khatarnak hai?,roman_ur,wheat,disease,"Volunteer plants zang ke jarasim ke liye saal bhar green bridge ka kaam karte hain, is liye in ko chhor dena aglay Rabi mein shuru se hi high inoculum ka sabab banta hai."
W871,Kya sirf neeche ke patton par thori zang aane par bhi dawai ka chhidkao karna chahiye?,roman_ur,wheat,disease,"Agar sirf bohat neeche ke purane patton par halka sa rust ho aur mausam sookha ho raha ho to kabhi kabhi spray delay ho sakta hai, lekin aam tor par jaldi stage per hi poore khet ka spray safe rahta hai."
W872,Agar grain bharne ke qareeb zang ka hamla shuru ho jaye to kya is se bhi paidawar par bara asar parta hai?,roman_ur,wheat,disease,"Grain bharne par agar flag leaf par rust aa jaye to dana chhota aur halka reh jata hai, is liye is stage par bhi agar infection tez ho raha ho to timely spray se fayda mil sakta hai."
W873,Gandum ke dane ke aik siray par kala pan ya dagh ajaye to use black point kehte hain ya koi aur masla hota hai?,roman_ur,wheat,disease,"Dana ke aik siray, khas tor par embryo ke qareeb, kaala pan ya dagh hon to use black point kaha jata hai jo aksar zyada nami aur dair se harvest ki wajah se hota hai."
W874,Nam aur nami bhare mausam mein grain bharne doran black point ki shiddat kyun barh jati hai?,roman_ur,wheat,disease,"Grain filling ke dour mein agar baar baar nami ho, raat bhar pattay geelay rahein ya harvest delay ho jaye to black point ke jarasim ko danay par ugne ka mauqa mil jata hai aur problem barh jata hai."
W875,Kya jaldi aur waqt par kattai karne se black point ka khatra kam kiya ja sakta hai?,roman_ur,wheat,disease,"Ji haan, jab dana full maturity ke qareeb pohanch jaye to waqt par kattai aur phir jaldi drying black point ka khatra kaafi kam kar deti hai, khaas tor par agar doosri tarf barish ka imkaan ho."
W876,Black point wali gandum ki atta quality aur mandi rate par kitna farq parta hai?,roman_ur,wheat,disease,Black point ki wajah se atta ki rangat dark ho sakti hai aur kuch buyers rate kam laga dete hain; kitna farq parta hai ye buyer ki quality demand aur infected grain ke proportion par depend karta hai.
W877,Gandum ki jadon ke qareeb siah pan aur kamzor tillers common root rot ki nishani ho sakte hain kya?,roman_ur,wheat,disease,"Jadon ke qareeb bhoora ya siah pan, roots ka sadi hui soorat aur kamzor tillers jo pani milne ke bawajood recover nahi hotay, yeh sab common root rot ki taraf ishara karte hain, sirf drought se aise nishan kam hi bante hain."
W878,Lagatar aik hi khet mein gandum bone se jad ki sadi hui bimariyan kyun barh jati hain?,roman_ur,wheat,disease,"Lagatar cereal cropping se fungus ko har saal host milta rehta hai, jis se soil mein us ki abadi barh jati hai; rotation se is silsile ko todna zaroori hota hai."
W879,Barani zameen mein kharab drainage aur pani rukne se jad ki bimariyan zyada hoti hain ya kam?,roman_ur,wheat,disease,"Kharab drainage aur pani rukne se jadow par oxygen kam milti hai, pauda kamzor hota aur fungus ka hamla asaan ho jata hai, is liye aise halat mein root rot zyada dekhi jati hai."
W880,Common root rot se bachne ke liye rotation mein kaun si fasslein dalna behtar rahega?,roman_ur,wheat,disease,"Rotation mein legumes, oilseed ya doosri non‑cereal fasslein dalne se root rot ke pathogens ko host nahi milta, is se un ki tadaad kam hoti aur agle wheat crop ka risk ghata jata hai."
W881,"Gandum ke kuch baal safed aur jaldi sookh gaye, lekin neeche ka hissa sab theek hai; kya ye sar par kisi fugal hamle ki nishani hai?",roman_ur,wheat,disease,"Agar sirf kuch saron par safed pan ho aur neeche ka hissa abhi sabz ho to ye aksar sar par kisi fungal ya physiological masley ki taraf ishara karta hai, is mein head blast, FHB ya severe stem damage shamil ho sakte hain."
W882,Sar ke daane agar aadhe pakay aur aadhe sikkhay hon to kya isay head blast kaha jata hai?,roman_ur,wheat,disease,"Jahan sar ke kuch spikelets gulabi ya sikkhay ho kar jaldi sookh jayein aur baqi hissa normal ho, log aksar use head blast ke naam se pukarte hain; asal tashkhees ke liye nazdeek se dekhna zaroori hota hai."
W883,Gandum ke sar per bemauqa safedi aajaye to is stage par kis qisam ki ehtiyat karni chahiye?,roman_ur,wheat,disease,"Aisi surat mein saron ki tasveer, sample aur field ka record sambhal kar rakhein, nitrogen aur pani ka balance check karein aur aglay saal ke liye resistant variety aur heading ke qareeb fungicide par gaur karein."
W884,Zyada nitrogen heading ke qareeb dene se sar ki bimariyan kyun barh jati hain?,roman_ur,wheat,disease,"Zyada nitrogen se paude bohat lush aur ghane ho jate hain, jis se humidity barh kar sar ki bimariyon jaise blast aur FHB ke jarasim ko asan mahool mil jata hai."
W885,Gandum ke baalo par halka gulabi ya surkh rang ka maaloom honay par kya mujhe fusal se danay alag rakhne chahiye?,roman_ur,wheat,disease,"Gulabi ya surkh fungus wale danon mein mycotoxin ka khatra hota hai, is liye in ko seed ke tor par bilkul use na karein aur feed ke liye bhi expert mashwara le kar hi istemal karein."
W886,Maiz ke baad gandum lagane se sar ki fusal ke andar gulabi sadi hui bimari ka khatra kyun barhta hai?,roman_ur,wheat,disease,"Maiz residues Fusarium ka bohat bara source hotay hain, is liye maize ke baad wheat mein FHB aur related sar ki bimariyon ka risk zyada hota hai; residue management aur rotation is risk ko kam karte hain."
W887,"Gandum ke neeche wale hisay par siah aur bhura pan, sath hi plant ka chhota reh jana, foot rot ki taraf ishara karta hai kya?",roman_ur,wheat,disease,"Stem base aur crown ka siah, bhoora aur soggy hona, sath hi plant ka chhota aur kam tillers wala reh jana foot rot ki aam nishaniyan hain jo sirf nutrient kami se kam hi milti hain."
W888,Pani ka lamba arsa jad ke gird khara rehne se foot rot aur crown rot kitna barh sakta hai?,roman_ur,wheat,disease,"Jitna zyada pani lamba arsa jad ke gird khara rahe ga, utni hi jad kamzor aur fungus mazboot hoti jayegi, is liye waterlogging se foot rot ki intensity bohat barh sakti hai."
W889,Beds par bone se foot rot jesi bimariyon mein kahan tak kami aasakti hai gandum mein?,roman_ur,wheat,disease,"Beds par bone se jad ka hissa zameen se thora ooncha rehta hai, pani jaldi nikal jata aur hawa dari behtar hoti hai, jis se foot rot jesi bimariyon ka khatra kam ho jata hai."
W890,"Patton par lambay bhure daag jo aapas mein mil kar bara daagh bana dein, kya ye leaf blight hai ya kuch aur?",roman_ur,wheat,disease,"Lambay bhure daag jin ke gird peeli halo ho aur jo aapas mein mil kar bara necrotic area bana dein, aksar leaf blight/spot blotch ki nishani hotay hain; simple tip burn aksar sirf kinare se shuru hota hai."
W891,Zyada ghaNta aur tez pani dene se leaf blight jesi pattay ki bimariyan kyun barh jati hain?,roman_ur,wheat,disease,"Zyada ghaNta, bohat gehri sinchai aur residues se humidity barh jati hai, ye sab conditions leaf blight ke jarasim ke liye ideal hoti hain jis se bimari tezi se phailti hai."
W892,Agar tillering ke qareeb hi pattay par daag nazar aane lagain to kya is stage par dawai fayda degi?,roman_ur,wheat,disease,Agar tillering ke qareeb hi daag numaya dikhne lagen aur mausam mozoon ho to is stage per ki gayi fungicide spray aksar baad ke damage ko kaafi had tak rok sakti hai.
W893,Gandum ke patton ke upar safed mehl jesi parat ban jaye to isay powdery mildew kehte hain kya?,roman_ur,wheat,disease,"Ji haan, patton par dhoodh jesa safed mehl ki parat jo ungli se ragarne par hata jaye, khas tor par upper leaves par, powdery mildew ki classic nishani hai."
W894,Powdery mildew se bachne ke liye gandum ki ghaNta kam rakhnay aur hawa dari barhane ka kya faida hai?,roman_ur,wheat,disease,"Kam ghaNta se hawa zyada guzar sakti hai aur pattay jaldi sookh jate hain, jis se powdery mildew aur doosri leaf diseases ke liye anukool nami kam ho jati hai."
W895,Sasta gandhak chhidak kar powdery mildew ko control karna chhote kisaan ke liye kaisa raasta hai?,roman_ur,wheat,disease,"Gandhak sasti aur chhote kisano ke liye moujood dawai hai, jo powdery mildew ke khilaf kaafi asar andaaz ho sakti hai agar sahi waqt aur sahi matra mein chhidki jaye."
W896,Agar season ke aakhir mein powdery mildew aaye to kya phir bhi dawai chhidakna zaroori hota hai?,roman_ur,wheat,disease,"Agar powdery mildew sirf season ke bilkul aakhir mein aaye jab dana lag bhag poora bhar chuka ho to aksar spray se khaas faida nahi hota, is liye late appearance par aam tor par dawai ki zarurat kam hoti hai."
W897,Septoria jese pattay ke daagh mein chhote chhote kaale nukat dikhai dene par kiya samajhna chahiye?,roman_ur,wheat,disease,"Septoria jese daagon mein andar chhote chhote kaale nok jese dhabbay (pycnidia) dikhai dete hain, ye nishani use doosri leaf spot bimariyon se mukhtalif banati hai."
W898,Pichli fasal ke bhusay ko khuli zameen par chhor dene se Septoria aur tan spot ka khatra kyun barh jata hai?,roman_ur,wheat,disease,"Bhusa aur residue jo zameen ki satah par rehte hain un par Septoria aur tan spot ke jarasim zinda bach jate hain, aglay season mein barish ke chhenthon ke zariye ye patton tak pohanch kar infection barhate hain."
W899,Kya sirf rotation aur residue kam karne se tan spot jesi bimari ko kabu mein laya ja sakta hai?,roman_ur,wheat,disease,"Low pressure halat mein achhi rotation, residue ko jaldi tor kar mitti mein mila dena aur sahi variety ka intikhab tan spot ko kafi had tak control mein rakh sakta hai, lekin high pressure saalon mein phir bhi spray ki zarurat par sakti hai."
W900,Smutt wali gandum mein daanon ki jagah kaala mail jese gola kyun ban jata hai?,roman_ur,wheat,disease,"Smutt mein normal dana nahi banta, us ki jagah fungus ka kaala mail jese gole bante hain jo tootne par hawa mein udd jate hain aur pass wale danon aur seed ko contaminate kar dete hain."
W901,Agar aik saal smutt zyada ho to aglay saal ke liye seed ke sath kya salook karna chahiye?,roman_ur,wheat,disease,Agle saal ke liye sirf certified ya bilkul saaf seed ka istemal karein aur usay mazboot fungicidal seed treatment ke sath treat karein; smutt wali fasal ka seed reuse na karein.
W902,Garam pani se beej dhone ka tareeqa smutt ke khilaf chhote kisaan ke liye kitna mushkil ya asaan hai?,roman_ur,wheat,disease,Garam pani se treatment technical kaam hai jisme hararat aur waqt ka bohat khayal rakhna padta hai; chhote kisaan ke liye agar sahi saaz o saman na ho to ready made seed dresser ka istemal ziyada asaan rehta hai.
W903,Tan spot mein daagon ke gird peeli halqay dikhai dene se ye bimari doosri leaf spot se kaise mukhtalif lagti hai?,roman_ur,wheat,disease,"Tan spot ke daagon ke tan rang ke gird peeli halo aur kabhi kabhi center mein chhota sa dark spot hota hai, jab ke doosri spots mein ya to halo nahi hota ya pattern mukhtalif hota hai."
W904,Kya tan spot aur zang ek sath ho sakte hain gandum mein aur is surat mein dawai ka intikhab kaise karein?,roman_ur,wheat,disease,"Haan, tan spot aur zang ek hi khet mein ho sakte hain; aisi surat mein aisi fungicide chunni chahiye jo dono par asar rakhti ho aur spray ka waqt flag leaf ko protect karne ke hisab se rakha jaye."
W905,Gandum ke khet mein itni saari bimariyon ke bawajood spray ki ginti kam rakhne ka sab se acha tareeqa kya hai?,roman_ur,wheat,general_info,"Sab se acha tareeqa yeh hai ke resistant kisam, rotation, balanced khaad, timely sowing aur threshold based scouting ka istemal karein taa ke sirf un hi saalon aur hisson mein spray ho jahan waqai zarurat ho."
W906,Kya aik hi dawai ko bar bar istemal karne se jarasim us ke khilaf mazboot ho jate hain?,roman_ur,wheat,general_info,Aik hi zehr ko bar bar istemal karne se jarasim dheere dheere us se bachna seekh jate hain jise resistance kehte hain; is liye modes of action rotate karna bohat zaroori hai.
W907,Gandum ke spray ka record diary mein rakhne se aglay saal behtar faislay kaise liye ja sakte hain?,roman_ur,wheat,general_info,"Spray ka record rakhne se aap dekh sakte hain kis product, kis dose aur kis stage per kitna faida hua, is se aglay saal behtar combination aur kam ghaltiyon wala plan ban sakta hai."
W908,Integrated tareeqe se pests aur bimariyon ko control karne ka matlab kya hai gandum ke kisan ki zubaan mein?,roman_ur,wheat,general_info,"Integrated tareeqa ka matlab hai ke hum sirf zehr par nahi, balki resistant variety, rotation, healthy soil, faida mand keere aur sahi waqt per limited spray sab ko mila kar pests aur diseases ko control karen."
W909,Kya hum padosi kisanon ke sath mil kar aik hi waqt par zang aur chust keeron ke khilaf kdam utha kar behtar natija hasil kar sakte hain?,roman_ur,wheat,general_info,"Ji haan, agar gaon ke kisan mil kar ek hi waqt par zang ke khilaf spray karein ya volunteer plants hata dein to jarasim ke liye bachne ki jagah kam rehti hai aur area level par bimari kam hoti hai."
W910,Gandum ke sprays mein sab se aam ghaltiyan kaun si hoti hain jo chhote kisaan ko nuksan pohanchati hain?,roman_ur,wheat,general_info,"Aam ghaltiyon mein andaza se dose lagana, dhoop aur hawa mein spray karna, label na parhna, har masle ke liye sirf aik hi dawai use karna aur waiting period ka khayal na rakhna shamil hain."
W911,Mobile se tasveer bhej kar bimari ki pehchan karwana aam kisan ke liye kitna madadgar sabit ho sakta hai?,roman_ur,wheat,general_info,"Mobile se clear tasveer bhejne se expert ko nishaniyaan seedhi nazar aati hain, jisse ghalat tashkhees ka imkaan kam hota aur aap ko zyada munasib mashwara milta hai."
W912,Chhote chhote hisson mein alag alag tareeqe azma kar dekhna gandum mein behtar management seekhne ka sasta tareeqa hai ya nahi?,roman_ur,wheat,general_info,Chhote plots ya strips mein mukhtalif tareeqe azma kar un ka nateeja dekhna sasti learning hai; is se aap dekh sakte hain ke kis combination se aap ke khet mein sab se behtar natija nikalta hai.
W913,Kya zyada ghaNta kam karke seed rate thora kam rakhne se gandum mein bimari ka khatra kam hoga?,roman_ur,wheat,disease,"Bohat high fertility fields mein seed rate thora kam rakhne se ghaNta kam hota, hawa zyada guzar sakti aur kuch bimariyon ka khatra kam ho sakta hai, lekin rate itna kam na ho ke paidawar hi gir jaye."
W914,Season ke aakhir mein agar sirf upar ke patton par halka daag ho to kya is waqt dawai se koi khaas faida hota hai?,roman_ur,wheat,disease,"Agar fasal almost mature ho, flag leaf zyada tar sookh chuki ho aur disease late stage par aaye to is waqt spray se paidawar mein bohat kam faida hota hai, is liye late season sprays aksar munafa bakhsh nahi rehte."
W915,Gandum ke har saal ke photos aur notes sambhal kar rakhne se aane walay saalon mein kya faida mil sakta hai?,roman_ur,wheat,general_info,"Har saal ke photos aur notes se aap dekh sakte hain kis halat mein kaunsi bimari barhi, kis spray ne kaam kiya aur kya ghalti hui; ye sab future planning ko mazboot banata hai."
W916,Kya fasal ke andar se kuch khet ko bilkul spray se bachakar rakhna comparison ke liye achha tajurba ho sakta hai?,roman_ur,wheat,general_info,Chhota untreated hissa rakh kar aap compare kar sakte hain ke spray se asal mein kitna faida hua; is se anuman lagana asaan ho jata hai ke aglay saal isi spray mein paisa lagana chahiye ya nahi.
W917,"Waqt par scouting na karne se chust, zang aur doosri bimariyan itni phail jati hain ke dawai bhi kam asar dikhanay lagti hai, is baat ko kaise yaad rakha jaye?",roman_ur,wheat,general_info,"Jab tak aap khet ka chakkar nahi lagate, chust, zang aur doosri bimariyan chup kar tezi se barh sakti hain; is liye apne aap se wada karein ke har haftay kam az kam aik dafa poore khet ka ghoom kar jaiza zaroor lengay."
W918,Har spray se pehle minimum kaun kaun si hifazati cheezen pehn kar gandum mein spray karna chahiye?,roman_ur,wheat,general_info,"Kam az kam dastanay, mask ya kapa jaisa mooh dhakne ka saman, lambi aastinon wali qameez aur band jootay pehn kar spray karna chahiye taa ke zehr jild ya saans ke zariye kam se kam jism mein jaye."
W919,Khaali dabbon ko khet ke qareeb phainkne ki bajaye theek tareeqe se zaya karne ki ahmiyat kya hai?,roman_ur,wheat,general_info,"Khaali dabbon ko naalon, kheton ya agri waste ke sath phenkne se pani aur mitti dono aaloood ho jate hain; unhein teen dafa dho kar surakh karein aur safe jagah par daba den ya collection point per jama kar dein."
W920,Gandum ke khet mein agar kuch hisson par bohat gehra pani aur kuch par sukhapan ho to pests aur bimariyon ka pattern kaise badalta hai?,roman_ur,wheat,general_info,"Jahan pani zyada der khara hota hai wahan diseases aur root rot barh sakti hain, jab ke bohat sukhay hisay stress ki wajah se pests aur kuch nutrient issues ka shikar ho jate hain; ye patchy condition overall management ko mushkil banati hai."
W921,Kya ghoom phir kar rotation mein doodhiya ya danedaar fodder rakhne se gandum ke pests aur diseases mein kami dekhi gayi hai?,roman_ur,wheat,general_info,"Rotation mein doodhiya ya danedaar fodder rakhne se soil ka cycle badalta, pests aur diseases ka host toot ta aur organic matter barhta, jis se aglay wheat crop par risk kam ho sakta hai."
W922,Gandum ke saste aur mehngay tareeqon ka muqabla karne ke liye simple hisab kitab kaisa hona chahiye?,roman_ur,wheat,general_info,"Simple hisab kitab mein har input (beej, khaad, spray, pani, labour) ka kharcha likhein, phir harvest ke baad total aamdani se minus kar ke dekhein ke kis jaga kharcha zyada aur faida kam tha."
W923,Kya faida mand keeron ki pehchan ke posters ya calendar deewar par latkana kisan ke liye rozana yaad dehani ka kaam kar sakta hai?,roman_ur,wheat,general_info,"Posters ya calendar roz dekhne se kisan ko faida mand keeron ki shakal yaad rehti hai, jis se wo unhein ghalti se zehr se nahi marte aur IPM soch dimaag mein tazaa rehti hai."
W924,Gandum ke kisan ke liye sab se pehla signal kya hota hai ke ab khet ka chakkar lagane ka waqt aa gaya hai?,roman_ur,wheat,general_info,"Jab aap ko lagay ke aglay kuch dinon mein weather mein tabdeeli aa rahi hai, ya fasal naye stage mein ja rahi ho (jaise tillering, booting), ya pichle chakkar ko ek haftay se zyada ho gaya ho to ye signal hai ke ab khet dekhna zaruri hai."
W925,Agar sard mosamon mein lambi baarish ho jaye to gandum ke pattay aur saron per kaun kaun si bimariyan achanak zyada ho sakti hain?,roman_ur,wheat,disease,"Lambi barish aur nami se leaf blight, rust, FHB aur black point jesi bimariyan achanak barh sakti hain; is liye aise mosam ke foran baad gandum ka qareeb se jaiza lena bohat ahm hota hai."
W926,"Gandum ki planning mein pani, zehr aur mehnat teenon ko ek sath dekh kar faisla karna kyun zaroori hai?",roman_ur,wheat,general_info,"Agar aap sirf yield dekhen aur mehnat, pani, zehr ka kharcha na ginen to asal munafa samajh nahi aata; teeno cheezon ko ek sath dekh kar hi decide ho sakta hai ke kaun sa tareeqa waqai faida mand hai."
W927,Kya chhota kisan mobile par seedhi seedhi checklist bana kar har spray se pehle usay dekh kar ghaltiyan kam kar sakta hai?,roman_ur,wheat,general_info,"Ji haan, ek simple checklist jisme dose, weather, PPE, nozzle check jaise points hon, har spray se pehle dekhne se ghaltiyon ka imkaan bohat kam ho jata hai."
W928,Gandum ke khet mein bohat kam qismon par depend rehne se disease risk barhta hai ya kam hota hai?,roman_ur,wheat,disease,Sirf chand limited qismon par depend rehna agar sab susceptible niklein to kisi naye rust race ke aane par bara risk ban jata hai; kuch diverse resistant varieties ka mix is risk ko kam karta hai.
W929,Kya har gaon ke kisan mil kar apne apne tajurbe likh kar ek chhoti si kitab bana sakte hain jo aglay saal gandum ke liye rehnuma bane?,roman_ur,wheat,general_info,"Haan, kisan apne local tajurbe, photos aur noton ko jama kar ke ek chhota manual bana sakte hain jo us ilaqe ke mosam, zameen aur market ke mutabiq sab se zyada relevant hota hai."
W930,Gandum ki fassal mein bachon ko bhi field visit par le jana un ko future farming ke liye kis had tak motivate kar sakta hai?,roman_ur,wheat,general_info,"Bachon ko field visits par le jane se wo plant, mitti aur mehnat se qareeb ho kar seekhte hain, jis se un mein future farming ke liye dilchaspi aur zimmedari ka ehsaas barhta hai."
W931,My wheat has insects what to do?,en,wheat,pest,"Spray a recommended insecticide when pest count crosses the threshold; use correct dose and spray in cooler hours. For aphids, target undersides of leaves."
W932,When to give water to wheat?,en,wheat,irrigation,"Give first irrigation around 20–25 days after sowing at crown-root stage; then at tillering, booting, flowering and grain filling. Gap is often 12–20 days."
W933,Wheat leaves are yellow why?,en,wheat,nutrient_deficiency,"Yellow leaves often mean nitrogen deficiency; topdress with urea at tillering. If zinc deficient, use zinc sulphate or foliar zinc spray as recommended."
W934,How to control weeds in wheat?,en,wheat,weed_control,"Spray recommended herbicide for wheat when weeds are small, usually 25–35 days after sowing. Use grass or broad-leaf product as per weed type; follow label."
W935,Best time to sow wheat?,en,wheat,sowing,"Best time is late October to mid-November in most areas. Use recommended seed rate per acre, line sowing 3–5 cm depth, and treat seed before sowing."
W936,Wheat crop has disease help.,en,wheat,disease,"For rust, spray a recommended systemic fungicide at first signs; use resistant varieties and avoid late sowing. For smut, treat seed with fungicide before next sowing."
W937,Fertilizer for wheat per acre?,en,wheat,fertilizer,Apply DAP and part of urea at sowing; split rest of nitrogen at first irrigation and tillering. Dose depends on soil test and yield target.
W938,How many irrigations for wheat?,en,wheat,irrigation,"Critical stages are crown-root, tillering, booting, flowering and grain filling. Missing water at these times can cut yield; avoid over-irrigation to prevent lodging."
W939,Wheat ready for harvest when?,en,wheat,harvest,"Harvest when grain is hard, straw yellow and moisture in safe range. Dry grain well before storage; keep in clean, dry bags or bins away from moisture."
W940,Price of wheat today?,en,wheat,market_price,"Check daily rate at nearest mandi, government SMS, or agri apps. Support price is announced by government; procurement centers list is at food or agri office."
W941,My crop has pest.,en,wheat,pest,"Identify the pest first, then use the insecticide or method recommended for it. Avoid excess nitrogen and keep field clean to reduce pest buildup."
W942,Wheat rust treatment?,en,wheat,disease,"Yellow or brown pustules on leaves are often rust; stem rust is black. Spray fungicide early, ensure good coverage, and prefer resistant varieties."
W943,Seed rate for wheat?,en,wheat,sowing,Sow after rice or cotton harvest in the recommended window. Late sowing needs higher seed rate. Certified seed and seed treatment give better stand.
W944,First irrigation after sowing wheat?,en,wheat,irrigation,"Sandy soil needs more frequent, lighter irrigations; in canal shortage, prioritize critical stages and use ridges or beds to save water."
W945,Weedicide for wheat?,en,wheat,weed_control,First weeding or hoeing within 25–30 days helps. For broad-leaf weeds use broad-leaf herbicide; for grasses use grass-selective product. Avoid tank mix unless label allows.
W946,Wheat variety for Punjab?,en,wheat,general_info,"Wheat needs timely sowing, balanced fertilizer, irrigation at critical stages, weed control and pest-disease management. Scout field regularly and follow local recommendations."
W947,Urea for wheat how much?,en,wheat,fertilizer,"Balanced NPK: P and K at sowing, N split at sowing, tillering and sometimes booting. FYM or compost with chemical fertilizer improves soil."
W948,Wheat straw what to do?,en,wheat,harvest,Combine settings should be adjusted to reduce shattering and loss. Store grain at safe moisture; fumigate or treat if storage pests appear.
W949,Wheat market rate?,en,wheat,market_price,Sell when you need cash or when rate is good; better quality and test weight often get higher price. Avoid selling only to one middleman if you can.
W950,Aphid in wheat control?,en,wheat,pest,"For aphids, spray when you see colonies on leaves or ears; for termites, improve drainage and use seed treatment. Ask extension for the right product."
W951,Wheat sowing month?,en,wheat,sowing,"Land should be fine, level and moist. Row spacing about 20–25 cm. Zero till or happy seeder can be used after rice where recommended."
W952,Yellow rust wheat?,en,wheat,disease,"Karnal bunt causes black, smelly grains; use clean seed and seed treatment. For leaf blight or spots, fungicide spray at recommended stage."
W953,DAP for wheat when?,en,wheat,fertilizer,Low fertility soil needs higher but balanced dose; zinc or boron if deficient. Foliar urea can supplement at tillering if needed.
W954,Gap between wheat irrigations?,en,wheat,irrigation,Over-watering causes waterlogging and disease; keep gaps of about 12–20 days between irrigations depending on soil and weather.
W955,Weeds in wheat field?,en,wheat,weed_control,"Good land prep, line sowing and timely irrigation reduce weeds. Rotate herbicides to avoid resistance."
W956,Wheat harvest time?,en,wheat,harvest,"Straw can be used as fodder, mulch or sold; baling helps if you have a baler. Clean and grade grain for better price."
W957,Government wheat price?,en,wheat,market_price,Forward contract or group selling can sometimes get better rate; keep grain clean and dry for best price.
W958,Termite in wheat?,en,wheat,pest,"Use IPM: scout regularly, protect beneficial insects, spray only when needed with selective insecticide. Neem or recommended biopesticides can help in early stages."
W959,Line sowing or broadcast wheat?,en,wheat,sowing,"Best time is late October to mid-November in most areas. Use recommended seed rate per acre, line sowing 3–5 cm depth, and treat seed before sowing."
W960,Leaf rust wheat spray?,en,wheat,disease,"For rust, spray a recommended systemic fungicide at first signs; use resistant varieties and avoid late sowing. For smut, treat seed with fungicide before next sowing."
W961,Nitrogen for wheat when?,en,wheat,fertilizer,Apply DAP and part of urea at sowing; split rest of nitrogen at first irrigation and tillering. Dose depends on soil test and yield target.
W962,Over water wheat bad?,en,wheat,irrigation,"Give first irrigation around 20–25 days after sowing at crown-root stage; then at tillering, booting, flowering and grain filling. Gap is often 12–20 days."
W963,First weeding wheat when?,en,wheat,weed_control,"Spray recommended herbicide for wheat when weeds are small, usually 25–35 days after sowing. Use grass or broad-leaf product as per weed type; follow label."
W964,Wheat grain storage?,en,wheat,harvest,"Harvest when grain is hard, straw yellow and moisture in safe range. Dry grain well before storage; keep in clean, dry bags or bins away from moisture."
W965,Wheat selling tips?,en,wheat,market_price,"Check daily rate at nearest mandi, government SMS, or agri apps. Support price is announced by government; procurement centers list is at food or agri office."
W966,Keera in my fasal.,en,wheat,pest,"Keera control ke liye pehle pest pehchanen, phir extension se recommended spray len. Aphid par threshold dekh kar spray karein; termite mein drainage theek karein."
W967,Wheat seed per acre?,en,wheat,sowing,Sow after rice or cotton harvest in the recommended window. Late sowing needs higher seed rate. Certified seed and seed treatment give better stand.
W968,Stem rust wheat?,en,wheat,disease,"Yellow or brown pustules on leaves are often rust; stem rust is black. Spray fungicide early, ensure good coverage, and prefer resistant varieties."
W969,Potash for wheat?,en,wheat,fertilizer,"Balanced NPK: P and K at sowing, N split at sowing, tillering and sometimes booting. FYM or compost with chemical fertilizer improves soil."
W970,Sandy soil wheat irrigation?,en,wheat,irrigation,"Critical stages are crown-root, tillering, booting, flowering and grain filling. Missing water at these times can cut yield; avoid over-irrigation to prevent lodging."
W971,Broad leaf weed wheat?,en,wheat,weed_control,First weeding or hoeing within 25–30 days helps. For broad-leaf weeds use broad-leaf herbicide; for grasses use grass-selective product. Avoid tank mix unless label allows.
W972,Combine wheat harvest?,en,wheat,harvest,Combine settings should be adjusted to reduce shattering and loss. Store grain at safe moisture; fumigate or treat if storage pests appear.
W973,Wheat mandi rate?,en,wheat,market_price,Sell when you need cash or when rate is good; better quality and test weight often get higher price. Avoid selling only to one middleman if you can.
W974,Insect in wheat crop.,en,wheat,pest,"Spray a recommended insecticide when pest count crosses the threshold; use correct dose and spray in cooler hours. For aphids, target undersides of leaves."
W975,Late sowing wheat okay?,en,wheat,sowing,"Land should be fine, level and moist. Row spacing about 20–25 cm. Zero till or happy seeder can be used after rice where recommended."
W976,Smut in wheat?,en,wheat,disease,"Karnal bunt causes black, smelly grains; use clean seed and seed treatment. For leaf blight or spots, fungicide spray at recommended stage."
W977,FYM with wheat fertilizer?,en,wheat,fertilizer,Low fertility soil needs higher but balanced dose; zinc or boron if deficient. Foliar urea can supplement at tillering if needed.
W978,Canal shortage wheat water?,en,wheat,irrigation,"Sandy soil needs more frequent, lighter irrigations; in canal shortage, prioritize critical stages and use ridges or beds to save water."
W979,Narrow leaf weed wheat?,en,wheat,weed_control,"Good land prep, line sowing and timely irrigation reduce weeds. Rotate herbicides to avoid resistance."
W980,Wheat moisture at harvest?,en,wheat,harvest,"Straw can be used as fodder, mulch or sold; baling helps if you have a baler. Clean and grade grain for better price."
W981,Wheat support price?,en,wheat,market_price,Forward contract or group selling can sometimes get better rate; keep grain clean and dry for best price.
W982,Pest in my wheat.,en,wheat,pest,"Identify the pest first, then use the insecticide or method recommended for it. Avoid excess nitrogen and keep field clean to reduce pest buildup."
W983,Row spacing wheat?,en,wheat,sowing,"Best time is late October to mid-November in most areas. Use recommended seed rate per acre, line sowing 3–5 cm depth, and treat seed before sowing."
W984,Fungicide for wheat rust?,en,wheat,disease,"For rust, spray a recommended systemic fungicide at first signs; use resistant varieties and avoid late sowing. For smut, treat seed with fungicide before next sowing."
W985,Zinc for wheat?,en,wheat,nutrient_deficiency,Pale or yellow older leaves usually indicate N shortage; apply recommended nitrogen. Whitish stripes on new leaves can be zinc; use zinc fertilizer or foliar spray.
W986,Ridge wheat save water?,en,wheat,irrigation,Over-watering causes waterlogging and disease; keep gaps of about 12–20 days between irrigations depending on soil and weather.
W987,Tank mix urea weedicide wheat?,en,wheat,weed_control,"Spray recommended herbicide for wheat when weeds are small, usually 25–35 days after sowing. Use grass or broad-leaf product as per weed type; follow label."
W988,Wheat threshing loss?,en,wheat,harvest,"Harvest when grain is hard, straw yellow and moisture in safe range. Dry grain well before storage; keep in clean, dry bags or bins away from moisture."
W989,Wheat procurement center?,en,wheat,market_price,"Check daily rate at nearest mandi, government SMS, or agri apps. Support price is announced by government; procurement centers list is at food or agri office."
W990,Aphid spray wheat when?,en,wheat,pest,"For aphids, spray when you see colonies on leaves or ears; for termites, improve drainage and use seed treatment. Ask extension for the right product."
W991,Land prep before wheat?,en,wheat,sowing,Sow after rice or cotton harvest in the recommended window. Late sowing needs higher seed rate. Certified seed and seed treatment give better stand.
W992,Black rust wheat?,en,wheat,disease,"Yellow or brown pustules on leaves are often rust; stem rust is black. Spray fungicide early, ensure good coverage, and prefer resistant varieties."
W993,Split nitrogen wheat?,en,wheat,fertilizer,Apply DAP and part of urea at sowing; split rest of nitrogen at first irrigation and tillering. Dose depends on soil test and yield target.
W994,Critical stage wheat water?,en,wheat,irrigation,"Give first irrigation around 20–25 days after sowing at crown-root stage; then at tillering, booting, flowering and grain filling. Gap is often 12–20 days."
W995,Herbicide timing wheat?,en,wheat,weed_control,First weeding or hoeing within 25–30 days helps. For broad-leaf weeds use broad-leaf herbicide; for grasses use grass-selective product. Avoid tank mix unless label allows.
W996,Wheat drying after harvest?,en,wheat,harvest,Combine settings should be adjusted to reduce shattering and loss. Store grain at safe moisture; fumigate or treat if storage pests appear.
W997,Wheat quality better price?,en,wheat,market_price,Sell when you need cash or when rate is good; better quality and test weight often get higher price. Avoid selling only to one middleman if you can.
W998,Mite on wheat?,en,wheat,pest,"Use IPM: scout regularly, protect beneficial insects, spray only when needed with selective insecticide. Neem or recommended biopesticides can help in early stages."
W999,Drill sowing wheat?,en,wheat,sowing,"Land should be fine, level and moist. Row spacing about 20–25 cm. Zero till or happy seeder can be used after rice where recommended."
W1000,Loose smut wheat?,en,wheat,disease,"Karnal bunt causes black, smelly grains; use clean seed and seed treatment. For leaf blight or spots, fungicide spray at recommended stage."
W1001,Low soil wheat fertilizer?,en,wheat,fertilizer,"Balanced NPK: P and K at sowing, N split at sowing, tillering and sometimes booting. FYM or compost with chemical fertilizer improves soil."
W1002,First water after wheat sow?,en,wheat,irrigation,"Critical stages are crown-root, tillering, booting, flowering and grain filling. Missing water at these times can cut yield; avoid over-irrigation to prevent lodging."
W1003,Manual weeding wheat?,en,wheat,weed_control,"Good land prep, line sowing and timely irrigation reduce weeds. Rotate herbicides to avoid resistance."
W1004,Wheat storage insect?,en,wheat,harvest,"Straw can be used as fodder, mulch or sold; baling helps if you have a baler. Clean and grade grain for better price."
W1005,Wheat loan for farmer?,en,wheat,subsidy_loan,Visit agriculture office or bank for crop loan and subsidy schemes; bring land papers and CNIC. Kisan card and interest-free or low-interest schemes are often available.
W1006,Armyworm wheat?,en,wheat,pest,"Keera control ke liye pehle pest pehchanen, phir extension se recommended spray len. Aphid par threshold dekh kar spray karein; termite mein drainage theek karein."
W1007,Cotton after wheat sow?,en,wheat,sowing,"Best time is late October to mid-November in most areas. Use recommended seed rate per acre, line sowing 3–5 cm depth, and treat seed before sowing."
W1008,Karnal bunt wheat?,en,wheat,disease,"For rust, spray a recommended systemic fungicide at first signs; use resistant varieties and avoid late sowing. For smut, treat seed with fungicide before next sowing."
W1009,Micronutrient wheat spray?,en,wheat,fertilizer,Low fertility soil needs higher but balanced dose; zinc or boron if deficient. Foliar urea can supplement at tillering if needed.
W1010,Sprinkler for wheat?,en,wheat,irrigation,"Sandy soil needs more frequent, lighter irrigations; in canal shortage, prioritize critical stages and use ridges or beds to save water."
W1011,Cultural control weed wheat?,en,wheat,weed_control,"Spray recommended herbicide for wheat when weeds are small, usually 25–35 days after sowing. Use grass or broad-leaf product as per weed type; follow label."
W1012,Wheat shattering?,en,wheat,harvest,"Harvest when grain is hard, straw yellow and moisture in safe range. Dry grain well before storage; keep in clean, dry bags or bins away from moisture."
W1013,Subsidy wheat seed?,en,wheat,subsidy_loan,Crop insurance can help in loss years; ask at agri office or bank. Warehouse receipt and group schemes sometimes help with credit and better selling.
W1014,Cutworm wheat?,en,wheat,pest,"Spray a recommended insecticide when pest count crosses the threshold; use correct dose and spray in cooler hours. For aphids, target undersides of leaves."
W1015,Rice wheat system sow when?,en,wheat,sowing,Sow after rice or cotton harvest in the recommended window. Late sowing needs higher seed rate. Certified seed and seed treatment give better stand.
W1016,Powdery mildew wheat?,en,wheat,disease,"Yellow or brown pustules on leaves are often rust; stem rust is black. Spray fungicide early, ensure good coverage, and prefer resistant varieties."
W1017,Organic manure wheat?,en,wheat,fertilizer,Apply DAP and part of urea at sowing; split rest of nitrogen at first irrigation and tillering. Dose depends on soil test and yield target.
W1018,Days between wheat water?,en,wheat,irrigation,Over-watering causes waterlogging and disease; keep gaps of about 12–20 days between irrigations depending on soil and weather.
W1019,Pre emergence weedicide wheat?,en,wheat,weed_control,First weeding or hoeing within 25–30 days helps. For broad-leaf weeds use broad-leaf herbicide; for grasses use grass-selective product. Avoid tank mix unless label allows.
W1020,Wheat combine setting?,en,wheat,harvest,Combine settings should be adjusted to reduce shattering and loss. Store grain at safe moisture; fumigate or treat if storage pests appear.
W1021,Crop insurance wheat?,en,wheat,subsidy_loan,Visit agriculture office or bank for crop loan and subsidy schemes; bring land papers and CNIC. Kisan card and interest-free or low-interest schemes are often available.
W1022,Rodent wheat field?,en,wheat,pest,"Identify the pest first, then use the insecticide or method recommended for it. Avoid excess nitrogen and keep field clean to reduce pest buildup."
W1023,Barani wheat sow when?,en,wheat,sowing,"Land should be fine, level and moist. Row spacing about 20–25 cm. Zero till or happy seeder can be used after rice where recommended."
W1024,Septoria wheat?,en,wheat,disease,"Karnal bunt causes black, smelly grains; use clean seed and seed treatment. For leaf blight or spots, fungicide spray at recommended stage."
W1025,Sulfur for wheat?,en,wheat,fertilizer,"Balanced NPK: P and K at sowing, N split at sowing, tillering and sometimes booting. FYM or compost with chemical fertilizer improves soil."
W1026,Bed planting wheat?,en,wheat,irrigation,"Give first irrigation around 20–25 days after sowing at crown-root stage; then at tillering, booting, flowering and grain filling. Gap is often 12–20 days."
W1027,Resistance weed wheat?,en,wheat,weed_control,"Good land prep, line sowing and timely irrigation reduce weeds. Rotate herbicides to avoid resistance."
W1028,Wheat bag storage?,en,wheat,harvest,"Straw can be used as fodder, mulch or sold; baling helps if you have a baler. Clean and grade grain for better price."
W1029,Kisan card wheat?,en,wheat,subsidy_loan,Crop insurance can help in loss years; ask at agri office or bank. Warehouse receipt and group schemes sometimes help with credit and better selling.
W1030,Natural enemy aphid wheat?,en,wheat,pest,"For aphids, spray when you see colonies on leaves or ears; for termites, improve drainage and use seed treatment. Ask extension for the right product."
W1031,Seed treatment wheat?,en,wheat,sowing,"Best time is late October to mid-November in most areas. Use recommended seed rate per acre, line sowing 3–5 cm depth, and treat seed before sowing."
W1032,Tan spot wheat?,en,wheat,disease,"For rust, spray a recommended systemic fungicide at first signs; use resistant varieties and avoid late sowing. For smut, treat seed with fungicide before next sowing."
W1033,Foliar urea wheat?,en,wheat,fertilizer,Low fertility soil needs higher but balanced dose; zinc or boron if deficient. Foliar urea can supplement at tillering if needed.
W1034,Waterlogging wheat?,en,wheat,irrigation,"Critical stages are crown-root, tillering, booting, flowering and grain filling. Missing water at these times can cut yield; avoid over-irrigation to prevent lodging."
W1035,Post emergence weedicide wheat?,en,wheat,weed_control,"Spray recommended herbicide for wheat when weeds are small, usually 25–35 days after sowing. Use grass or broad-leaf product as per weed type; follow label."
W1036,Wheat moisture safe store?,en,wheat,harvest,"Harvest when grain is hard, straw yellow and moisture in safe range. Dry grain well before storage; keep in clean, dry bags or bins away from moisture."
W1037,Interest free loan wheat?,en,wheat,subsidy_loan,Visit agriculture office or bank for crop loan and subsidy schemes; bring land papers and CNIC. Kisan card and interest-free or low-interest schemes are often available.
W1038,Ladybird wheat good?,en,wheat,general_info,"Best practices: certified seed, line sowing, split nitrogen, irrigation at crown-root, tillering, booting, flowering and grain filling, and timely harvest. Keep records."
W1039,Certified seed wheat?,en,wheat,sowing,Sow after rice or cotton harvest in the recommended window. Late sowing needs higher seed rate. Certified seed and seed treatment give better stand.
W1040,Head blast wheat?,en,wheat,disease,"Yellow or brown pustules on leaves are often rust; stem rust is black. Spray fungicide early, ensure good coverage, and prefer resistant varieties."
W1041,Basal dose wheat?,en,wheat,fertilizer,Apply DAP and part of urea at sowing; split rest of nitrogen at first irrigation and tillering. Dose depends on soil test and yield target.
W1042,Brackish water wheat?,en,wheat,irrigation,"Sandy soil needs more frequent, lighter irrigations; in canal shortage, prioritize critical stages and use ridges or beds to save water."
W1043,Weed wheat yield loss?,en,wheat,weed_control,First weeding or hoeing within 25–30 days helps. For broad-leaf weeds use broad-leaf herbicide; for grasses use grass-selective product. Avoid tank mix unless label allows.
W1044,Wheat straw use?,en,wheat,harvest,Combine settings should be adjusted to reduce shattering and loss. Store grain at safe moisture; fumigate or treat if storage pests appear.
W1045,Warehouse receipt wheat?,en,wheat,subsidy_loan,Crop insurance can help in loss years; ask at agri office or bank. Warehouse receipt and group schemes sometimes help with credit and better selling.
W1046,Spray drift wheat?,en,wheat,pest,"Use IPM: scout regularly, protect beneficial insects, spray only when needed with selective insecticide. Neem or recommended biopesticides can help in early stages."
W1047,Laser level wheat?,en,wheat,sowing,"Land should be fine, level and moist. Row spacing about 20–25 cm. Zero till or happy seeder can be used after rice where recommended."
W1048,Fusarium wheat?,en,wheat,disease,"Karnal bunt causes black, smelly grains; use clean seed and seed treatment. For leaf blight or spots, fungicide spray at recommended stage."
W1049,4R nutrient wheat?,en,wheat,fertilizer,"Balanced NPK: P and K at sowing, N split at sowing, tillering and sometimes booting. FYM or compost with chemical fertilizer improves soil."
W1050,Mulch wheat moisture?,en,wheat,irrigation,Over-watering causes waterlogging and disease; keep gaps of about 12–20 days between irrigations depending on soil and weather.
W1051,Rotate herbicide wheat?,en,wheat,weed_control,"Good land prep, line sowing and timely irrigation reduce weeds. Rotate herbicides to avoid resistance."
W1052,Early harvest wheat?,en,wheat,harvest,"Straw can be used as fodder, mulch or sold; baling helps if you have a baler. Clean and grade grain for better price."
W1053,Group sell wheat?,en,wheat,market_price,Forward contract or group selling can sometimes get better rate; keep grain clean and dry for best price.
W1054,Wind speed spray wheat?,en,wheat,general_info,"Yield depends on variety, sowing time, fertility, water and pest-disease control. Small farmers can benefit from group buying, shared machinery and market information."
W1055,Zero till wheat?,en,wheat,sowing,"Best time is late October to mid-November in most areas. Use recommended seed rate per acre, line sowing 3–5 cm depth, and treat seed before sowing."
W1056,Root rot wheat?,en,wheat,disease,"For rust, spray a recommended systemic fungicide at first signs; use resistant varieties and avoid late sowing. For smut, treat seed with fungicide before next sowing."
W1057,Soil test wheat fertilizer?,en,wheat,fertilizer,Low fertility soil needs higher but balanced dose; zinc or boron if deficient. Foliar urea can supplement at tillering if needed.
W1058,Frost wheat seedling?,en,wheat,weather_risk,Frost: avoid very early sowing in frost areas; keep soil moisture. Heat stress: sow on time so grain fills before peak heat. Hail: little can be done; insurance helps.
W1059,Hand hoeing wheat?,en,wheat,weed_control,"Spray recommended herbicide for wheat when weeds are small, usually 25–35 days after sowing. Use grass or broad-leaf product as per weed type; follow label."
W1060,Wheat grading?,en,wheat,harvest,"Harvest when grain is hard, straw yellow and moisture in safe range. Dry grain well before storage; keep in clean, dry bags or bins away from moisture."
W1061,Contract farming wheat?,en,wheat,market_price,"Check daily rate at nearest mandi, government SMS, or agri apps. Support price is announced by government; procurement centers list is at food or agri office."
W1062,Calibrate sprayer wheat?,en,wheat,general_info,"Wheat needs timely sowing, balanced fertilizer, irrigation at critical stages, weed control and pest-disease management. Scout field regularly and follow local recommendations."
W1063,Happy seeder wheat?,en,wheat,machinery,Happy seeder sows wheat in rice stubble without full tillage; saves time and water. Calibrate drill for correct seed rate and depth.
W1064,Leaf blight wheat?,en,wheat,disease,"Yellow or brown pustules on leaves are often rust; stem rust is black. Spray fungicide early, ensure good coverage, and prefer resistant varieties."
W1065,Balanced NPK wheat?,en,wheat,fertilizer,Apply DAP and part of urea at sowing; split rest of nitrogen at first irrigation and tillering. Dose depends on soil test and yield target.
W1066,Heat stress wheat?,en,wheat,weather_risk,Terminal heat shrivels grain; timely sowing and irrigation at grain filling reduce damage. Watch weather advisories and plan irrigations accordingly.
W1067,Organic weed wheat?,en,wheat,weed_control,First weeding or hoeing within 25–30 days helps. For broad-leaf weeds use broad-leaf herbicide; for grasses use grass-selective product. Avoid tank mix unless label allows.
W1068,Wheat cleaning before sell?,en,wheat,harvest,Combine settings should be adjusted to reduce shattering and loss. Store grain at safe moisture; fumigate or treat if storage pests appear.
W1069,Middleman wheat price?,en,wheat,market_price,Sell when you need cash or when rate is good; better quality and test weight often get higher price. Avoid selling only to one middleman if you can.
W1070,IPM wheat?,en,wheat,general_info,"Best practices: certified seed, line sowing, split nitrogen, irrigation at crown-root, tillering, booting, flowering and grain filling, and timely harvest. Keep records."
W1071,Stubble wheat sow?,en,wheat,sowing,Sow after rice or cotton harvest in the recommended window. Late sowing needs higher seed rate. Certified seed and seed treatment give better stand.
W1072,Black point wheat?,en,wheat,disease,"Karnal bunt causes black, smelly grains; use clean seed and seed treatment. For leaf blight or spots, fungicide spray at recommended stage."
W1073,Topdress nitrogen wheat when?,en,wheat,fertilizer,"Balanced NPK: P and K at sowing, N split at sowing, tillering and sometimes booting. FYM or compost with chemical fertilizer improves soil."
W1074,Terminal heat wheat?,en,wheat,weather_risk,Frost: avoid very early sowing in frost areas; keep soil moisture. Heat stress: sow on time so grain fills before peak heat. Hail: little can be done; insurance helps.
W1075,Spot spray disease wheat?,en,wheat,disease,"For rust, spray a recommended systemic fungicide at first signs; use resistant varieties and avoid late sowing. For smut, treat seed with fungicide before next sowing."
W1076,Wheat straw bale?,en,wheat,harvest,"Straw can be used as fodder, mulch or sold; baling helps if you have a baler. Clean and grade grain for better price."
W1077,Forward contract wheat?,en,wheat,market_price,Forward contract or group selling can sometimes get better rate; keep grain clean and dry for best price.
W1078,Scout wheat how often?,en,wheat,general_info,"Yield depends on variety, sowing time, fertility, water and pest-disease control. Small farmers can benefit from group buying, shared machinery and market information."
W1079,Seed depth wheat?,en,wheat,sowing,"Land should be fine, level and moist. Row spacing about 20–25 cm. Zero till or happy seeder can be used after rice where recommended."
W1080,Resistant variety wheat rust?,en,wheat,disease,"Yellow or brown pustules on leaves are often rust; stem rust is black. Spray fungicide early, ensure good coverage, and prefer resistant varieties."
W1081,Phosphorus wheat when?,en,wheat,fertilizer,Low fertility soil needs higher but balanced dose; zinc or boron if deficient. Foliar urea can supplement at tillering if needed.
W1082,Rainfed wheat irrigation?,en,wheat,irrigation,"Give first irrigation around 20–25 days after sowing at crown-root stage; then at tillering, booting, flowering and grain filling. Gap is often 12–20 days."
W1083,Volunteer plant wheat?,en,wheat,weed_control,"Good land prep, line sowing and timely irrigation reduce weeds. Rotate herbicides to avoid resistance."
W1084,Wheat moisture meter?,en,wheat,harvest,"Harvest when grain is hard, straw yellow and moisture in safe range. Dry grain well before storage; keep in clean, dry bags or bins away from moisture."
W1085,Digital wheat price?,en,wheat,market_price,"Check daily rate at nearest mandi, government SMS, or agri apps. Support price is announced by government; procurement centers list is at food or agri office."
W1086,Record spray wheat?,en,wheat,general_info,"Wheat needs timely sowing, balanced fertilizer, irrigation at critical stages, weed control and pest-disease management. Scout field regularly and follow local recommendations."
W1087,Wide drill wheat seed rate?,en,wheat,sowing,"Best time is late October to mid-November in most areas. Use recommended seed rate per acre, line sowing 3–5 cm depth, and treat seed before sowing."
W1088,Rust race wheat?,en,wheat,disease,"Karnal bunt causes black, smelly grains; use clean seed and seed treatment. For leaf blight or spots, fungicide spray at recommended stage."
W1089,Boron wheat?,en,wheat,nutrient_deficiency,Get a soil test if possible; then apply balanced NPK and micronutrients as needed. Foliar sprays can fix mild deficiencies quickly.
W1090,Supplemental irrigation wheat?,en,wheat,irrigation,"Critical stages are crown-root, tillering, booting, flowering and grain filling. Missing water at these times can cut yield; avoid over-irrigation to prevent lodging."
W1091,Mixed weed wheat spray?,en,wheat,weed_control,"Spray recommended herbicide for wheat when weeds are small, usually 25–35 days after sowing. Use grass or broad-leaf product as per weed type; follow label."
W1092,Wheat storage pest?,en,wheat,harvest,Combine settings should be adjusted to reduce shattering and loss. Store grain at safe moisture; fumigate or treat if storage pests appear.
W1093,Test weight wheat price?,en,wheat,market_price,Sell when you need cash or when rate is good; better quality and test weight often get higher price. Avoid selling only to one middleman if you can.
W1094,Threshold aphid wheat?,en,wheat,pest,"Keera control ke liye pehle pest pehchanen, phir extension se recommended spray len. Aphid par threshold dekh kar spray karein; termite mein drainage theek karein."
W1095,Old seed wheat use?,en,wheat,sowing,Sow after rice or cotton harvest in the recommended window. Late sowing needs higher seed rate. Certified seed and seed treatment give better stand.
W1096,Fungicide interval wheat?,en,wheat,disease,"For rust, spray a recommended systemic fungicide at first signs; use resistant varieties and avoid late sowing. For smut, treat seed with fungicide before next sowing."
W1097,Legume after wheat fertilizer?,en,wheat,fertilizer,Apply DAP and part of urea at sowing; split rest of nitrogen at first irrigation and tillering. Dose depends on soil test and yield target.
W1098,Border strip wheat irrigation?,en,wheat,irrigation,"Sandy soil needs more frequent, lighter irrigations; in canal shortage, prioritize critical stages and use ridges or beds to save water."
W1099,Herbicide resistant weed wheat?,en,wheat,weed_control,First weeding or hoeing within 25–30 days helps. For broad-leaf weeds use broad-leaf herbicide; for grasses use grass-selective product. Avoid tank mix unless label allows.
W1100,Wheat godown safe?,en,wheat,harvest,"Straw can be used as fodder, mulch or sold; baling helps if you have a baler. Clean and grade grain for better price."
W1101,Commission agent wheat?,en,wheat,market_price,Forward contract or group selling can sometimes get better rate; keep grain clean and dry for best price.
W1102,Beneficial insect wheat?,en,wheat,general_info,"Best practices: certified seed, line sowing, split nitrogen, irrigation at crown-root, tillering, booting, flowering and grain filling, and timely harvest. Keep records."
W1103,Germination test wheat seed?,en,wheat,sowing,"Land should be fine, level and moist. Row spacing about 20–25 cm. Zero till or happy seeder can be used after rice where recommended."
W1104,Viral disease wheat?,en,wheat,disease,"Yellow or brown pustules on leaves are often rust; stem rust is black. Spray fungicide early, ensure good coverage, and prefer resistant varieties."
W1105,Lodging wheat cause?,en,wheat,fertilizer,"Balanced NPK: P and K at sowing, N split at sowing, tillering and sometimes booting. FYM or compost with chemical fertilizer improves soil."
W1106,Saline water wheat?,en,wheat,irrigation,Over-watering causes waterlogging and disease; keep gaps of about 12–20 days between irrigations depending on soil and weather.
W1107,One pass weed wheat?,en,wheat,weed_control,"Good land prep, line sowing and timely irrigation reduce weeds. Rotate herbicides to avoid resistance."
W1108,Condensation wheat storage?,en,wheat,harvest,"Harvest when grain is hard, straw yellow and moisture in safe range. Dry grain well before storage; keep in clean, dry bags or bins away from moisture."
W1109,Weighbridge wheat?,en,wheat,market_price,"Check daily rate at nearest mandi, government SMS, or agri apps. Support price is announced by government; procurement centers list is at food or agri office."
W1110,Selective insecticide wheat?,en,wheat,pest,"Spray a recommended insecticide when pest count crosses the threshold; use correct dose and spray in cooler hours. For aphids, target undersides of leaves."
W1111,Plant population wheat?,en,wheat,sowing,"Best time is late October to mid-November in most areas. Use recommended seed rate per acre, line sowing 3–5 cm depth, and treat seed before sowing."
W1112,Slow rusting wheat?,en,wheat,disease,"Karnal bunt causes black, smelly grains; use clean seed and seed treatment. For leaf blight or spots, fungicide spray at recommended stage."
W1113,Drought tolerant wheat variety?,en,wheat,general_info,"Yield depends on variety, sowing time, fertility, water and pest-disease control. Small farmers can benefit from group buying, shared machinery and market information."
W1114,Gypsum saline wheat?,en,wheat,fertilizer,Low fertility soil needs higher but balanced dose; zinc or boron if deficient. Foliar urea can supplement at tillering if needed.
W1115,Farm pond wheat?,en,wheat,irrigation,"Give first irrigation around 20–25 days after sowing at crown-root stage; then at tillering, booting, flowering and grain filling. Gap is often 12–20 days."
W1116,Strip crop wheat?,en,wheat,weed_control,"Spray recommended herbicide for wheat when weeds are small, usually 25–35 days after sowing. Use grass or broad-leaf product as per weed type; follow label."
W1117,Fumigation wheat store?,en,wheat,harvest,Combine settings should be adjusted to reduce shattering and loss. Store grain at safe moisture; fumigate or treat if storage pests appear.
W1118,Quality premium wheat?,en,wheat,market_price,Sell when you need cash or when rate is good; better quality and test weight often get higher price. Avoid selling only to one middleman if you can.
W1119,Pheromone trap wheat?,en,wheat,pest,"Identify the pest first, then use the insecticide or method recommended for it. Avoid excess nitrogen and keep field clean to reduce pest buildup."
W1120,High density wheat?,en,wheat,sowing,Sow after rice or cotton harvest in the recommended window. Late sowing needs higher seed rate. Certified seed and seed treatment give better stand.
W1121,Non chemical disease wheat?,en,wheat,disease,"For rust, spray a recommended systemic fungicide at first signs; use resistant varieties and avoid late sowing. For smut, treat seed with fungicide before next sowing."
W1122,Green manure wheat?,en,wheat,fertilizer,Apply DAP and part of urea at sowing; split rest of nitrogen at first irrigation and tillering. Dose depends on soil test and yield target.
W1123,Community tube well wheat?,en,wheat,irrigation,"Critical stages are crown-root, tillering, booting, flowering and grain filling. Missing water at these times can cut yield; avoid over-irrigation to prevent lodging."
W1124,Mechanical weeder wheat?,en,wheat,weed_control,First weeding or hoeing within 25–30 days helps. For broad-leaf weeds use broad-leaf herbicide; for grasses use grass-selective product. Avoid tank mix unless label allows.
W1125,Wheat insurance claim?,en,wheat,subsidy_loan,Visit agriculture office or bank for crop loan and subsidy schemes; bring land papers and CNIC. Kisan card and interest-free or low-interest schemes are often available.
W1126,Neem aphid wheat?,en,wheat,pest,"For aphids, spray when you see colonies on leaves or ears; for termites, improve drainage and use seed treatment. Ask extension for the right product."
W1127,Precision seed wheat?,en,wheat,sowing,"Land should be fine, level and moist. Row spacing about 20–25 cm. Zero till or happy seeder can be used after rice where recommended."
W1128,Residue burn wheat next?,en,wheat,general_info,"Wheat needs timely sowing, balanced fertilizer, irrigation at critical stages, weed control and pest-disease management. Scout field regularly and follow local recommendations."
W1129,Cost cultivation wheat?,en,wheat,general_info,"Best practices: certified seed, line sowing, split nitrogen, irrigation at crown-root, tillering, booting, flowering and grain filling, and timely harvest. Keep records."
W1130,Climate smart wheat?,en,wheat,weather_risk,Terminal heat shrivels grain; timely sowing and irrigation at grain filling reduce damage. Watch weather advisories and plan irrigations accordingly.
W1131,Baler wheat straw?,en,wheat,harvest,"Straw can be used as fodder, mulch or sold; baling helps if you have a baler. Clean and grade grain for better price."
W1132,Cooperative wheat sell?,en,wheat,market_price,Forward contract or group selling can sometimes get better rate; keep grain clean and dry for best price.
W1133,Biopesticide wheat?,en,wheat,pest,"Use IPM: scout regularly, protect beneficial insects, spray only when needed with selective insecticide. Neem or recommended biopesticides can help in early stages."
W1134,Tiller wheat ideal?,en,wheat,general_info,"Yield depends on variety, sowing time, fertility, water and pest-disease control. Small farmers can benefit from group buying, shared machinery and market information."
W1135,Rotation wheat disease?,en,wheat,disease,"Yellow or brown pustules on leaves are often rust; stem rust is black. Spray fungicide early, ensure good coverage, and prefer resistant varieties."
W1136,Yield wheat per acre?,en,wheat,general_info,"Wheat needs timely sowing, balanced fertilizer, irrigation at critical stages, weed control and pest-disease management. Scout field regularly and follow local recommendations."
W1137,Lodging reduce wheat?,en,wheat,general_info,"Best practices: certified seed, line sowing, split nitrogen, irrigation at crown-root, tillering, booting, flowering and grain filling, and timely harvest. Keep records."
W1138,Hail wheat?,en,wheat,weather_risk,Frost: avoid very early sowing in frost areas; keep soil moisture. Heat stress: sow on time so grain fills before peak heat. Hail: little can be done; insurance helps.
W1139,Wheat straw mushroom?,en,wheat,harvest,"Harvest when grain is hard, straw yellow and moisture in safe range. Dry grain well before storage; keep in clean, dry bags or bins away from moisture."
W1140,Direct mill wheat?,en,wheat,market_price,"Check daily rate at nearest mandi, government SMS, or agri apps. Support price is announced by government; procurement centers list is at food or agri office."
W1141,Seed vigor wheat?,en,wheat,sowing,"Best time is late October to mid-November in most areas. Use recommended seed rate per acre, line sowing 3–5 cm depth, and treat seed before sowing."
W1142,Mixed variety wheat rust?,en,wheat,disease,"Karnal bunt causes black, smelly grains; use clean seed and seed treatment. For leaf blight or spots, fungicide spray at recommended stage."
W1143,Nitrogen efficiency wheat?,en,wheat,fertilizer,"Balanced NPK: P and K at sowing, N split at sowing, tillering and sometimes booting. FYM or compost with chemical fertilizer improves soil."
W1144,Weather advisory wheat?,en,wheat,weather_risk,Terminal heat shrivels grain; timely sowing and irrigation at grain filling reduce damage. Watch weather advisories and plan irrigations accordingly.
W1145,Residue wheat next crop?,en,wheat,general_info,"Yield depends on variety, sowing time, fertility, water and pest-disease control. Small farmers can benefit from group buying, shared machinery and market information."
W1146,Small farmer wheat?,en,wheat,general_info,"Wheat needs timely sowing, balanced fertilizer, irrigation at critical stages, weed control and pest-disease management. Scout field regularly and follow local recommendations."
W1147,Wheat calendar?,en,wheat,general_info,"Best practices: certified seed, line sowing, split nitrogen, irrigation at crown-root, tillering, booting, flowering and grain filling, and timely harvest. Keep records."
W1148,Photo disease wheat?,en,wheat,general_info,"Yield depends on variety, sowing time, fertility, water and pest-disease control. Small farmers can benefit from group buying, shared machinery and market information."
W1149,Neighbor coordinate wheat spray?,en,wheat,general_info,"Wheat needs timely sowing, balanced fertilizer, irrigation at critical stages, weed control and pest-disease management. Scout field regularly and follow local recommendations."
W1150,Wheat best practice?,en,wheat,general_info,"Best practices: certified seed, line sowing, split nitrogen, irrigation at crown-root, tillering, booting, flowering and grain filling, and timely harvest. Keep records."
W1151,My fasal has keera.,en,wheat,pest,"Keera control ke liye pehle pest pehchanen, phir extension se recommended spray len. Aphid par threshold dekh kar spray karein; termite mein drainage theek karein."
W1152,When first water wheat?,en,wheat,irrigation,"Sandy soil needs more frequent, lighter irrigations; in canal shortage, prioritize critical stages and use ridges or beds to save water."
W1153,Yellow patches wheat?,en,wheat,nutrient_deficiency,"Yellow leaves often mean nitrogen deficiency; topdress with urea at tillering. If zinc deficient, use zinc sulphate or foliar zinc spray as recommended."
W1154,Weed spray name?,en,wheat,weed_control,"Good land prep, line sowing and timely irrigation reduce weeds. Rotate herbicides to avoid resistance."
W1155,Wheat planting date?,en,wheat,sowing,Sow after rice or cotton harvest in the recommended window. Late sowing needs higher seed rate. Certified seed and seed treatment give better stand.
W1156,Spots on wheat?,en,wheat,disease,"For rust, spray a recommended systemic fungicide at first signs; use resistant varieties and avoid late sowing. For smut, treat seed with fungicide before next sowing."
W1157,How much urea?,en,wheat,fertilizer,Low fertility soil needs higher but balanced dose; zinc or boron if deficient. Foliar urea can supplement at tillering if needed.
W1158,Last irrigation wheat?,en,wheat,irrigation,Over-watering causes waterlogging and disease; keep gaps of about 12–20 days between irrigations depending on soil and weather.
W1159,Harvest delay okay?,en,wheat,harvest,Combine settings should be adjusted to reduce shattering and loss. Store grain at safe moisture; fumigate or treat if storage pests appear.
W1160,Wheat rate today?,en,wheat,market_price,Sell when you need cash or when rate is good; better quality and test weight often get higher price. Avoid selling only to one middleman if you can.
W1161,Insect damage wheat?,en,wheat,pest,"Spray a recommended insecticide when pest count crosses the threshold; use correct dose and spray in cooler hours. For aphids, target undersides of leaves."
W1162,Rust which spray?,en,wheat,disease,"Yellow or brown pustules on leaves are often rust; stem rust is black. Spray fungicide early, ensure good coverage, and prefer resistant varieties."
W1163,Seed per kg?,en,wheat,sowing,"Land should be fine, level and moist. Row spacing about 20–25 cm. Zero till or happy seeder can be used after rice where recommended."
W1164,Crown root irrigation?,en,wheat,irrigation,"Give first irrigation around 20–25 days after sowing at crown-root stage; then at tillering, booting, flowering and grain filling. Gap is often 12–20 days."
W1165,Grassy weed wheat?,en,wheat,weed_control,"Spray recommended herbicide for wheat when weeds are small, usually 25–35 days after sowing. Use grass or broad-leaf product as per weed type; follow label."
W1166,Wheat stacking?,en,wheat,harvest,"Straw can be used as fodder, mulch or sold; baling helps if you have a baler. Clean and grade grain for better price."
W1167,MSP wheat?,en,wheat,market_price,Forward contract or group selling can sometimes get better rate; keep grain clean and dry for best price.
W1168,Spray for aphid?,en,wheat,pest,"Identify the pest first, then use the insecticide or method recommended for it. Avoid excess nitrogen and keep field clean to reduce pest buildup."
W1169,Sowing depth?,en,wheat,sowing,"Best time is late October to mid-November in most areas. Use recommended seed rate per acre, line sowing 3–5 cm depth, and treat seed before sowing."
W1170,Brown rust?,en,wheat,disease,"Karnal bunt causes black, smelly grains; use clean seed and seed treatment. For leaf blight or spots, fungicide spray at recommended stage."
W1171,Second dose nitrogen?,en,wheat,fertilizer,Apply DAP and part of urea at sowing; split rest of nitrogen at first irrigation and tillering. Dose depends on soil test and yield target.
W1172,Flooding wheat?,en,wheat,irrigation,"Critical stages are crown-root, tillering, booting, flowering and grain filling. Missing water at these times can cut yield; avoid over-irrigation to prevent lodging."
W1173,Weed identification?,en,wheat,weed_control,First weeding or hoeing within 25–30 days helps. For broad-leaf weeds use broad-leaf herbicide; for grasses use grass-selective product. Avoid tank mix unless label allows.
W1174,Wheat packing?,en,wheat,harvest,"Harvest when grain is hard, straw yellow and moisture in safe range. Dry grain well before storage; keep in clean, dry bags or bins away from moisture."
W1175,Sell when?,en,wheat,market_price,"Check daily rate at nearest mandi, government SMS, or agri apps. Support price is announced by government; procurement centers list is at food or agri office."
W1176,Pest control wheat?,en,wheat,pest,"For aphids, spray when you see colonies on leaves or ears; for termites, improve drainage and use seed treatment. Ask extension for the right product."
W1177,Zero till date?,en,wheat,sowing,Sow after rice or cotton harvest in the recommended window. Late sowing needs higher seed rate. Certified seed and seed treatment give better stand.
W1178,Disease spots?,en,wheat,disease,"For rust, spray a recommended systemic fungicide at first signs; use resistant varieties and avoid late sowing. For smut, treat seed with fungicide before next sowing."
W1179,Compost wheat?,en,wheat,fertilizer,"Balanced NPK: P and K at sowing, N split at sowing, tillering and sometimes booting. FYM or compost with chemical fertilizer improves soil."
W1180,Drip wheat?,en,wheat,irrigation,"Sandy soil needs more frequent, lighter irrigations; in canal shortage, prioritize critical stages and use ridges or beds to save water."
W1181,Salam gandum ke bare mein batao.,roman_ur,wheat,greeting,"Wa alaikum assalam. Main gandum ke bare mein bone, khaad, pani, jhariyan, keere, bimariyan, kattai aur market mein madad kar sakta hoon. Kya poochna hai?"
W1182,Meri fasal mein keera lag gaya.,roman_ur,wheat,pest,"Scout karein, faida mand keere bachain, zarurat par hi selective zehr chhidkain. Neem ya biopesticide shuru mein kaam aati hai."
W1183,Gandum ko pani kab den?,roman_ur,wheat,irrigation,"Zyada pani waterlogging aur bimari laata hai; pani ka gap 12–20 din rakhein, zameen aur mausam ke hisaab se."
W1184,Patte zard kyun ho rahe hain?,roman_ur,wheat,nutrient_deficiency,Purane patte zard ya peele N ki kami; recommended nitrogen dalen. Naye patton par safed lakeeren zinc; zinc khaad ya spray use karein.
W1185,Jhariyan kaise hatain?,roman_ur,wheat,weed_control,"Achi khet tayari, line sowing aur waqt par pani jhariyan kam karte hain. Herbicide rotate karein taake resistance na bane."
W1186,Gandum kab boen?,roman_ur,wheat,sowing,"Zameen bareek, level aur nam honi chahiye. Row spacing 20–25 cm. Rice ke baad zero till ya happy seeder jahan recommend ho use karein."
W1187,Bimari lag gayi hai.,roman_ur,wheat,disease,"Patton par peeli ya bhoori pustules zang; stem rust kaala. Fungicide jaldi chhidkain, achha coverage dein, resistant variety prefer karein."
W1188,Khaad kitni dalun?,roman_ur,wheat,fertilizer,Kam zarkhaiz zameen ko zyada lekin balanced dose chahiye; zinc ya boron kami ho to. Tillering par zarurat ho to foliar urea de sakte hain.
W1189,Kitni dafa pani dena hai?,roman_ur,wheat,irrigation,"Pehla pani bone ke 20–25 din baad crown-root stage par dein; phir tillering, booting, phool aur dana bharnay par. Gap aam tor par 12–20 din."
W1190,Kattai kab karein?,roman_ur,wheat,harvest,Combine ki setting theek karein taake tootna aur nuqsan kam ho. Dana safe nami par store karein; store keerey nazar aain to fumigation ya treatment.
W1191,Aaj rate kya hai?,roman_ur,wheat,market_price,Jab paise chahiye hon ya rate achha ho to bechein; behtar quality aur test weight zyada rate dilati hai. Ho sake to sirf ek beopari ko na bechein.
W1192,Chust keera ka ilaaj?,roman_ur,wheat,pest,Keeron ke liye recommended zehr ko sahi waqt aur dose par chhidkain; chust par patton ke niche target karein. Hadd se zyada hone par spray karein.
W1193,Beej kitna per acre?,roman_ur,wheat,sowing,"Behtar waqt zyada tar ilaqon mein late October se mid-November. Per acre recommended beej, line sowing 3–5 cm gehrayi, bone se pehle seed treatment."
W1194,Zang ka spray?,roman_ur,wheat,disease,Karnal bunt danon ko kaala aur badboo wala banata hai; saaf beej aur seed treatment use karein. Leaf blight ya daag par recommended stage par fungicide.
W1195,Urea kab dalen?,roman_ur,wheat,fertilizer,Bone par DAP aur urea ka hissa dalen; baqi nitrogen pehle pani aur tillering par split karein. Dose soil test aur target paidawar par depend karti hai.
W1196,Pani zyada de diya to?,roman_ur,wheat,irrigation,"Crown-root, tillering, booting, phool aur grain filling par pani zaroori hai. In waqt pani na milne se paidawar kam hoti hai; zyada pani se lodging aati hai."
W1197,Weedicide kab chhidkain?,roman_ur,wheat,weed_control,"Jhariyan chhoti hon to recommended weedicide chhidkain, aam tor par bone ke 25–35 din baad. Broad leaf ya grass product jhari ke hisaab se; label parhen."
W1198,Dana kaise store karein?,roman_ur,wheat,harvest,"Bhoosa charay, mulch ya bechne ke kaam aata hai; baler ho to bale bana sakte hain. Bechnay se pehle dana saf aur grade karein."
W1199,Bechnay ka tareeqa?,roman_ur,wheat,market_price,Forward contract ya group bechne se kabhi behtar rate mil sakta hai; behtar rate ke liye dana saaf aur sukha rakhein.
W1200,Keera marne wali dawai?,roman_ur,wheat,pest,"Pehle keera pehchanen, phir usi ke mutabiq dawai use karein. Nitrogen zyada na dein aur khet saaf rakhein."
W1201,Line sowing ya broadcast?,roman_ur,wheat,sowing,Chawal ya cotton kattai ke baad recommended window mein boen. Der se bone par beej zyada dalen. Certified beej aur treatment achha stand dete hain.
W1202,Peeli zang?,roman_ur,wheat,disease,Zang par pehli nishani par systemic fungicide chhidkain; resistant kisam len aur der bone se bachein. Smut ke liye agli fasal ke beej ko fungicide se treat karein.
W1203,DAP kab den?,roman_ur,wheat,fertilizer,"NPK balance: P aur K bone par, N bone, tillering aur kabhi booting par split. Gobar ya compost chemical khaad ke sath zameen behtar karti hai."
W1204,Pani ka gap kitna?,roman_ur,wheat,irrigation,"Raiti zameen ko kam kam aur zyada dafa pani dein; nehr kam ho to critical stages par hi dein, ridges ya beds se pani bachain."
W1205,Pehli nindaai kab?,roman_ur,wheat,weed_control,Pehli nindaai 25–30 din ke andar karein. Broad leaf jhari ke liye broad-leaf herbicide; ghaas ke liye grass product. Tank mix sirf label allow kare to.
W1206,Combine se kaatna theek?,roman_ur,wheat,harvest,"Jab dana sakht ho, bhoosa zard ho aur nami safe ho to kattai karein. Store se pehle dana achhi tarah sokhain; saaf, sukhi boriyon ya bins mein rakhein."
W1207,Support price kya hai?,roman_ur,wheat,market_price,"Rozana rate qareebi mandi, sarkari SMS ya agri app se check karein. Support price sarkar announce karti hai; procurement centers ki list food ya agri office par."
W1208,Termite ka ilaaj?,roman_ur,wheat,pest,Chust par jab colony nazar aaye spray karein; termite mein pani nikalain aur seed treatment karein. Extension se product puchen.
W1209,Der se bone theek hai?,roman_ur,wheat,sowing,"Zameen bareek, level aur nam honi chahiye. Row spacing 20–25 cm. Rice ke baad zero till ya happy seeder jahan recommend ho use karein."
W1210,Smut bimari?,roman_ur,wheat,disease,"Patton par peeli ya bhoori pustules zang; stem rust kaala. Fungicide jaldi chhidkain, achha coverage dein, resistant variety prefer karein."
W1211,Gobar ki khaad de sakte hain?,roman_ur,wheat,fertilizer,Kam zarkhaiz zameen ko zyada lekin balanced dose chahiye; zinc ya boron kami ho to. Tillering par zarurat ho to foliar urea de sakte hain.
W1212,Nehr kam hai pani kaise?,roman_ur,wheat,irrigation,"Zyada pani waterlogging aur bimari laata hai; pani ka gap 12–20 din rakhein, zameen aur mausam ke hisaab se."
W1213,Broad leaf jhari ka spray?,roman_ur,wheat,weed_control,"Achi khet tayari, line sowing aur waqt par pani jhariyan kam karte hain. Herbicide rotate karein taake resistance na bane."
W1214,Sookhane ka tareeqa?,roman_ur,wheat,harvest,Combine ki setting theek karein taake tootna aur nuqsan kam ho. Dana safe nami par store karein; store keerey nazar aain to fumigation ya treatment.
W1215,Mandi rate kaise check karein?,roman_ur,wheat,market_price,Jab paise chahiye hon ya rate achha ho to bechein; behtar quality aur test weight zyada rate dilati hai. Ho sake to sirf ek beopari ko na bechein.
W1216,Mera khet mein keerey hain.,roman_ur,wheat,pest,"Scout karein, faida mand keere bachain, zarurat par hi selective zehr chhidkain. Neem ya biopesticide shuru mein kaam aati hai."
W1217,Khet tayari kaise karein?,roman_ur,wheat,sowing,"Behtar waqt zyada tar ilaqon mein late October se mid-November. Per acre recommended beej, line sowing 3–5 cm gehrayi, bone se pehle seed treatment."
W1218,Kali zang?,roman_ur,wheat,disease,Karnal bunt danon ko kaala aur badboo wala banata hai; saaf beej aur seed treatment use karein. Leaf blight ya daag par recommended stage par fungicide.
W1219,Nitrogen split karein?,roman_ur,wheat,fertilizer,Bone par DAP aur urea ka hissa dalen; baqi nitrogen pehle pani aur tillering par split karein. Dose soil test aur target paidawar par depend karti hai.
W1220,Raiti zameen pani?,roman_ur,wheat,irrigation,"Pehla pani bone ke 20–25 din baad crown-root stage par dein; phir tillering, booting, phool aur dana bharnay par. Gap aam tor par 12–20 din."
W1221,Urea weedicide mix?,roman_ur,wheat,weed_control,"Jhariyan chhoti hon to recommended weedicide chhidkain, aam tor par bone ke 25–35 din baad. Broad leaf ya grass product jhari ke hisaab se; label parhen."
W1222,Boriyon mein store?,roman_ur,wheat,harvest,"Bhoosa charay, mulch ya bechne ke kaam aata hai; baler ho to bale bana sakte hain. Bechnay se pehle dana saf aur grade karein."
W1223,Qarz wheat ke liye?,roman_ur,wheat,subsidy_loan,Crop insurance nuqsan ke saalon mein kaam aati hai; agri office ya bank se puchen. Warehouse receipt aur group schemes kabhi credit aur behtar bechne mein madad karti hain.
W1224,Aphid kab spray karein?,roman_ur,wheat,pest,Keeron ke liye recommended zehr ko sahi waqt aur dose par chhidkain; chust par patton ke niche target karein. Hadd se zyada hone par spray karein.
W1225,Cotton ke baad gandum?,roman_ur,wheat,sowing,Chawal ya cotton kattai ke baad recommended window mein boen. Der se bone par beej zyada dalen. Certified beej aur treatment achha stand dete hain.
W1226,Fungicide kaun si?,roman_ur,wheat,disease,Zang par pehli nishani par systemic fungicide chhidkain; resistant kisam len aur der bone se bachein. Smut ke liye agli fasal ke beej ko fungicide se treat karein.
W1227,Zinc ki kami?,roman_ur,wheat,nutrient_deficiency,Ho sake to soil test karwain; phir NPK aur micronutrients dalen. Foliar spray se halki kami jaldi theek ho sakti hai.
W1228,Ridges par bone?,roman_ur,wheat,irrigation,"Crown-root, tillering, booting, phool aur grain filling par pani zaroori hai. In waqt pani na milne se paidawar kam hoti hai; zyada pani se lodging aati hai."
W1229,Jhariyan haath se?,roman_ur,wheat,weed_control,Pehli nindaai 25–30 din ke andar karein. Broad leaf jhari ke liye broad-leaf herbicide; ghaas ke liye grass product. Tank mix sirf label allow kare to.
W1230,Threshing mein nuqsan?,roman_ur,wheat,harvest,"Jab dana sakht ho, bhoosa zard ho aur nami safe ho to kattai karein. Store se pehle dana achhi tarah sokhain; saaf, sukhi boriyon ya bins mein rakhein."
W1231,Subsidy milti hai?,roman_ur,wheat,subsidy_loan,Qarz aur subsidy ke liye agri office ya bank jayein; zameen ke kaghzat aur CNIC layein. Kisan card aur sood-free ya kam sood schemes aksar milti hain.
W1232,Mitri keera?,roman_ur,wheat,pest,"Pehle keera pehchanen, phir usi ke mutabiq dawai use karein. Nitrogen zyada na dein aur khet saaf rakhein."
W1233,Seed treatment zaroori?,roman_ur,wheat,sowing,"Zameen bareek, level aur nam honi chahiye. Row spacing 20–25 cm. Rice ke baad zero till ya happy seeder jahan recommend ho use karein."
W1234,Powdery mildew?,roman_ur,wheat,disease,"Patton par peeli ya bhoori pustules zang; stem rust kaala. Fungicide jaldi chhidkain, achha coverage dein, resistant variety prefer karein."
W1235,Kam zarkhaiz zameen khaad?,roman_ur,wheat,fertilizer,"NPK balance: P aur K bone par, N bone, tillering aur kabhi booting par split. Gobar ya compost chemical khaad ke sath zameen behtar karti hai."
W1236,Pehla pani kab?,roman_ur,wheat,irrigation,"Raiti zameen ko kam kam aur zyada dafa pani dein; nehr kam ho to critical stages par hi dein, ridges ya beds se pani bachain."
W1237,Resistance jhariyan?,roman_ur,wheat,weed_control,"Achi khet tayari, line sowing aur waqt par pani jhariyan kam karte hain. Herbicide rotate karein taake resistance na bane."
W1238,Store mein keerey?,roman_ur,wheat,harvest,Combine ki setting theek karein taake tootna aur nuqsan kam ho. Dana safe nami par store karein; store keerey nazar aain to fumigation ya treatment.
W1239,Crop insurance?,roman_ur,wheat,subsidy_loan,Crop insurance nuqsan ke saalon mein kaam aati hai; agri office ya bank se puchen. Warehouse receipt aur group schemes kabhi credit aur behtar bechne mein madad karti hain.
W1240,Armyworm?,roman_ur,wheat,pest,Chust par jab colony nazar aaye spray karein; termite mein pani nikalain aur seed treatment karein. Extension se product puchen.
W1241,Chawal ke baad gandum kab?,roman_ur,wheat,sowing,"Behtar waqt zyada tar ilaqon mein late October se mid-November. Per acre recommended beej, line sowing 3–5 cm gehrayi, bone se pehle seed treatment."
W1242,Karnal bunt?,roman_ur,wheat,disease,Karnal bunt danon ko kaala aur badboo wala banata hai; saaf beej aur seed treatment use karein. Leaf blight ya daag par recommended stage par fungicide.
W1243,Foliar spray khaad?,roman_ur,wheat,fertilizer,Kam zarkhaiz zameen ko zyada lekin balanced dose chahiye; zinc ya boron kami ho to. Tillering par zarurat ho to foliar urea de sakte hain.
W1244,Sprinkler theek hai?,roman_ur,wheat,irrigation,"Zyada pani waterlogging aur bimari laata hai; pani ka gap 12–20 din rakhein, zameen aur mausam ke hisaab se."
W1245,Pre emergence spray?,roman_ur,wheat,weed_control,"Jhariyan chhoti hon to recommended weedicide chhidkain, aam tor par bone ke 25–35 din baad. Broad leaf ya grass product jhari ke hisaab se; label parhen."
W1246,Combine ki setting?,roman_ur,wheat,harvest,"Bhoosa charay, mulch ya bechne ke kaam aata hai; baler ho to bale bana sakte hain. Bechnay se pehle dana saf aur grade karein."
W1247,Kisan card?,roman_ur,wheat,subsidy_loan,Qarz aur subsidy ke liye agri office ya bank jayein; zameen ke kaghzat aur CNIC layein. Kisan card aur sood-free ya kam sood schemes aksar milti hain.
W1248,Chuha wheat mein?,roman_ur,wheat,pest,"Scout karein, faida mand keere bachain, zarurat par hi selective zehr chhidkain. Neem ya biopesticide shuru mein kaam aati hai."
W1249,Barani gandum kab boen?,roman_ur,wheat,sowing,Chawal ya cotton kattai ke baad recommended window mein boen. Der se bone par beej zyada dalen. Certified beej aur treatment achha stand dete hain.
W1250,Septoria?,roman_ur,wheat,disease,Zang par pehli nishani par systemic fungicide chhidkain; resistant kisam len aur der bone se bachein. Smut ke liye agli fasal ke beej ko fungicide se treat karein.
W1251,Sulphur dalen?,roman_ur,wheat,fertilizer,Bone par DAP aur urea ka hissa dalen; baqi nitrogen pehle pani aur tillering par split karein. Dose soil test aur target paidawar par depend karti hai.
W1252,Beds par pani?,roman_ur,wheat,irrigation,"Pehla pani bone ke 20–25 din baad crown-root stage par dein; phir tillering, booting, phool aur dana bharnay par. Gap aam tor par 12–20 din."
W1253,Herbicide rotate karein?,roman_ur,wheat,weed_control,Pehli nindaai 25–30 din ke andar karein. Broad leaf jhari ke liye broad-leaf herbicide; ghaas ke liye grass product. Tank mix sirf label allow kare to.
W1254,Nami store mein?,roman_ur,wheat,harvest,"Jab dana sakht ho, bhoosa zard ho aur nami safe ho to kattai karein. Store se pehle dana achhi tarah sokhain; saaf, sukhi boriyon ya bins mein rakhein."
W1255,Sood free qarz?,roman_ur,wheat,subsidy_loan,Crop insurance nuqsan ke saalon mein kaam aati hai; agri office ya bank se puchen. Warehouse receipt aur group schemes kabhi credit aur behtar bechne mein madad karti hain.
W1256,Laal bhungry faida mand?,roman_ur,wheat,general_info,"Paidawar variety, bone ka waqt, zarkhaiz, pani aur keera-bimari par depend karti hai. Chhote kisaan group khareed, shared machinery aur market info se faida utha sakte hain."
W1257,Certified beej?,roman_ur,wheat,sowing,"Zameen bareek, level aur nam honi chahiye. Row spacing 20–25 cm. Rice ke baad zero till ya happy seeder jahan recommend ho use karein."
W1258,Sar ki bimari?,roman_ur,wheat,disease,"Patton par peeli ya bhoori pustules zang; stem rust kaala. Fungicide jaldi chhidkain, achha coverage dein, resistant variety prefer karein."
W1259,Soil test ke baad khaad?,roman_ur,wheat,fertilizer,"NPK balance: P aur K bone par, N bone, tillering aur kabhi booting par split. Gobar ya compost chemical khaad ke sath zameen behtar karti hai."
W1260,Waterlogging se bachao?,roman_ur,wheat,irrigation,"Crown-root, tillering, booting, phool aur grain filling par pani zaroori hai. In waqt pani na milne se paidawar kam hoti hai; zyada pani se lodging aati hai."
W1261,Jhariyon se nuqsan?,roman_ur,wheat,weed_control,"Achi khet tayari, line sowing aur waqt par pani jhariyan kam karte hain. Herbicide rotate karein taake resistance na bane."
W1262,Bhoosa ka kya karein?,roman_ur,wheat,harvest,Combine ki setting theek karein taake tootna aur nuqsan kam ho. Dana safe nami par store karein; store keerey nazar aain to fumigation ya treatment.
W1263,Group bech sakte hain?,roman_ur,wheat,market_price,Forward contract ya group bechne se kabhi behtar rate mil sakta hai; behtar rate ke liye dana saaf aur sukha rakhein.
W1264,Spray hawa mein?,roman_ur,wheat,general_info,"Gandum ko waqt par bone, balanced khaad, critical stages par pani, jhariyan aur keera-bimari ka control chahiye. Khet ka regular scout karein aur local recommendations follow karein."
W1265,Zero till drill?,roman_ur,wheat,sowing,"Behtar waqt zyada tar ilaqon mein late October se mid-November. Per acre recommended beej, line sowing 3–5 cm gehrayi, bone se pehle seed treatment."
W1266,Jad ki sadi?,roman_ur,wheat,disease,Karnal bunt danon ko kaala aur badboo wala banata hai; saaf beej aur seed treatment use karein. Leaf blight ya daag par recommended stage par fungicide.
W1267,4R khaad matlab?,roman_ur,wheat,fertilizer,Kam zarkhaiz zameen ko zyada lekin balanced dose chahiye; zinc ya boron kami ho to. Tillering par zarurat ho to foliar urea de sakte hain.
W1268,Sardiyon mein frost?,roman_ur,wheat,weather_risk,Frost: frost wale ilaqe mein jaldi bone se bachein; zameen mein nami rakhein. Garmi: waqt par boen taake dana peak garmi se pehle bhare. Oala: zyada kuch nahi; insurance kaam aati hai.
W1269,Hath se godayi?,roman_ur,wheat,weed_control,"Jhariyan chhoti hon to recommended weedicide chhidkain, aam tor par bone ke 25–35 din baad. Broad leaf ya grass product jhari ke hisaab se; label parhen."
W1270,Grading karke bechein?,roman_ur,wheat,harvest,"Bhoosa charay, mulch ya bechne ke kaam aata hai; baler ho to bale bana sakte hain. Bechnay se pehle dana saf aur grade karein."
W1271,Contract farming?,roman_ur,wheat,market_price,"Rozana rate qareebi mandi, sarkari SMS ya agri app se check karein. Support price sarkar announce karti hai; procurement centers ki list food ya agri office par."
W1272,Sprayer check karein?,roman_ur,wheat,general_info,"Behtareen amal: certified beej, line sowing, nitrogen split, crown-root, tillering, booting, phool aur grain filling par pani, waqt par kattai. Record rakhein."
W1273,Happy seeder?,roman_ur,wheat,machinery,Apne ilaqe ke liye recommended wheat drill ya happy seeder use karein; beej ki gehrayi aur spacing ke liye setting sahi rakhein.
W1274,Leaf blight?,roman_ur,wheat,disease,Zang par pehli nishani par systemic fungicide chhidkain; resistant kisam len aur der bone se bachein. Smut ke liye agli fasal ke beej ko fungicide se treat karein.
W1275,NPK balance?,roman_ur,wheat,fertilizer,Bone par DAP aur urea ka hissa dalen; baqi nitrogen pehle pani aur tillering par split karein. Dose soil test aur target paidawar par depend karti hai.
W1276,Garmi wheat par?,roman_ur,wheat,weather_risk,Terminal heat dana sookhata hai; waqt par bone aur grain filling par pani nuqsan kam karte hain. Mausam ki advisory dekhein aur pani usi ke mutabiq dein.
W1277,Organic jhariyan?,roman_ur,wheat,weed_control,Pehli nindaai 25–30 din ke andar karein. Broad leaf jhari ke liye broad-leaf herbicide; ghaas ke liye grass product. Tank mix sirf label allow kare to.
W1278,Safai karke bechein?,roman_ur,wheat,harvest,"Jab dana sakht ho, bhoosa zard ho aur nami safe ho to kattai karein. Store se pehle dana achhi tarah sokhain; saaf, sukhi boriyon ya bins mein rakhein."
W1279,Beopari se bachain?,roman_ur,wheat,market_price,Jab paise chahiye hon ya rate achha ho to bechein; behtar quality aur test weight zyada rate dilati hai. Ho sake to sirf ek beopari ko na bechein.
W1280,Scout kitni dafa?,roman_ur,wheat,general_info,"Paidawar variety, bone ka waqt, zarkhaiz, pani aur keera-bimari par depend karti hai. Chhote kisaan group khareed, shared machinery aur market info se faida utha sakte hain."
W1281,Stubble ke sath bone?,roman_ur,wheat,sowing,Chawal ya cotton kattai ke baad recommended window mein boen. Der se bone par beej zyada dalen. Certified beej aur treatment achha stand dete hain.
W1282,Black point?,roman_ur,wheat,disease,"Patton par peeli ya bhoori pustules zang; stem rust kaala. Fungicide jaldi chhidkain, achha coverage dein, resistant variety prefer karein."
W1283,Topdress kab?,roman_ur,wheat,fertilizer,"NPK balance: P aur K bone par, N bone, tillering aur kabhi booting par split. Gobar ya compost chemical khaad ke sath zameen behtar karti hai."
W1284,Terminal heat?,roman_ur,wheat,weather_risk,Frost: frost wale ilaqe mein jaldi bone se bachein; zameen mein nami rakhein. Garmi: waqt par boen taake dana peak garmi se pehle bhare. Oala: zyada kuch nahi; insurance kaam aati hai.
W1285,Patch spray?,roman_ur,wheat,disease,Karnal bunt danon ko kaala aur badboo wala banata hai; saaf beej aur seed treatment use karein. Leaf blight ya daag par recommended stage par fungicide.
W1286,Bale bana kar?,roman_ur,wheat,harvest,Combine ki setting theek karein taake tootna aur nuqsan kam ho. Dana safe nami par store karein; store keerey nazar aain to fumigation ya treatment.
W1287,Aage rate lock?,roman_ur,wheat,market_price,Forward contract ya group bechne se kabhi behtar rate mil sakta hai; behtar rate ke liye dana saaf aur sukha rakhein.
W1288,Spray record?,roman_ur,wheat,general_info,"Gandum ko waqt par bone, balanced khaad, critical stages par pani, jhariyan aur keera-bimari ka control chahiye. Khet ka regular scout karein aur local recommendations follow karein."
W1289,Beej kitni gehrayi?,roman_ur,wheat,sowing,"Zameen bareek, level aur nam honi chahiye. Row spacing 20–25 cm. Rice ke baad zero till ya happy seeder jahan recommend ho use karein."
W1290,Rust resistant kisam?,roman_ur,wheat,disease,Zang par pehli nishani par systemic fungicide chhidkain; resistant kisam len aur der bone se bachein. Smut ke liye agli fasal ke beej ko fungicide se treat karein.
W1291,Phosphorus kab?,roman_ur,wheat,fertilizer,Kam zarkhaiz zameen ko zyada lekin balanced dose chahiye; zinc ya boron kami ho to. Tillering par zarurat ho to foliar urea de sakte hain.
W1292,Barani pani?,roman_ur,wheat,irrigation,"Raiti zameen ko kam kam aur zyada dafa pani dein; nehr kam ho to critical stages par hi dein, ridges ya beds se pani bachain."
W1293,Volunteer plants?,roman_ur,wheat,weed_control,"Achi khet tayari, line sowing aur waqt par pani jhariyan kam karte hain. Herbicide rotate karein taake resistance na bane."
W1294,Moisture check?,roman_ur,wheat,harvest,"Bhoosa charay, mulch ya bechne ke kaam aata hai; baler ho to bale bana sakte hain. Bechnay se pehle dana saf aur grade karein."
W1295,App se rate?,roman_ur,wheat,market_price,"Rozana rate qareebi mandi, sarkari SMS ya agri app se check karein. Support price sarkar announce karti hai; procurement centers ki list food ya agri office par."
W1296,Faida mand keere bachain?,roman_ur,wheat,general_info,"Behtareen amal: certified beej, line sowing, nitrogen split, crown-root, tillering, booting, phool aur grain filling par pani, waqt par kattai. Record rakhein."
W1297,Chauri drill?,roman_ur,wheat,sowing,"Behtar waqt zyada tar ilaqon mein late October se mid-November. Per acre recommended beej, line sowing 3–5 cm gehrayi, bone se pehle seed treatment."
W1298,Rust race?,roman_ur,wheat,disease,"Patton par peeli ya bhoori pustules zang; stem rust kaala. Fungicide jaldi chhidkain, achha coverage dein, resistant variety prefer karein."
W1299,Boron?,roman_ur,wheat,nutrient_deficiency,Zard patte aksar nitrogen ki kami; tillering par urea topdress karein. Zinc kami ho to zinc sulphate ya foliar spray use karein.
W1300,Ek do pani extra?,roman_ur,wheat,irrigation,"Zyada pani waterlogging aur bimari laata hai; pani ka gap 12–20 din rakhein, zameen aur mausam ke hisaab se."
W1301,Mix jhariyan spray?,roman_ur,wheat,weed_control,"Jhariyan chhoti hon to recommended weedicide chhidkain, aam tor par bone ke 25–35 din baad. Broad leaf ya grass product jhari ke hisaab se; label parhen."
W1302,Store keerey ka ilaaj?,roman_ur,wheat,harvest,"Jab dana sakht ho, bhoosa zard ho aur nami safe ho to kattai karein. Store se pehle dana achhi tarah sokhain; saaf, sukhi boriyon ya bins mein rakhein."
W1303,Test weight rate?,roman_ur,wheat,market_price,Jab paise chahiye hon ya rate achha ho to bechein; behtar quality aur test weight zyada rate dilati hai. Ho sake to sirf ek beopari ko na bechein.
W1304,Aphid hadd?,roman_ur,wheat,pest,Keeron ke liye recommended zehr ko sahi waqt aur dose par chhidkain; chust par patton ke niche target karein. Hadd se zyada hone par spray karein.
W1305,Purana beej use?,roman_ur,wheat,sowing,Chawal ya cotton kattai ke baad recommended window mein boen. Der se bone par beej zyada dalen. Certified beej aur treatment achha stand dete hain.
W1306,Fungicide gap?,roman_ur,wheat,disease,Karnal bunt danon ko kaala aur badboo wala banata hai; saaf beej aur seed treatment use karein. Leaf blight ya daag par recommended stage par fungicide.
W1307,Legume ke baad khaad?,roman_ur,wheat,fertilizer,Bone par DAP aur urea ka hissa dalen; baqi nitrogen pehle pani aur tillering par split karein. Dose soil test aur target paidawar par depend karti hai.
W1308,Kinara strip pani?,roman_ur,wheat,irrigation,"Pehla pani bone ke 20–25 din baad crown-root stage par dein; phir tillering, booting, phool aur dana bharnay par. Gap aam tor par 12–20 din."
W1309,Resistant jhariyan?,roman_ur,wheat,weed_control,Pehli nindaai 25–30 din ke andar karein. Broad leaf jhari ke liye broad-leaf herbicide; ghaas ke liye grass product. Tank mix sirf label allow kare to.
W1310,Godaam safe?,roman_ur,wheat,harvest,Combine ki setting theek karein taake tootna aur nuqsan kam ho. Dana safe nami par store karein; store keerey nazar aain to fumigation ya treatment.
W1311,Commission kitna?,roman_ur,wheat,market_price,Forward contract ya group bechne se kabhi behtar rate mil sakta hai; behtar rate ke liye dana saaf aur sukha rakhein.
W1312,Selective zehr?,roman_ur,wheat,pest,"Pehle keera pehchanen, phir usi ke mutabiq dawai use karein. Nitrogen zyada na dein aur khet saaf rakhein."
W1313,Plant kitni per acre?,roman_ur,wheat,sowing,"Zameen bareek, level aur nam honi chahiye. Row spacing 20–25 cm. Rice ke baad zero till ya happy seeder jahan recommend ho use karein."
W1314,Slow rusting kisam?,roman_ur,wheat,disease,Zang par pehli nishani par systemic fungicide chhidkain; resistant kisam len aur der bone se bachein. Smut ke liye agli fasal ke beej ko fungicide se treat karein.
W1315,Sukha ilaqa variety?,roman_ur,wheat,general_info,"Paidawar variety, bone ka waqt, zarkhaiz, pani aur keera-bimari par depend karti hai. Chhote kisaan group khareed, shared machinery aur market info se faida utha sakte hain."
W1316,Gypsum khari zameen?,roman_ur,wheat,fertilizer,"NPK balance: P aur K bone par, N bone, tillering aur kabhi booting par split. Gobar ya compost chemical khaad ke sath zameen behtar karti hai."
W1317,Farm pond?,roman_ur,wheat,irrigation,"Crown-root, tillering, booting, phool aur grain filling par pani zaroori hai. In waqt pani na milne se paidawar kam hoti hai; zyada pani se lodging aati hai."
W1318,Strip crop?,roman_ur,wheat,weed_control,"Achi khet tayari, line sowing aur waqt par pani jhariyan kam karte hain. Herbicide rotate karein taake resistance na bane."
W1319,Fumigation store?,roman_ur,wheat,harvest,"Bhoosa charay, mulch ya bechne ke kaam aata hai; baler ho to bale bana sakte hain. Bechnay se pehle dana saf aur grade karein."
W1320,Achi quality zyada rate?,roman_ur,wheat,market_price,"Rozana rate qareebi mandi, sarkari SMS ya agri app se check karein. Support price sarkar announce karti hai; procurement centers ki list food ya agri office par."
W1321,Pheromone trap?,roman_ur,wheat,pest,Chust par jab colony nazar aaye spray karein; termite mein pani nikalain aur seed treatment karein. Extension se product puchen.
W1322,GhaNta wheat?,roman_ur,wheat,sowing,"Behtar waqt zyada tar ilaqon mein late October se mid-November. Per acre recommended beej, line sowing 3–5 cm gehrayi, bone se pehle seed treatment."
W1323,Bina zehr bimari?,roman_ur,wheat,disease,"Patton par peeli ya bhoori pustules zang; stem rust kaala. Fungicide jaldi chhidkain, achha coverage dein, resistant variety prefer karein."
W1324,Green manure?,roman_ur,wheat,fertilizer,Kam zarkhaiz zameen ko zyada lekin balanced dose chahiye; zinc ya boron kami ho to. Tillering par zarurat ho to foliar urea de sakte hain.
W1325,Community nehr?,roman_ur,wheat,irrigation,"Raiti zameen ko kam kam aur zyada dafa pani dein; nehr kam ho to critical stages par hi dein, ridges ya beds se pani bachain."
W1326,Power weeder?,roman_ur,wheat,weed_control,"Jhariyan chhoti hon to recommended weedicide chhidkain, aam tor par bone ke 25–35 din baad. Broad leaf ya grass product jhari ke hisaab se; label parhen."
W1327,Insurance claim?,roman_ur,wheat,subsidy_loan,Qarz aur subsidy ke liye agri office ya bank jayein; zameen ke kaghzat aur CNIC layein. Kisan card aur sood-free ya kam sood schemes aksar milti hain.
W1328,Neem chust?,roman_ur,wheat,pest,"Scout karein, faida mand keere bachain, zarurat par hi selective zehr chhidkain. Neem ya biopesticide shuru mein kaam aati hai."
W1329,Precision bone?,roman_ur,wheat,sowing,Chawal ya cotton kattai ke baad recommended window mein boen. Der se bone par beej zyada dalen. Certified beej aur treatment achha stand dete hain.
W1330,Residue jalaen?,roman_ur,wheat,general_info,"Gandum ko waqt par bone, balanced khaad, critical stages par pani, jhariyan aur keera-bimari ka control chahiye. Khet ka regular scout karein aur local recommendations follow karein."
W1331,Cost hisab?,roman_ur,wheat,general_info,"Behtareen amal: certified beej, line sowing, nitrogen split, crown-root, tillering, booting, phool aur grain filling par pani, waqt par kattai. Record rakhein."
W1332,Climate smart?,roman_ur,wheat,weather_risk,Terminal heat dana sookhata hai; waqt par bone aur grain filling par pani nuqsan kam karte hain. Mausam ki advisory dekhein aur pani usi ke mutabiq dein.
W1333,Baler bhoosa?,roman_ur,wheat,harvest,"Jab dana sakht ho, bhoosa zard ho aur nami safe ho to kattai karein. Store se pehle dana achhi tarah sokhain; saaf, sukhi boriyon ya bins mein rakhein."
W1334,Cooperative bech?,roman_ur,wheat,market_price,Jab paise chahiye hon ya rate achha ho to bechein; behtar quality aur test weight zyada rate dilati hai. Ho sake to sirf ek beopari ko na bechein.
W1335,Biopesticide?,roman_ur,wheat,pest,Keeron ke liye recommended zehr ko sahi waqt aur dose par chhidkain; chust par patton ke niche target karein. Hadd se zyada hone par spray karein.
W1336,Tiller kitne?,roman_ur,wheat,general_info,"Paidawar variety, bone ka waqt, zarkhaiz, pani aur keera-bimari par depend karti hai. Chhote kisaan group khareed, shared machinery aur market info se faida utha sakte hain."
W1337,Rotation bimari?,roman_ur,wheat,disease,Karnal bunt danon ko kaala aur badboo wala banata hai; saaf beej aur seed treatment use karein. Leaf blight ya daag par recommended stage par fungicide.
W1338,Paidawar per acre?,roman_ur,wheat,general_info,"Gandum ko waqt par bone, balanced khaad, critical stages par pani, jhariyan aur keera-bimari ka control chahiye. Khet ka regular scout karein aur local recommendations follow karein."
W1339,Lodging rokain?,roman_ur,wheat,general_info,"Behtareen amal: certified beej, line sowing, nitrogen split, crown-root, tillering, booting, phool aur grain filling par pani, waqt par kattai. Record rakhein."
W1340,Oala wheat?,roman_ur,wheat,weather_risk,Frost: frost wale ilaqe mein jaldi bone se bachein; zameen mein nami rakhein. Garmi: waqt par boen taake dana peak garmi se pehle bhare. Oala: zyada kuch nahi; insurance kaam aati hai.
W1341,Bhoosa mushroom?,roman_ur,wheat,harvest,Combine ki setting theek karein taake tootna aur nuqsan kam ho. Dana safe nami par store karein; store keerey nazar aain to fumigation ya treatment.
W1342,Seedha mill?,roman_ur,wheat,market_price,Forward contract ya group bechne se kabhi behtar rate mil sakta hai; behtar rate ke liye dana saaf aur sukha rakhein.
W1343,Beej vigor?,roman_ur,wheat,sowing,"Zameen bareek, level aur nam honi chahiye. Row spacing 20–25 cm. Rice ke baad zero till ya happy seeder jahan recommend ho use karein."
W1344,Mix varieties zang?,roman_ur,wheat,disease,Zang par pehli nishani par systemic fungicide chhidkain; resistant kisam len aur der bone se bachein. Smut ke liye agli fasal ke beej ko fungicide se treat karein.
W1345,Nitrogen efficiency?,roman_ur,wheat,fertilizer,Bone par DAP aur urea ka hissa dalen; baqi nitrogen pehle pani aur tillering par split karein. Dose soil test aur target paidawar par depend karti hai.
W1346,Weather alert?,roman_ur,wheat,weather_risk,Terminal heat dana sookhata hai; waqt par bone aur grain filling par pani nuqsan kam karte hain. Mausam ki advisory dekhein aur pani usi ke mutabiq dein.
W1347,Bhusa agle fasal?,roman_ur,wheat,general_info,"Paidawar variety, bone ka waqt, zarkhaiz, pani aur keera-bimari par depend karti hai. Chhote kisaan group khareed, shared machinery aur market info se faida utha sakte hain."
W1348,Chhota kisaan?,roman_ur,wheat,general_info,"Gandum ko waqt par bone, balanced khaad, critical stages par pani, jhariyan aur keera-bimari ka control chahiye. Khet ka regular scout karein aur local recommendations follow karein."
W1349,Calendar mahina dar?,roman_ur,wheat,general_info,"Behtareen amal: certified beej, line sowing, nitrogen split, crown-root, tillering, booting, phool aur grain filling par pani, waqt par kattai. Record rakhein."
W1350,Tasveer bimari?,roman_ur,wheat,general_info,"Paidawar variety, bone ka waqt, zarkhaiz, pani aur keera-bimari par depend karti hai. Chhote kisaan group khareed, shared machinery aur market info se faida utha sakte hain."
W1351,Padosi spray?,roman_ur,wheat,general_info,"Gandum ko waqt par bone, balanced khaad, critical stages par pani, jhariyan aur keera-bimari ka control chahiye. Khet ka regular scout karein aur local recommendations follow karein."
W1352,Behtareen amal?,roman_ur,wheat,general_info,"Behtareen amal: certified beej, line sowing, nitrogen split, crown-root, tillering, booting, phool aur grain filling par pani, waqt par kattai. Record rakhein."
W1353,Madad chahiye gandum.,roman_ur,wheat,greeting,"Salam. Gandum ke sawal pooch sakte hain: kab boen, kitni khaad, pani ka schedule, keera ya bimari ka ilaaj, kattai ya bechne ka tareeqa."
W1354,Fasal mein masla hai.,roman_ur,wheat,general_info,"Paidawar variety, bone ka waqt, zarkhaiz, pani aur keera-bimari par depend karti hai. Chhote kisaan group khareed, shared machinery aur market info se faida utha sakte hain."
W1355,Khet ka sawal.,roman_ur,wheat,general_info,"Gandum ko waqt par bone, balanced khaad, critical stages par pani, jhariyan aur keera-bimari ka control chahiye. Khet ka regular scout karein aur local recommendations follow karein."
W1356,Rehnumai chahiye.,roman_ur,wheat,greeting,"Wa alaikum assalam. Main gandum ke bare mein bone, khaad, pani, jhariyan, keere, bimariyan, kattai aur market mein madad kar sakta hoon. Kya poochna hai?"
W1357,Bone se kattai tak.,roman_ur,wheat,general_info,"Behtareen amal: certified beej, line sowing, nitrogen split, crown-root, tillering, booting, phool aur grain filling par pani, waqt par kattai. Record rakhein."
W1358,Mashwara chahiye.,roman_ur,wheat,greeting,"Salam. Gandum ke sawal pooch sakte hain: kab boen, kitni khaad, pani ka schedule, keera ya bimari ka ilaaj, kattai ya bechne ka tareeqa."
W1359,Gandum ki bimari.,roman_ur,wheat,disease,"Patton par peeli ya bhoori pustules zang; stem rust kaala. Fungicide jaldi chhidkain, achha coverage dein, resistant variety prefer karein."
W1360,Keeron se pareshan.,roman_ur,wheat,pest,"Pehle keera pehchanen, phir usi ke mutabiq dawai use karein. Nitrogen zyada na dein aur khet saaf rakhein."
W1361,Pani ki kami.,roman_ur,wheat,irrigation,"Zyada pani waterlogging aur bimari laata hai; pani ka gap 12–20 din rakhein, zameen aur mausam ke hisaab se."
W1362,Khaad ka schedule.,roman_ur,wheat,fertilizer,"NPK balance: P aur K bone par, N bone, tillering aur kabhi booting par split. Gobar ya compost chemical khaad ke sath zameen behtar karti hai."
W1363,Jhariyan zyada hain.,roman_ur,wheat,weed_control,Pehli nindaai 25–30 din ke andar karein. Broad leaf jhari ke liye broad-leaf herbicide; ghaas ke liye grass product. Tank mix sirf label allow kare to.
W1364,Kattai jaldi?,roman_ur,wheat,harvest,"Bhoosa charay, mulch ya bechne ke kaam aata hai; baler ho to bale bana sakte hain. Bechnay se pehle dana saf aur grade karein."
W1365,Rate theek hai?,roman_ur,wheat,market_price,"Rozana rate qareebi mandi, sarkari SMS ya agri app se check karein. Support price sarkar announce karti hai; procurement centers ki list food ya agri office par."
W1366,Naya kisaan hoon.,roman_ur,wheat,greeting,"Wa alaikum assalam. Main gandum ke bare mein bone, khaad, pani, jhariyan, keere, bimariyan, kattai aur market mein madad kar sakta hoon. Kya poochna hai?"
W1367,Is season gandum.,roman_ur,wheat,general_info,"Paidawar variety, bone ka waqt, zarkhaiz, pani aur keera-bimari par depend karti hai. Chhote kisaan group khareed, shared machinery aur market info se faida utha sakte hain."
W1368,Zameen tayar hai.,roman_ur,wheat,sowing,"Behtar waqt zyada tar ilaqon mein late October se mid-November. Per acre recommended beej, line sowing 3–5 cm gehrayi, bone se pehle seed treatment."
W1369,Pattay sookh rahe.,roman_ur,wheat,nutrient_deficiency,Purane patte zard ya peele N ki kami; recommended nitrogen dalen. Naye patton par safed lakeeren zinc; zinc khaad ya spray use karein.
W1370,Daag aa gaye.,roman_ur,wheat,disease,Karnal bunt danon ko kaala aur badboo wala banata hai; saaf beej aur seed treatment use karein. Leaf blight ya daag par recommended stage par fungicide.
W1371,Saron par kaala.,roman_ur,wheat,disease,Zang par pehli nishani par systemic fungicide chhidkain; resistant kisam len aur der bone se bachein. Smut ke liye agli fasal ke beej ko fungicide se treat karein.
W1372,Pani zyada ho gaya.,roman_ur,wheat,irrigation,"Pehla pani bone ke 20–25 din baad crown-root stage par dein; phir tillering, booting, phool aur dana bharnay par. Gap aam tor par 12–20 din."
W1373,Urea ki kami?,roman_ur,wheat,fertilizer,Kam zarkhaiz zameen ko zyada lekin balanced dose chahiye; zinc ya boron kami ho to. Tillering par zarurat ho to foliar urea de sakte hain.
W1374,Jarhi booti kaun si?,roman_ur,wheat,weed_control,"Achi khet tayari, line sowing aur waqt par pani jhariyan kam karte hain. Herbicide rotate karein taake resistance na bane."
W1375,Dana toot raha.,roman_ur,wheat,harvest,"Jab dana sakht ho, bhoosa zard ho aur nami safe ho to kattai karein. Store se pehle dana achhi tarah sokhain; saaf, sukhi boriyon ya bins mein rakhein."
W1376,Mandi door hai.,roman_ur,wheat,market_price,Jab paise chahiye hon ya rate achha ho to bechein; behtar quality aur test weight zyada rate dilati hai. Ho sake to sirf ek beopari ko na bechein.
W1377,Salam khet ke liye.,roman_ur,wheat,greeting,"Salam. Gandum ke sawal pooch sakte hain: kab boen, kitni khaad, pani ka schedule, keera ya bimari ka ilaaj, kattai ya bechne ka tareeqa."
W1378,Rabi ki fasal.,roman_ur,wheat,general_info,"Gandum ko waqt par bone, balanced khaad, critical stages par pani, jhariyan aur keera-bimari ka control chahiye. Khet ka regular scout karein aur local recommendations follow karein."
W1379,Drill se bone.,roman_ur,wheat,sowing,Chawal ya cotton kattai ke baad recommended window mein boen. Der se bone par beej zyada dalen. Certified beej aur treatment achha stand dete hain.
W1380,Zang aagaya.,roman_ur,wheat,disease,"Patton par peeli ya bhoori pustules zang; stem rust kaala. Fungicide jaldi chhidkain, achha coverage dein, resistant variety prefer karein."
W1381,DAP mehengi hai.,roman_ur,wheat,fertilizer,Bone par DAP aur urea ka hissa dalen; baqi nitrogen pehle pani aur tillering par split karein. Dose soil test aur target paidawar par depend karti hai.
W1382,Nehr band hai.,roman_ur,wheat,irrigation,"Crown-root, tillering, booting, phool aur grain filling par pani zaroori hai. In waqt pani na milne se paidawar kam hoti hai; zyada pani se lodging aati hai."
W1383,Spray kab karein?,roman_ur,wheat,weed_control,"Jhariyan chhoti hon to recommended weedicide chhidkain, aam tor par bone ke 25–35 din baad. Broad leaf ya grass product jhari ke hisaab se; label parhen."
W1384,Safai kaise?,roman_ur,wheat,harvest,Combine ki setting theek karein taake tootna aur nuqsan kam ho. Dana safe nami par store karein; store keerey nazar aain to fumigation ya treatment.
W1385,Support price milega?,roman_ur,wheat,market_price,Forward contract ya group bechne se kabhi behtar rate mil sakta hai; behtar rate ke liye dana saaf aur sukha rakhein.
W1386,Bhai gandum sawal.,roman_ur,wheat,greeting,"Wa alaikum assalam. Main gandum ke bare mein bone, khaad, pani, jhariyan, keere, bimariyan, kattai aur market mein madad kar sakta hoon. Kya poochna hai?"
W1387,Fasal theek nahi.,roman_ur,wheat,general_info,"Behtareen amal: certified beej, line sowing, nitrogen split, crown-root, tillering, booting, phool aur grain filling par pani, waqt par kattai. Record rakhein."
W1388,Barish ho gayi.,roman_ur,wheat,weather_risk,Frost: frost wale ilaqe mein jaldi bone se bachein; zameen mein nami rakhein. Garmi: waqt par boen taake dana peak garmi se pehle bhare. Oala: zyada kuch nahi; insurance kaam aati hai.
W1389,Beej achha lena hai.,roman_ur,wheat,sowing,"Zameen bareek, level aur nam honi chahiye. Row spacing 20–25 cm. Rice ke baad zero till ya happy seeder jahan recommend ho use karein."
W1390,Pattay curl ho rahe.,roman_ur,wheat,pest,Chust par jab colony nazar aaye spray karein; termite mein pani nikalain aur seed treatment karein. Extension se product puchen.
W1391,Potash bhi deni hai?,roman_ur,wheat,fertilizer,"NPK balance: P aur K bone par, N bone, tillering aur kabhi booting par split. Gobar ya compost chemical khaad ke sath zameen behtar karti hai."
W1392,Tube well pani.,roman_ur,wheat,irrigation,"Raiti zameen ko kam kam aur zyada dafa pani dein; nehr kam ho to critical stages par hi dein, ridges ya beds se pani bachain."
W1393,Tank mix?,roman_ur,wheat,weed_control,Pehli nindaai 25–30 din ke andar karein. Broad leaf jhari ke liye broad-leaf herbicide; ghaas ke liye grass product. Tank mix sirf label allow kare to.
W1394,Jaldi kaat lain?,roman_ur,wheat,harvest,"Bhoosa charay, mulch ya bechne ke kaam aata hai; baler ho to bale bana sakte hain. Bechnay se pehle dana saf aur grade karein."
W1395,Behtar rate kaise?,roman_ur,wheat,market_price,"Rozana rate qareebi mandi, sarkari SMS ya agri app se check karein. Support price sarkar announce karti hai; procurement centers ki list food ya agri office par."
W1396,Assalam gandum.,roman_ur,wheat,greeting,"Salam. Gandum ke sawal pooch sakte hain: kab boen, kitni khaad, pani ka schedule, keera ya bimari ka ilaaj, kattai ya bechne ka tareeqa."
W1397,Khet ka nuqsan.,roman_ur,wheat,general_info,"Paidawar variety, bone ka waqt, zarkhaiz, pani aur keera-bimari par depend karti hai. Chhote kisaan group khareed, shared machinery aur market info se faida utha sakte hain."
W1398,Sardi zyada thi.,roman_ur,wheat,weather_risk,Terminal heat dana sookhata hai; waqt par bone aur grain filling par pani nuqsan kam karte hain. Mausam ki advisory dekhein aur pani usi ke mutabiq dein.
W1399,Laser leveler?,roman_ur,wheat,sowing,"Behtar waqt zyada tar ilaqon mein late October se mid-November. Per acre recommended beej, line sowing 3–5 cm gehrayi, bone se pehle seed treatment."
W1400,Chipchipa patte.,roman_ur,wheat,pest,"Scout karein, faida mand keere bachain, zarurat par hi selective zehr chhidkain. Neem ya biopesticide shuru mein kaam aati hai."
W1401,Zinc spray?,roman_ur,wheat,nutrient_deficiency,Ho sake to soil test karwain; phir NPK aur micronutrients dalen. Foliar spray se halki kami jaldi theek ho sakti hai.
W1402,Beds par bone?,roman_ur,wheat,irrigation,"Zyada pani waterlogging aur bimari laata hai; pani ka gap 12–20 din rakhein, zameen aur mausam ke hisaab se."
W1403,Narrow leaf weed?,roman_ur,wheat,weed_control,"Achi khet tayari, line sowing aur waqt par pani jhariyan kam karte hain. Herbicide rotate karein taake resistance na bane."
W1404,Threshing loss?,roman_ur,wheat,harvest,"Jab dana sakht ho, bhoosa zard ho aur nami safe ho to kattai karein. Store se pehle dana achhi tarah sokhain; saaf, sukhi boriyon ya bins mein rakhein."
W1405,Procurement kahan?,roman_ur,wheat,market_price,Jab paise chahiye hon ya rate achha ho to bechein; behtar quality aur test weight zyada rate dilati hai. Ho sake to sirf ek beopari ko na bechein.
W1406,Salam wheat.,roman_ur,wheat,greeting,"Wa alaikum assalam. Main gandum ke bare mein bone, khaad, pani, jhariyan, keere, bimariyan, kattai aur market mein madad kar sakta hoon. Kya poochna hai?"
W1407,Paidawar kam hai.,roman_ur,wheat,general_info,"Gandum ko waqt par bone, balanced khaad, critical stages par pani, jhariyan aur keera-bimari ka control chahiye. Khet ka regular scout karein aur local recommendations follow karein."
W1408,Garmi jaldi aayi.,roman_ur,wheat,weather_risk,Frost: frost wale ilaqe mein jaldi bone se bachein; zameen mein nami rakhein. Garmi: waqt par boen taake dana peak garmi se pehle bhare. Oala: zyada kuch nahi; insurance kaam aati hai.
W1409,Depth kitni?,roman_ur,wheat,sowing,Chawal ya cotton kattai ke baad recommended window mein boen. Der se bone par beej zyada dalen. Certified beej aur treatment achha stand dete hain.
W1410,Honeydew lag raha.,roman_ur,wheat,pest,Keeron ke liye recommended zehr ko sahi waqt aur dose par chhidkain; chust par patton ke niche target karein. Hadd se zyada hone par spray karein.
W1411,Sulphur kami?,roman_ur,wheat,nutrient_deficiency,Zard patte aksar nitrogen ki kami; tillering par urea topdress karein. Zinc kami ho to zinc sulphate ya foliar spray use karein.
W1412,First irrigation?,roman_ur,wheat,irrigation,"Pehla pani bone ke 20–25 din baad crown-root stage par dein; phir tillering, booting, phool aur dana bharnay par. Gap aam tor par 12–20 din."
W1413,Broad leaf spray?,roman_ur,wheat,weed_control,"Jhariyan chhoti hon to recommended weedicide chhidkain, aam tor par bone ke 25–35 din baad. Broad leaf ya grass product jhari ke hisaab se; label parhen."
W1414,Dry kaise karein?,roman_ur,wheat,harvest,Combine ki setting theek karein taake tootna aur nuqsan kam ho. Dana safe nami par store karein; store keerey nazar aain to fumigation ya treatment.
W1415,Documents bechne?,roman_ur,wheat,market_price,Forward contract ya group bechne se kabhi behtar rate mil sakta hai; behtar rate ke liye dana saaf aur sukha rakhein.
W1416,Hello gandum.,roman_ur,wheat,greeting,"Salam. Gandum ke sawal pooch sakte hain: kab boen, kitni khaad, pani ka schedule, keera ya bimari ka ilaaj, kattai ya bechne ka tareeqa."
W1417,Stand kamzor.,roman_ur,wheat,general_info,"Behtareen amal: certified beej, line sowing, nitrogen split, crown-root, tillering, booting, phool aur grain filling par pani, waqt par kattai. Record rakhein."
W1418,Barish pattern badla.,roman_ur,wheat,weather_risk,Terminal heat dana sookhata hai; waqt par bone aur grain filling par pani nuqsan kam karte hain. Mausam ki advisory dekhein aur pani usi ke mutabiq dein.
W1419,Spacing kitna?,roman_ur,wheat,sowing,"Zameen bareek, level aur nam honi chahiye. Row spacing 20–25 cm. Rice ke baad zero till ya happy seeder jahan recommend ho use karein."
W1420,Chust zyada ho gaye.,roman_ur,wheat,pest,"Pehle keera pehchanen, phir usi ke mutabiq dawai use karein. Nitrogen zyada na dein aur khet saaf rakhein."
W1421,Boron kami?,roman_ur,wheat,nutrient_deficiency,Purane patte zard ya peele N ki kami; recommended nitrogen dalen. Naye patton par safed lakeeren zinc; zinc khaad ya spray use karein.
W1422,Gap pani ka?,roman_ur,wheat,irrigation,"Crown-root, tillering, booting, phool aur grain filling par pani zaroori hai. In waqt pani na milne se paidawar kam hoti hai; zyada pani se lodging aati hai."
W1423,Post emergence?,roman_ur,wheat,weed_control,Pehli nindaai 25–30 din ke andar karein. Broad leaf jhari ke liye broad-leaf herbicide; ghaas ke liye grass product. Tank mix sirf label allow kare to.
W1424,Storage pest?,roman_ur,wheat,harvest,"Bhoosa charay, mulch ya bechne ke kaam aata hai; baler ho to bale bana sakte hain. Bechnay se pehle dana saf aur grade karein."
W1425,Quality rate?,roman_ur,wheat,market_price,"Rozana rate qareebi mandi, sarkari SMS ya agri app se check karein. Support price sarkar announce karti hai; procurement centers ki list food ya agri office par."
W1426,Hi wheat help.,roman_ur,wheat,greeting,"Wa alaikum assalam. Main gandum ke bare mein bone, khaad, pani, jhariyan, keere, bimariyan, kattai aur market mein madad kar sakta hoon. Kya poochna hai?"
W1427,Crop kamzor lag rahi.,roman_ur,wheat,general_info,"Paidawar variety, bone ka waqt, zarkhaiz, pani aur keera-bimari par depend karti hai. Chhote kisaan group khareed, shared machinery aur market info se faida utha sakte hain."
W1428,Frost aa sakta hai?,roman_ur,wheat,weather_risk,Frost: frost wale ilaqe mein jaldi bone se bachein; zameen mein nami rakhein. Garmi: waqt par boen taake dana peak garmi se pehle bhare. Oala: zyada kuch nahi; insurance kaam aati hai.
W1429,Seed rate late?,roman_ur,wheat,sowing,"Behtar waqt zyada tar ilaqon mein late October se mid-November. Per acre recommended beej, line sowing 3–5 cm gehrayi, bone se pehle seed treatment."
W1430,Aphid threshold?,roman_ur,wheat,pest,Chust par jab colony nazar aaye spray karein; termite mein pani nikalain aur seed treatment karein. Extension se product puchen.
W1431,I have sown wheat last week when should I give the first water and what is the right gap between two irrigations?,en,wheat,irrigation,"First irrigation for wheat is usually given around 20–25 days after sowing, at the crown-root initiation stage. The gap between two irrigations depends on soil and weather: generally 12–20 days for medium soils. After that, give water at tillering, booting, flowering and grain filling; missing these stages can reduce yield."
W1432,Meri gandum ki fasal mein patte zard ho rahe hain aur thore kamzor lag rahe hain kya wajah ho sakti hai?,roman_ur,wheat,nutrient_deficiency,Zard patte aur kamzor plants aksar nitrogen ki kami ya zinc deficiency ki wajah se hote hain. Pehle check karein ke purane patte zard hain (N kami) ya naye patton par safed lakeeren (zinc). N kami ho to urea topdress karein tillering par; zinc kami ho to zinc sulphate ya foliar zinc spray use karein. Pani bhi theek rakhein taake roots khaad sookh sakein.
W1433,There are too many weeds in my wheat field and I missed the first spray what should I do now?,en,wheat,weed_control,"If you missed the first spray, apply post-emergence herbicide as soon as weeds are still small, usually within 25–35 days after sowing. Use a product recommended for wheat and match it to your weed type (grass or broad leaf). Do not mix with urea unless the label allows it; spray in calm weather and follow the correct dose to avoid crop damage."
W1434,Gandum bone ka behtar waqt kab hai aur kitna beej per acre dalna chahiye?,roman_ur,wheat,sowing,"Gandum bone ka behtar waqt zyada tar ilaqon mein late October se mid-November hota hai. Per acre recommended seed rate use karein (region aur variety ke hisaab se, aam tor par 40–50 kg). Line sowing 3–5 cm gehrayi par karein aur bone se pehle seed treatment zaroor karein taake smut aur bunt se bachav ho."
W1435,My crop has got some disease leaves have yellow and brown spots and I am worried,en,wheat,disease,"Yellow and brown spots on leaves can be rust (yellow, brown or black pustules) or other leaf diseases. First identify: rust has powdery pustules that rub off. Spray a recommended systemic fungicide at early signs and repeat if needed; also avoid excess nitrogen and prefer resistant varieties. If unsure, send a photo to your extension officer or use the crop clinic."
W1436,Khaad kab dalni chahiye aur urea aur DAP dono kitni kitni per acre?,roman_ur,wheat,fertilizer,"Bone par DAP ya phosphorus source dalen (soil test ke mutabiq, aam tor par 1–2 bag DAP per acre). Urea ko split karein: ek hissa bone par ya pehle pani ke sath, doosra tillering par topdress. Total nitrogen per acre local recommendation follow karein; barani mein thori kam aur irrigated mein full dose."
W1437,Wheat is almost ready but I am not sure when exactly to harvest and how to know grain is ready,en,wheat,harvest,"Wheat is ready for harvest when the grain is hard, straw has turned yellow and moisture has dropped to a safe level (around 12–15%). Test by pressing a grain with your nail: if it does not dent easily, it is ready. Harvest at the right time to avoid shattering loss or too-wet grain; use combine with correct setting or manual harvest with care."
W1438,Aaj kal gandum ka bhav kya chal raha hai aur bechne ka sahi waqt kab hai?,roman_ur,wheat,market_price,"Aaj kal ka rate mandi, sarkari SMS, ya agri apps se roz check karein. Bechne ka sahi waqt aap ki zarurat aur rate par depend karta hai: agar paise chahiye to jaldi bechein; agar store karna possible hai aur rate barhne ka andaza ho to thora intezar karein. Support price aur procurement centers ki list food department ya agri office se lein."
W1439,Keerey gandum par aa gaye hain patton par chote chote keerey hain kaun si dawai chhidkain?,roman_ur,wheat,pest,Patton par chote keerey (chust/aphid) hon to recommended insecticide use karein jab colony zyada ho. Subah ya sham ko thandi hawa mein spray karein; patton ke niche bhi coverage dein. Dose aur waiting period label par follow karein. Agar faida mand keere (jaise ladybird) bhi hain to selective insecticide prefer karein.
W1440,I want to know the best wheat variety for my area and when to sow after rice harvest,en,wheat,sowing,"Best variety apne ilaqe ke liye agriculture department ya research station se puchen; Punjab/Sindh ke liye alag alag recommended list hoti hai. Chawal kattai ke baad jald se jald gandum boen, aam tor par late October se mid-November tak. Khet tayari, certified beej aur seed treatment use karein taake stand achha ho."
W1441,Pehla pani bone ke kitne din baad dena chahiye aur kitni dafa pani dena hai total?,roman_ur,wheat,irrigation,"Pehla pani bone ke 20–25 din baad dein, jab crown-root stage ho. Total irrigations zameen aur mausam par depend karti hain: aam tor par 4–6 pani canal areas mein. Do paniyon ke beech 12–20 din ka gap rakhein; raiti zameen par kam gap, bhari zameen par zyada. Critical stages hain: crown-root, tillering, booting, phool aur grain filling."
W1442,Yellow rust has appeared on my wheat leaves what spray should I use and when?,en,wheat,disease,Yellow rust (stripe rust) peeli pustules patton par dikhata hai. Jald systemic fungicide chhidkain jo rust ke liye recommend ho; coverage achha hona chahiye. Doosri spray 10–14 din baad zarurat ho to karein. Resistant variety agle saal ke liye use karein aur der bone se bachein.
W1443,Jhariyan zyada ho gayi hain ab weedicide chhidkain ya haath se godai karein?,roman_ur,wheat,weed_control,Agar jhariyan chhoti hain (25–35 din tak) to post-emergence weedicide chhidkain; product wheat ke liye aur jhari ki qism (grass/broad leaf) ke mutabiq ho. Jhariyan zyada badi hon to pehle haath se godai karein phir baqi ke liye spray. Tank mix sirf tab karein jab label allow kare.
W1444,How much nitrogen and phosphorus should I apply at sowing and when to give top dressing?,en,wheat,fertilizer,"At sowing apply full dose of phosphorus (DAP or SSP) and potash if needed; apply one-third to half of nitrogen as basal. Give first top dressing at crown-root or first irrigation, and second at tillering or early stem elongation. Total N and P per acre should follow local recommendation based on soil test and yield target."
W1445,Gandum kaatne ke baad dana kaise sukhaen aur store karein taake keerey na lagain?,roman_ur,wheat,harvest,"Kattai ke baad dana ko achhi tarah sukhaen: patla layer mein faila kar dhoop mein, roz palattein. Safe storage ke liye nami 12–14% se kam honi chahiye. Saaf, sukhi boriyon ya bins mein store karein; keerey se bachav ke liye fumigation ya recommended treatment use karein. Godown dry aur hawa daar rakhein."
W1446,Government support price kya hai is saal aur procurement center kahan hai?,roman_ur,wheat,market_price,"Support price har saal sarkar announce karti hai; agri department ya news se check karein. Procurement centers ki list food department, agri office ya local Kisan call center se milegi. Bechnay se pehle grain saaf, sukha aur grade karein taake reject na ho."
W1447,Aphids have come on wheat ears in large number which insecticide is safe and effective?,en,wheat,pest,Aphids on ears in large number need timely spray. Use an insecticide recommended for wheat aphid at the correct dose; spray in cooler part of the day for better effect. Target the ears and upper leaves; repeat only if population builds again and follow the waiting period before harvest.
W1448,Chawal ke baad gandum kab boen aur khet ki tayari kaise karein?,roman_ur,wheat,sowing,"Chawal ke baad jald gandum boen, aam tor par late October se mid-November. Khet tayari: chawal ki residual ko manage karein, zameen bareek karein aur level karein. Zero till drill ya happy seeder use karein agar available ho; warna normal preparation ke baad line sowing karein. Certified beej aur seed treatment zaroori hain."
W1449,I gave first irrigation late will it affect yield and what to do for next irrigations?,en,wheat,irrigation,"First irrigation late dene se early growth aur tillering kam ho sakti hai. Ab critical stages—tillering, booting, flowering, grain filling—par pani time par dein. Doosre paniyon ka gap 12–18 din rakhein. Agar zameen zyada sukhi hai to ek light irrigation jald dein; us ke baad schedule theek rakhein."
W1450,Pattay pe peeli peeli daag aur bhoora powder nazar aa raha hai zang to nahi?,roman_ur,wheat,disease,Peeli ya bhoori daag aur powder rust (zang) ki nishani ho sakti hai. Peeli zang (stripe rust) patton par lines mein hota hai. Systemic fungicide jald chhidkain; coverage achha hona chahiye. Resistant variety agle season ke liye len aur nitrogen zyada na dein.
W1451,Weeds are competing with crop when is the right time for post emergence herbicide?,en,wheat,weed_control,"Post-emergence herbicide ka sahi waqt jab wheat 2–3 leaf stage se aage ho aur jhariyan chhoti hon, aam tor par 25–35 din after sowing. Product wheat ke liye aur weed type (grass ya broad leaf) ke mutabiq chunien. Dose aur nozzle label par follow karein; hawa zyada ho to spray na karein."
W1452,Urea kab dalen pehli pani se pehle ya baad mein aur kitni dafa?,roman_ur,wheat,fertilizer,Urea pehle pani ke sath ya us ke foran baad dalen; pehli dose sowing/crown-root par aur doosri tillering par. Kitni dafa: aam tor par 2–3 split (basal + tillering + kabhi booting). Per acre total nitrogen local recommendation follow karein; zyada tar 1.5–2 bag urea equivalent use hoti hai.
W1453,Harvest time is near how to reduce shattering loss and when to use combine?,en,wheat,harvest,Shattering loss kam karne ke liye sahi waqt par kattai karein jab grain hard ho lekin zyada sookha na ho. Combine use karein to drum speed aur concave setting theek karein; manual threshing mein dheere kaatein. Garm dhoop aur tez hawa mein kattai avoid karein.
W1454,Mandi mein rate check kaise karein aur beopari se behtar rate kaise lein?,roman_ur,wheat,market_price,"Mandi rate rozana mandi office, SMS service ya agri app se check karein. Beopari se behtar rate lene ke liye rate pehle jaan lain, grain saaf aur grade karein, aur agar possible ho to do teen dukandar se rate puchen. Group selling ya cooperative bhi option hai."
W1455,Termite is damaging wheat roots and stems what treatment to do?,en,wheat,pest,Termite ke liye field drainage theek karein taake pani khara na rahe. Seed treatment insecticide se karein; soil mein termite ho to recommended termiticide use karein. Purani stubble jalaen ya hataen; FYM agar dalen to bilkul galay hui use karein.
W1456,Barani ilaqe mein gandum kab boen aur beej ki kitni quantity per acre?,roman_ur,wheat,sowing,Barani ilaqe mein barish ke hisaab se boen: aam tor par late October se mid-November jab nami enough ho. Seed rate irrigated se thori zyada rakhein (45–55 kg/acre) taake stand achha aaye. Drought tolerant aur early variety prefer karein; local agri office se list lein.
W1457,Canal water is short how to manage wheat irrigation and which stages are most critical?,en,wheat,irrigation,"Canal shortage mein critical stages par pani dena sab se zaroori hai: crown-root, tillering, booting, flowering aur grain filling. In mein se booting aur grain filling sab se sensitive hain. Pani bachane ke liye ridges ya beds use karein, field level theek rakhein aur zyada evaporation wale din avoid karein."
W1458,Smut ya bunt lag rahi hai beej agli fasal ke liye kaise safe karun?,roman_ur,wheat,disease,Smut/bunt se bachne ke liye agli fasal ka beej certified ya bilkul saaf use karein. Fungicidal seed treatment zaroor karein (systemic product jo bunt/smut ke khilaf ho). Smut wali fasal ka beej dobara na use karein. Treatment ke baad beej ko shade mein sukhaen.
W1459,Broad leaf and grass dono weeds hain kaun sa spray use karein?,roman_ur,wheat,weed_control,"Agar dono qism ki jhariyan (broad leaf aur grass) hain to do alag spray kar sakte hain ya woh product use karein jo dono par label pe allow ho. Pehle grass control phir broad leaf ya reverse, label ke mutabiq. Tank mix sirf tab karein jab dono products ki label allow kare."
W1460,Soil is low in fertility how much extra fertilizer and which type for wheat?,en,wheat,fertilizer,Low fertility soil mein soil test ke mutabiq dose barhaen; NPK balanced rakhein. Zyada tar 1.5–2x normal dose use hoti hai; phosphorus aur organic matter (FYM/compost) zyada dena faida mand hai. Zinc aur boron agar soil mein kami hon to add karein. Split nitrogen zaroori hai.
W1461,Kattai ke baad bhoosa ka kya karein charay ya bech kar paise len?,roman_ur,wheat,harvest,Bhoosa charay ke tor par use kar sakte hain ya bech kar paise le sakte hain. Agar baler hai to bale bana kar bechna behtar; nahi to loose bhoosa bhi mandi mein bikta hai. Kuch kisan ise next crop ke liye mulch ya bed planting mein use karte hain.
W1462,I need loan for wheat crop where to apply and what documents are needed?,en,wheat,subsidy_loan,"Wheat crop loan ke liye bank, agriculture department ya Kisan scheme office mein apply karein. Documents mein zameen ke kaghzat, CNIC, aur application form hota hai. Kisan card ya kissan loan scheme ki details local bank ya agri office se lein. Eligibility aur interest rate wahan confirm karein."
W1463,Chust keera patton par bahut hai spray kab karein subah ya sham?,roman_ur,wheat,pest,Chust (aphid) par spray subah ya sham ko karein jab hawa thandi ho; dhoop mein spray kam asar karti hai. Recommended insecticide sahi dose par use karein; patton ke niche bhi coverage dein. Hadd se zyada hone par hi spray karein taake faida mand keere bach jayein.
W1464,Late November sowing is still okay or yield will be less what to do?,en,wheat,sowing,Late November sowing ab bhi theek hai lekin yield thori kam ho sakti hai. Seed rate thori barha den (5–10% zyada); der se tillering kam hoti hai. Resistant variety aur balanced khaad den; critical irrigations time par dein. December mein bone se bachain jitna ho sake.
W1465,Pani zyada de diya hai khet mein pani khara hai kya nuqsan hoga?,roman_ur,wheat,irrigation,"Pani zyada hone se waterlogging ho sakti hai; is se jaden galti hain, plants kamzor aur bimariyan barh sakti hain. Ab pani nikalne ka bandobast karein (drainage); zameen ko hawa lagnay dein. Agli irrigations mein gap barha kar pani kam dein. Waterlogging wale hisse mein khaad ka effect bhi kam hota hai."
W1466,Rust is spreading in my field which fungicide and how many sprays needed?,en,wheat,disease,Rust ke liye systemic fungicide use karein jo leaf/stripe/stem rust ke khilaf recommend ho. Pehli spray jald karein jab pehli nishani dikhe; doosri 10–14 din baad agar disease pressure bari ho. Coverage achha hona chahiye; resistant variety agle saal use karein.
W1467,Weedicide aur urea ek sath mix karke chhidkain to chalega?,roman_ur,wheat,weed_control,Weedicide aur urea ka tank mix sirf tab karein jab dono products ki label allow kare. Kaheen label pe likha hota hai ke urea ke sath mix na karein. Agar mix allowed hai to sahi order aur dilution follow karein. Best practice: alag alag din spray karein taake crop safe rahe.
W1468,When to give second dose of nitrogen and how much for good tillering?,en,wheat,fertilizer,"Second dose of nitrogen (top dressing) tillering stage par dein, aam tor par bone ke 40–50 din baad ya pehle pani ke 15–20 din baad. Per acre local recommendation follow karein; zyada tar 0.5–1 bag urea. Pani de kar ya light irrigation ke baad dalen taake sookh na jaye."
W1469,Grain moisture at harvest should be how much for safe storage?,en,wheat,harvest,"Grain moisture at harvest for safe storage usually 12–14% ya us se kam honi chahiye. Zyada nami se storage mein fungus aur keerey lagte hain. Moisture meter se check karein; nahi ho to grain ko dant se test karein (sakht, toot na sake). Sukhane ke baad hi store karein."
W1470,Sarkari procurement mein bechna better hai ya mandi mein?,roman_ur,wheat,market_price,Sarkari procurement mein support price milti hai aur payment direct; lekin timing aur quality rules follow karne padte hain. Mandi mein kabhi rate zyada mil sakta hai lekin beopari commission aur delay bhi hota hai. Apni zarurat aur local rate dekh kar decide karein; dono options ki list rakh lain.
W1471,Keeron ne nuqsan kar diya ab spray kiya hai kya aur bhi chhidkain?,roman_ur,wheat,pest,"Spray ke baad agar keerey phir bhi zyada hain ya naye aaye hain to doosri spray kar sakte hain, lekin waiting period (label par) harvest se pehle follow karein. Doosri spray alag mode of action wala product use karein taake resistance na bane. Faida mand keeron ko bachane ke liye selective insecticide prefer karein."
W1472,Zero till drill se gandum bone ka faida kya hai aur kab use karein?,roman_ur,wheat,sowing,"Zero till drill se gandum bone se waqt aur diesel bachta hai, moisture bachti hai aur soil structure behtar rehta hai. Chawal ke baad stubble rehne dete hain aur seed usi mein place karte hain. Use tab karein jab chawal jald katti ho aur gandum ka time aa raha ho; drill ki setting sahi honi chahiye."
W1473,First water after sowing when exactly and how much gap to next irrigation?,en,wheat,irrigation,"First water usually 20–25 days after sowing at crown-root stage dein. Next irrigation ka gap 12–20 days rakhein (soil type par depend). Critical stages: crown-root, tillering, booting, flowering, grain filling. In stages par pani na chhorna yield ke liye bahut zaroori hai."
W1474,Leaf blight ya spot disease lag rahi hai fungicide kaun si?,roman_ur,wheat,disease,"Leaf blight ya spot disease ke liye fungicide use karein jo wheat ke leaf spots ke khilaf recommend ho (tan spot, septoria, etc.). Spray jald karein jab pehli daag dikhein; coverage achha hona chahiye. Resistant variety aur balanced nitrogen bhi madad karte hain."
W1475,Pre emergence weedicide use kiya nahi ab post emergence kab chhidkain?,roman_ur,wheat,weed_control,"Pre emergence miss hone par post-emergence herbicide use karein jab jhariyan chhoti hon, aam tor par 25–35 din after sowing. Product wheat ke liye aur weed type ke mutabiq chunien. Dose sahi rakhein; zyada tar 2,4-D ya clodinafop jaisi products use hoti hain. Label parhen."
W1476,DAP and urea ratio per acre for wheat and when to apply each?,en,wheat,fertilizer,DAP and urea ratio: bone par 1–2 bag DAP (P fix) aur urea ka hissa (1/3 se 1/2 N); baqi urea pehle pani aur tillering par topdress. Total per acre soil test aur target yield se decide hota hai; aam tor par 1.5–2 bag urea aur 1–2 bag DAP. Potash agar soil test mein kam ho to add karein.
W1477,Combine se kaatne par setting kaise karein taake nuqsan kam ho?,roman_ur,wheat,harvest,Combine ki drum speed aur concave clearance theek karein taake dana tootey kam aur straw sahi cut ho. Manual mein setting guide ke mutabiq karein. Kattai thandi subah ya sham ko karein; garmi mein shattering zyada hoti hai. Field ki condition ke hisaab se speed adjust karein.
W1478,Crop insurance for wheat how to get and is it useful?,en,wheat,subsidy_loan,"Crop insurance wheat ke liye bank ya insurance company se le sakte hain; premium sarkar subsidize karti hai. Nuqsan (frost, hail, flood) hone par claim file karte hain; survey ke baad compensation milti hai. Useful hai kyunke ek bura saal bhi loss thora cover ho jata hai. Details agri office ya bank se lein."
W1479,Armyworm is cutting wheat plants at base what to spray?,en,wheat,pest,Armyworm ke liye recommended insecticide use karein jo armyworm/cutworm ke khilaf wheat par allow ho. Spray sham ko karein jab larvae zyada active hon; coverage crop canopy tak hona chahiye. Field edges aur dense patches par zyada dhyan dein. Early detection se ek hi spray kaafi ho sakti hai.
W1480,Cotton kattai ke baad gandum kab tak bo len aur seed rate?,roman_ur,wheat,sowing,"Cotton kattai ke baad jald gandum boen, aam tor par late October tak. Seed rate normal ya thori zyada (cotton ke baad zameen thori kam fertile ho sakti hai). Zero till drill use karein agar available ho; cotton stalks ko manage karein taake drill atakay na."
W1481,Sandy soil hai pani jaldi sookh jata hai irrigation ka schedule kya rakhein?,roman_ur,wheat,irrigation,"Raiti zameen mein pani jaldi sookh jata hai is liye pani ka gap kam rakhein, aam tor par 10–15 din. Kam pani lekin bar bar dein taake percolation kam ho. Mulching ya residue cover se nami bachti hai. Critical stages (crown-root, tillering, booting, flowering, grain filling) par pani zaroor dein."
W1482,Powdery mildew on wheat leaves what is the treatment?,en,wheat,disease,Powdery mildew patton par safed powder jaisa dikhata hai. Fungicide use karein jo powdery mildew ke khilaf wheat par recommend ho; sulphur ya triazole products kaam karti hain. Spray jald karein; coverage achha hona chahiye. Resistant variety aur balanced nitrogen se bachav better hai.
W1483,Jhariyan resistant ho gayi hain puri spray kaam nahi kar rahi kya karein?,roman_ur,wheat,weed_control,Resistant jhariyan ke liye alag mode of action wala herbicide use karein; same product bar bar na chhidkain. Rotation mein different herbicide (grass vs broad leaf) use karein. Hand weeding se bachi hui jhariyan hataen. Agli fasal ke liye weed-free seed aur clean equipment use karein.
W1484,FYM or compost with chemical fertilizer for wheat how much to use?,en,wheat,fertilizer,"FYM ya compost well decomposed honi chahiye; 2–4 ton per acre theek hai. Chemical fertilizer ke sath dein: DAP/urea ki full dose na ghatayein, FYM extra benefit ke liye. Sowing se pehle mix karein taake galay ho. Is se zameen behtar rehti hai aur pani hold karti hai."
W1485,Storage mein dana ko keerey se kaise bachain?,roman_ur,wheat,harvest,"Storage keerey se bachane ke liye dana bilkul sukha store karein (nami 12–14% se kam). Boriyon ko fumigation ya recommended storage insecticide se treat karein. Godown dry, hawa daar aur clean rakhein. Check karte rahein; keerey dikhein to phir treatment karein."
W1486,Quality wheat ka zyada rate milta hai grading kaise karein?,roman_ur,wheat,market_price,"Quality wheat ke liye grain saaf karein, mote danay alag karein aur test weight behtar rakhein. Grading se premium rate milta hai; mandi ya procurement center ki quality standards follow karein. Storage mein bhi saaf aur sukha rakhein taake bechte waqt reject na ho."
W1487,Natural way se keeron ko control kar sakte hain bina zehr ke?,roman_ur,wheat,pest,"Natural control: faida mand keere (ladybird, parasitoids) bachain; broad-spectrum spray kam karein. Neem oil ya neem-based product early stage par try kar sakte hain. Field sanitation rakhein; stubble jalaen ya galay karein. Threshold par hi spray karein taake balance bana rahe."
W1488,Seed treatment before sowing is necessary for wheat and with what?,en,wheat,sowing,"Seed treatment wheat ke liye zaroori hai taake smut, bunt aur kuch soil-borne diseases na aayein. Fungicide (systemic) jo seed-borne diseases ke khilaf ho use karein; insecticide treatment bhi termite/soil pests ke liye kar sakte hain. Treatment ke baad beej ko shade mein sukha kar sow karein."
W1489,Critical stages for wheat irrigation please tell all and gap between each,en,wheat,irrigation,"Critical stages for wheat irrigation: crown-root initiation (20–25 days after sowing), tillering, booting, flowering aur grain filling. In panch stages par pani na chhorna chahiye. Gap between irrigations: 12–20 days zameen ke hisaab se; raiti zameen par kam, bhari zameen par zyada."
W1490,Karnal bunt ki pehchan kya hai aur beej se kaise bachain?,roman_ur,wheat,disease,"Karnal bunt danon ko kaala, fishy smell ke sath banata hai; kuch danay spike mein affected hote hain. Beej se bachne ke liye certified/clean seed use karein aur fungicidal seed treatment zaroor karein. Infected grain alag karein aur beej ke liye use na karein."
W1491,Hand weeding and spray dono karna padega ya sirf spray kaafi hai?,roman_ur,wheat,weed_control,"Choti jhariyan hon to sirf spray kaafi ho sakti hai; badi jhariyan hon to pehle godai karein phir baqi ke liye spray. Mix situation mein dono karna behtar: spray se zyada hissa control, godai se border aur bachi hui jhariyan. Time par control zaroori hai (25–35 din)."
W1492,Zinc deficiency in wheat leaves white stripes what to apply?,en,wheat,nutrient_deficiency,White stripes on young leaves often indicate zinc deficiency. Apply zinc sulphate to soil at sowing or use foliar zinc spray at tillering. Repeat foliar spray if symptoms persist; follow recommended dose. Balanced NPK bhi rakhein taake zinc uptake theek ho.
W1493,Top dressing of urea at tillering stage how much per acre?,en,wheat,fertilizer,"Top dressing at tillering: aam tor par 0.5–1 bag urea per acre, local recommendation follow karein. Pehle pani dein phir urea dalen ya light irrigation dein taake sookh na jaye. Doosri dose booting stage par bhi de sakte hain agar target yield high ho."
W1494,Harvest ke baad grain ko dry karke store karne ka tareeqa?,roman_ur,wheat,harvest,Kattai ke baad grain ko patli layer mein faila kar dhoop mein sukhaen; roz palattein. Safe storage ke liye nami 12–14% tak laen. Phir saaf boriyon ya bins mein store karein; keerey se bachav ke liye fumigation ya recommended treatment. Godown dry aur hawa daar rakhein.
W1495,Forward selling ya contract farming wheat ke liye kya faida?,roman_ur,wheat,market_price,Forward selling ya contract se aap rate pehle fix kar lete hain; rate girne ka risk kam hota hai. Nuqsan ye hai ke rate barh jaye to faida nahi milta. Contract ki terms aur payment time clearly jaan lain. Local trader ya mill se contract karte waqt rate compare karein.
W1496,Rodent is damaging wheat in field how to control?,en,wheat,pest,Rodent control: field edges aur bunds saaf rakhein; burrows dhoond kar band karein. Poison bait (safety se) use kar sakte hain; bachon aur janwaron se door rakhein. Trap bhi kaam karte hain. Storage godown ko rodent-proof rakhein; darwazay aur cracks band karein.
W1497,Rice wheat rotation mein gandum bone ka exact time kya hai?,roman_ur,wheat,sowing,"Rice-wheat rotation mein gandum bone ka exact time chawal kattai ke baad jald, aam tor par late October se mid-November. Jitna jaldi ho sake prepare karke boen taake terminal heat na lage. Zero till ya happy seeder use karein agar available ho; seed rate aur fertilizer full dein."
W1498,Over irrigation se kya problem hoti hai aur pani ka gap kitna rakhein?,roman_ur,wheat,irrigation,"Over irrigation se waterlogging, root rot, lodging aur bimariyan barh sakti hain. Pani ka gap 12–20 din rakhein; zameen type dekh kar. Zyada pani na dein; critical stages par hi focus karein. Drainage theek rakhein taake pani khara na rahe."
W1499,Septoria or tan spot on wheat which fungicide to use?,en,wheat,disease,Septoria ya tan spot ke liye fungicide use karein jo leaf spot diseases ke khilaf wheat par recommend ho. Spray jald karein jab pehli daag dikhein; coverage achha hona chahiye. Resistant variety aur crop rotation bhi madad karte hain. Nitrogen zyada na dein.
W1500,Cultural methods se jhariyan kaise control karein spray ke ilawa?,roman_ur,wheat,weed_control,"Cultural control: line sowing, sahi plant population, timely irrigation aur crop rotation jhariyan kam karte hain. Stale seedbed: pehle pani dein jhariyan niklein phir spray karein aur bone karein. Clean equipment aur weed-free seed use karein. Mulching ya residue bhi jhariyan suppress karti hai."
W1501,Basal dose at sowing what to apply and how much DAP and urea?,en,wheat,fertilizer,Basal dose at sowing: full phosphorus (DAP 1–2 bag/acre) aur potash agar soil test mein kam ho; nitrogen ka 1/3 se 1/2 hissa bhi basal de sakte hain. DAP aur urea ko seed se thora door rakhein taake germination pe asar na ho. Soil test ke mutabiq exact dose adjust karein.
W1502,Threshing loss kam karne ke liye kya karein?,roman_ur,wheat,harvest,"Threshing loss kam karne ke liye grain ko bilkul ready hone dein, na jaldi na zyada der. Combine use karein to drum speed aur concave sahi set karein; manual threshing mein dheere kaatein. Garm dhoop mein kattai avoid karein; grain handle karte waqt care lein."
W1503,Kisan card se wheat ke liye qarz kaise milega?,roman_ur,wheat,subsidy_loan,"Kisan card se qarz ke liye bank ya designated office mein apply karein; zameen ke kaghzat, CNIC aur form zaroori hain. Scheme ki details (limit, interest, tenure) agri office se lein. Loan crop input (beej, khaad) ke liye milta hai; timely repayment se agli baar asani hoti hai."
W1504,Beneficial insects in wheat field should we avoid spraying to save them?,en,wheat,pest,"Beneficial insects (ladybird, parasitoids) aphid aur chote pests ko khate hain. Inhe bachane ke liye selective insecticide use karein; broad-spectrum spray avoid karein jab tak zarurat na ho. Threshold par hi spray karein; IPM follow karein taake balance bana rahe."
W1505,Land preparation for wheat how many ploughings and when to level?,en,wheat,sowing,"Land preparation: 1–2 deep ploughs, phir 2–3 harrows se tilth bareek karein. Clods hataen aur zameen level karein; laser leveler agar ho to behtar. Sowing se 1–2 haftay pehle tayari khatam karein. Organic matter (FYM) agar dalen to pehle mix karein."
W1506,Brackish or saline water wheat ko de sakte hain?,roman_ur,wheat,irrigation,Thora brackish ya saline pani kabhi use ho sakta hai agar EC limit se zyada na ho; soil salinity check karte rahein. Zyada khari pani avoid karein; blend karke use karein agar possible ho. Gypsum zameen mein dalen agar soil saline hai; drainage theek rakhein.
W1507,Black rust on wheat stem what spray and when?,en,wheat,disease,Black rust (stem rust) stem aur patton par kaale/bhooray pustules banata hai. Systemic fungicide jo stem rust ke khilaf ho jald chhidkain; coverage stem tak hona chahiye. Resistant variety agle saal use karein. Volunteer wheat hataen taake rust cycle toot jaye.
W1508,Herbicide rotate karna kyun zaroori hai resistance se bachne ke liye?,roman_ur,wheat,weed_control,Herbicide rotate karna is liye zaroori hai ke ek hi product bar bar use se jhariyan resistant ho jati hain. Alag mode of action wale products alternate karein (grass vs broad leaf; different chemistries). Is se resistance delay hoti hai aur long-term control behtar rehta hai.
W1509,Potash for wheat when to apply and how much per acre?,en,wheat,fertilizer,Potash agar soil test mein kam ho to sowing par PK ya potash source dalen; aam tor par 25–50 kg K2O per acre. Zyada tar soils mein P aur N ki kami zyada hoti hai; potash sirf deficiency pe dein. Split mein dene ki zarurat nahi; basal dose kaafi hai.
W1510,Wheat straw baling for sale is it profitable?,en,wheat,harvest,Wheat straw baling se aap bhoosa bech sakte hain; dairy ya fodder buyers khareedte hain. Baler ka kharcha aur labour dekhein; agar area mein demand hai to profitable ho sakta hai. Bale storage dry jagah par karein. Loose bhoosa bhi mandi mein bikta hai.
W1511,Mandi rate daily kaise check karein mobile se?,roman_ur,wheat,market_price,"Mandi rate daily check karne ke liye sarkari SMS service, agri apps (PASS, etc.) ya qareebi mandi office se puchen. Rate roz badalta hai; bechne se pehle same din ka rate dekh lain. Support price aur procurement ki list bhi online ya agri office se milegi."
W1512,Spray drift se bachne ke liye hawa aur nozzle ka kya rakhein?,roman_ur,wheat,general_info,Spray drift se bachne ke liye tez hawa (5 km/h se zyada) mein spray na karein. Nozzle sahi size aur pressure use karein; flat fan nozzle coverage ke liye theek hai. Sprayer ki height aur speed theek rakhein. Paani ke srot aur padosi khet se door rahein.
W1513,Plant population per acre for wheat what is ideal?,en,wheat,sowing,Ideal plant population wheat ke liye region aur variety par depend karta hai; aam tor par 300–400 plants per square meter ya 30–40 lakh per acre theek hai. Seed rate aur germination se achieve hota hai; line sowing se uniform stand aata hai. Local recommendation follow karein.
W1514,Frost has damaged wheat seedlings what to do now?,en,wheat,weather_risk,Frost damage ke baad kuch plants recover ho sakte hain; extra nitrogen mat dein abhi. Pani light dein agar zameen sukhi ho; heavy irrigation avoid karein. Agli irrigations aur khaad schedule theek rakhein. Agar damage bahut zyada ho to crop insurance claim consider karein.
W1515,Waterlogging in wheat field how to drain and save crop?,en,wheat,irrigation,Waterlogging hone par pani nikalne ka bandobast turant karein; drainage channels ya pump use karein. Khara pani hataen taake jaden saans le sakein. Us hisse mein khaad ka effect kam hota hai; recovery ke baad light topdress de sakte hain. Aage irrigation mein gap barha kar pani kam dein.
W1516,Fusarium head blight ki pehchan aur ilaaj?,roman_ur,wheat,disease,"Fusarium head blight (FHB) saron par ghalat rang, pink mould aur chhote danay banata hai. Resistant variety use karein; flowering par fungicide spray (FHB ke khilaf) karein. Residue galay karein; rotation mein non-host crop len. Infected grain alag karein."
W1517,Post emergence weedicide ka sahi waqt aur dose?,roman_ur,wheat,weed_control,Post-emergence weedicide ka sahi waqt 25–35 din after sowing jab wheat 2–3 leaf stage se aage ho aur jhariyan chhoti hon. Dose label par hoti hai; nozzle aur pressure theek rakhein. Hawa calm ho; dhoop mein spray avoid karein. Product weed type ke mutabiq chunien.
W1518,Soil test ke baad wheat ke liye khaad ka plan kaise banayein?,roman_ur,wheat,fertilizer,"Soil test ke baad N, P, K aur micronutrients ki recommendation aati hai. Us ke mutabiq DAP, urea aur potash ki dose fix karein. Kam zarkhaiz zameen mein dose barhi hoti hai; zinc/boron agar report mein kam hon to add karein. Split nitrogen zaroor follow karein."
W1519,Grain storage pest control fumigation or spray which is better?,en,wheat,harvest,Grain storage pest control: fumigation strong attack ke liye (aluminium phosphide etc.; safety rules follow karein). Spray (contact insecticide) surface aur bags par use ho sakta hai. Pehle grain bilkul sukha store karein; clean godown use karein. Regular check karein; keerey dikhein to phir treatment.
W1520,Test weight aur quality se rate pe kya asar padta hai?,roman_ur,wheat,market_price,"Test weight aur quality behtar hon to rate zyada milta hai; mills aur export buyers premium dete hain. Grain saaf, mote aur uniform rakhein; grading karein. Storage mein bhi quality maintain karein; moisture aur damage kam rakhein."
W1521,IPM approach for wheat pests kya hai step by step?,roman_ur,wheat,pest,"IPM approach: pehle scout karein ke kon sa pest hai aur kitna. Threshold cross hone par hi spray karein; faida mand keere bachain. Selective insecticide use karein; neem ya biopesticide shuru mein try karein. Crop rotation, clean field aur healthy plant bhi pest kam karte hain."
W1522,Happy seeder for wheat after rice how to use and benefits?,en,wheat,machinery,"Happy seeder chawal ki stubble ke beech gandum ka beej aur khaad ek sath place karta hai; jooti nahi karni parti. Benefits: waqt aur diesel bachta hai, moisture bachti hai, soil structure behtar rehta hai. Use karte waqt drill ki setting aur seed rate theek karein; stubble zyada ghana na ho."
W1523,Sowing depth for wheat seed how many cm?,en,wheat,sowing,Wheat seed sowing depth aam tor par 3–5 cm (1.5–2 inch) rakhein. Zyada gehrayi se germination late ya kam hoti hai; zyada uthti se birds nuqsan ya sookhpan. Nami zameen mein 3–4 cm kaafi hai; sukhi zameen mein 4–5 cm.
W1524,Heat stress at grain filling wheat ko nuqsan kaise?,roman_ur,wheat,weather_risk,Grain filling par heat stress se dana chhota aur weight kam hota hai. Waqt par bone karein taake grain filling peak garmi se pehle ho. Last pani grain filling par zaroor dein. Heat tolerant variety agar available ho to use karein.
W1525,Bed planting for wheat saves water how to do?,en,wheat,irrigation,Bed planting: zameen ko beds par banayein (raised beds); beej beds par ya furrow mein. Pani furrows mein dein; is se pani bachta hai aur aeration behtar hoti hai. Bed planter implement use karein; spacing aur depth theek rakhein.
W1526,Root rot in wheat kaise pehchanen aur bachain?,roman_ur,wheat,disease,"Root rot mein jaden galti, brown/black hoti hain aur plant nikal jata hai. Drainage theek karein; waterlogging na hone dein. Resistant variety use karein; crop rotation karein. Fungicide seed treatment se kuch control hota hai; infected plants hataen."
W1527,Mixed weeds grass and broad leaf one spray for both?,en,wheat,weed_control,Grass aur broad leaf dono weeds hon to pehle grass herbicide phir broad leaf ya woh product use karein jo dono ke khilaf label pe allow ho. Do alag spray bhi kar sakte hain; timing dono ki alag ho sakti hai. Label aur local advice follow karein.
W1528,4R nutrient management for wheat kya hai?,roman_ur,wheat,fertilizer,"4R nutrient matlab Right source (sahi khaad), Right rate (sahi dose), Right time (sahi waqt) aur Right place (sahi jagah). Source: DAP/urea jaisi recommended; rate: soil test se; time: basal + split topdress; place: seed ke paas lekin touch na ho."
W1529,Moisture meter for wheat harvest when to use?,en,wheat,harvest,Moisture meter harvest ke waqt use karein jab grain hard ho jaye; safe storage ke liye 12–14% ya kam target karein. Meter se check karke decide karein kab kattai karein aur kab store karein. Manual test: grain ko dant se tootna mushkil ho to ready hai.
W1530,Cooperative or group selling wheat ka faida?,roman_ur,wheat,market_price,Cooperative ya group selling se aap mil kar quantity zyada bech sakte hain; buyer ko bada lot pasand aata hai. Rate negotiate karne mein bhi faida hota hai. Local cooperative ya farmer group join karein; terms aur payment clearly likhwa lain.
W1531,Pheromone trap for wheat pests does it work?,en,wheat,pest,Pheromone trap kuch pests (e.g. armyworm) ko attract karke count kam karne mein madad karti hai; lekin wheat ke liye aphid/rust jaisi cheezen trap se control nahi hoti. IPM ka hissa ban sakta hai; spray ki jagah nahi le sakti. Local extension se puchen ke aapke area ke pests ke liye koi trap recommend hai ya nahi.
W1532,Laser leveling before wheat sowing is it worth the cost?,en,wheat,sowing,"Laser leveling se pani uniform banta hai aur yield 5–15% barh sakta hai; cost ek baar ka hai, saalon use hota hai. Chhote kisan rent par leveler le sakte hain. Agar field zyada uchi neechi hai to faida zyada; flat fields mein bhi pani bachta hai."
W1533,Terminal heat wheat crop ko kaise affect karti hai?,roman_ur,wheat,weather_risk,Terminal heat grain filling stage par garmi se dana chhota aur weight kam hota hai. Waqt par bone karein taake grain filling March–April ki peak garmi se pehle ho jaye. Last irrigation grain filling par zaroor dein. Heat tolerant variety agar available ho to prefer karein.
W1534,Supplemental irrigation in rainfed wheat when to give?,en,wheat,irrigation,Rainfed wheat mein supplemental irrigation 1–2 pani critical stages par dein agar source ho: booting aur grain filling sab se important. Pani kam ho to inhi do stages par focus karein. Farm pond ya small tank se bhi ek do pani de sakte hain.
W1535,Viral disease in wheat leaves curling and yellowing what to do?,en,wheat,disease,"Viral disease (e.g. barley yellow dwarf) mein patte curl, zard hote hain aur growth ruk jati hai. Infected plants hataen; vector (aphid) control karein taake virus na phile. Healthy seed use karein; resistant variety agar ho to len. Virus ka direct ilaaj nahi hota."
W1536,Organic weed control in wheat without herbicide?,roman_ur,wheat,weed_control,Organic weed control: line sowing se godai asaan; hand weeding 25–30 din tak karein. Stale seedbed: pehle jhariyan niklein phir bone karein. Crop rotation aur dense stand bhi weeds suppress karte hain. Herbicide ke bina thori zyada mehnat lagti hai lekin possible hai.
W1537,Foliar urea spray for wheat when and how much?,en,wheat,fertilizer,Foliar urea tab use karein jab N deficiency dikhe ya soil se uptake kam ho. Tillering ya early stem stage par 2–5% urea solution spray karein; dhoop aur tez hawa mein avoid karein. Ye supplement hai; soil mein nitrogen ki jagah nahi le sakta.
W1538,Cleaning grain before selling for better price?,en,wheat,harvest,"Cleaning grain before selling: mote danay, kankar aur tootay hataen. Winnowing ya simple machine se safai karein. Clean grain ka rate behtar milta hai aur rejection kam hoti hai. Grading bhi karein agar buyer quality chahta ho."
W1539,Commission agent se deal karte waqt kya dhyan dein?,roman_ur,wheat,market_price,Commission agent se deal karte waqt rate pehle clear karein; weight aur commission percent likhwain. Weighbridge khud dekhein; receipt lo. Payment time (same day ya baad) aur deduction list karein. Agar possible ho to do agents se rate compare karein.
W1540,Selective insecticide matlab kya hai keere ke liye?,roman_ur,wheat,pest,"Selective insecticide matlab woh zehr jo sirf target pest ko marta hai aur faida mand keeron (ladybird, bees) ko kam nuqsan pahunchata hai. Broad-spectrum ki jagah selective use karein taake IPM balance bana rahe. Label par 'selective' ya target pest likha hota hai."
W1541,Stubble mulch ke sath gandum bone zero till se?,roman_ur,wheat,sowing,Stubble mulch ke sath zero till se bone karne se moisture bachti hai aur soil structure behtar rehta hai. Happy seeder ya zero till drill use karein; seed aur khaad stubble ke beech place hota hai. Residue zyada ghana na hona chahiye taake drill atakay na.
W1542,Hail damage on wheat crop can we get compensation?,en,wheat,weather_risk,Hail damage par crop insurance claim kar sakte hain agar policy li hai. Photos lein aur damage report agri office ya insurance company ko turant karwain. Survey ke baad compensation milti hai. Policy terms aur time limit follow karein.
W1543,Ridges par wheat bone se pani bachta hai?,roman_ur,wheat,irrigation,Ridges par wheat bone se pani furrows mein chalta hai; is se wastage kam aur aeration behtar hoti hai. Ridge seeder use karein; beej ridges par ya furrow mein. Pani bachta hai aur waterlogging bhi kam hoti hai.
W1544,Black point on wheat grains cause and prevention?,en,wheat,disease,Black point danon ke end par kaala daag hota hai; quality aur germination pe asar padta hai. Fungal infection grain filling/ harvest time par hoti hai. Resistant variety aur timely harvest se bachav; storage dry rakhein. Infected grain alag karein.
W1545,Weed competition se wheat yield kitna kam hota hai?,roman_ur,wheat,weed_control,Weed competition se wheat yield 20–50% tak kam ho sakti hai agar jhariyan control na hon. Early control zaroori hai (25–35 din); jhariyan badi hon to nuqsan zyada. Line sowing aur timely herbicide se yield bachti hai.
W1546,Lodging in wheat due to excess nitrogen how to prevent?,en,wheat,fertilizer,Lodging rokne ke liye nitrogen zyada mat dein; split karein aur booting par zyada mat chhadayein. Pani bhi grain filling par zyada mat dein. Resistant/tolerant variety use karein. Agar lodging aaye to harvest jald karein taake quality kam na ho.
W1547,Safe moisture level for wheat storage in bags?,en,wheat,harvest,Safe moisture for wheat storage in bags: 12–14% ya us se kam. Zyada nami se fungus aur keerey lagte hain. Moisture meter se check karein; boriyon ko dry jagah par rakhein. Fumigation ya treatment use karein agar keerey ka risk ho.
W1548,Warehouse receipt loan for wheat how does it work?,en,wheat,subsidy_loan,Warehouse receipt loan: aap grain warehouse ko deposit karte hain aur receipt milti hai; us receipt par bank se loan le sakte hain. Rate better hone par grain bech kar loan chuka dete hain. Warehouse charges aur loan terms puchen.
W1549,Neem based spray for aphid in wheat effective?,en,wheat,pest,"Neem-based spray aphid par halka asar dikhata hai; early stage par try kar sakte hain. Strong infestation par chemical insecticide zaroori ho sakta hai. Neem ka dose aur timing label par follow karein. IPM mein neem ek option hai, single solution nahi."
W1550,Certified seed vs farmer saved seed for wheat which better?,en,wheat,sowing,"Certified seed tested, disease-free aur recommended variety ka hota hai; yield aur uniformity behtar. Farmer saved seed agar saaf aur treated ho to use kar sakte hain lekin smut/bunt ka risk rehta hai. New variety ya disease pressure ho to certified behtar."
W1551,Barish zyada ho gayi waterlogging ho rahi hai kya karein?,roman_ur,wheat,weather_risk,Barish zyada hone se waterlogging ho to turant pani nikalne ka bandobast karein; drain ya pump use karein. Khara pani hataen taake jaden saans le sakein. Aage pani ka gap barha kar irrigations kam dein; critical stages par hi focus karein.
W1552,Sprinkler irrigation for wheat suitable hai ya nahi?,roman_ur,wheat,irrigation,Sprinkler wheat ke liye suitable hai khaas kar light/uneven zameen par; pani uniform banta hai. Lekin canal se zyada cost aur maintenance hoti hai. Chhote kisan rent par ya group use kar sakte hain; pressure aur nozzle theek rakhein.
W1553,Slow rusting variety kya hoti hai aur kaise pehchanen?,roman_ur,wheat,disease,Slow rusting variety mein rust dheere phalti hai aur severity kam hoti hai; yield nuqsan kam. Pehchanne ke liye variety description ya research station se list lein; aksar un ke naam mein 'resistant' ya 'tolerant' likha hota hai. Agli fasal ke liye aisi variety choose karein.
W1554,One pass weeding and fertilizer possible in wheat?,en,wheat,weed_control,One pass mein weeding aur fertilizer possible hai agar herbicide aur urea ki label allow kare tank mix. Nahi to alag din spray aur topdress safe hai. Some pre-mix products bhi aate hain; extension se puchen ke aapke area mein kya use hota hai.
W1555,Green manure before wheat which crop and when to incorporate?,en,wheat,fertilizer,"Green manure: moong, mash ya berseem jaisi short crop 6–8 haftay uga kar galay karke mix kar dein. Wheat bone se 3–4 haftay pehle incorporate karein taake galay ho jaye. Is se nitrogen aur organic matter milti hai; chemical dose thori kam ho sakti hai."
W1556,Condensation in storage damaging grain how to avoid?,en,wheat,harvest,Condensation avoid karne ke liye grain bilkul sukha store karein (12–14% nami). Godown hawa daar rakhein; boriyon ko deewar se door rakhein. Temperature change kam rakhein; thand aur garmi mein condensation hota hai.
W1557,Digital platforms se wheat bech sakte hain?,roman_ur,wheat,market_price,"Digital platforms se wheat bech sakte hain: sarkari e-mandi, agri apps ya private portals. Registration aur quality photos/weight enter karein. Rate aur payment terms check karein; delivery ka kharcha aur timing clear ho."
W1558,Biopesticide for wheat pests which one to use?,en,wheat,pest,"Biopesticide: neem-based, Bacillus thuringiensis (Bt) ya fungus-based products wheat pests ke liye use hoti hain. Early stage par zyada asar; heavy infestation par chemical bhi zaroori ho sakta hai. Label dose aur timing follow karein."
W1559,Wide row vs narrow row sowing for wheat which gives more yield?,en,wheat,sowing,Narrow row (15–22 cm) sowing zyada tar wheat areas mein behtar yield deti hai; canopy jaldi close hoti hai aur weeds kam. Wide row (25–30 cm) kaam use hoti hai. Local recommendation aur drill availability follow karein.
W1560,Climate smart wheat farming kya hota hai?,roman_ur,wheat,weather_risk,"Climate smart wheat matlab aise amal jo pani bachayein, mausam ke sath adjust hon aur yield stable rahe: timely sowing, drought tolerant variety, residue cover, efficient irrigation. Is se long-term sustainability behtar hoti hai."
W1561,Community tube well se pani wheat ke liye kaise manage karein?,roman_ur,wheat,irrigation,Community tube well se pani ko schedule karein: sab milkar fixed days ya turns fix karein taake har kisi ko critical stages par pani mile. Pani bachane ke liye leveling aur bed/ridge use karein. Dispute na ho is ke liye committee bana kar rules likhein.
W1562,Resistant variety for rust which to choose for my area?,en,wheat,disease,Rust resistant variety apne ilaqe ke liye agri department ya research station se list lein; har zone ki alag recommendation hoti hai. Current season ki rust races ke hisaab se variety choose karein. Extension officer se latest resistant list puchen.
W1563,Mechanical weeder for wheat available and effective?,en,wheat,weed_control,"Mechanical weeder (e.g. cono weeder, power weeder) wheat mein use ho sakta hai jab jhariyan chhoti hon; 25–30 din tak. Effective hai lekin labour chahiye; herbicide se combine karke use karein. Local market ya agri machinery center se available check karein."
W1564,Gypsum for saline soil before wheat how much?,en,wheat,fertilizer,"Gypsum saline/sodic soil ke liye use hota hai; dose soil test se decide hoti hai, aam tor par 1–2 ton per acre. Sowing se pehle spread karke mix karein. Drainage theek rakhein taake salts nikal sakein."
W1565,Fumigation of wheat godown when and how?,en,wheat,harvest,"Fumigation jab storage ke andar keerey zyada hon ya grain long term store ho. Aluminium phosphide tablets use hoti hain; safety rules zaroor follow karein, bachon aur janwaron se door. Godown band karke 5–7 din rakhein; phir hawa lagnay dein."
W1566,Insurance claim for wheat crop loss kaise karein?,roman_ur,wheat,subsidy_loan,Insurance claim: nuqsan hone par turant photos lein aur agri office ya insurance company ko report karein. Survey aata hai; us ke baad form aur documents submit karein. Compensation policy ke mutabiq milti hai. Time limit follow karein.
W1567,Scout wheat field how often and what to look for?,en,wheat,general_info,"Scout wheat field har 7–10 din; disease/pest season mein zyada. Dekhein: rust ke daag, keerey, jhariyan, pani ki kami, nutrient deficiency. Early pehchan se ilaaj sasta aur zyada asar; record bhi rakhein taake agle saal compare karein."
W1568,Old seed one or two year old use for wheat okay?,en,wheat,sowing,1–2 saal purana beej use kar sakte hain agar germination theek ho (80%+) aur disease-free ho. Germination test karein; kam germination ho to seed rate barha den. Purana beej smut/bunt ka risk barhata hai; seed treatment zaroor karein.
W1569,Sardi mein frost aane wala hai wheat ko bachane ke liye kya karein?,roman_ur,wheat,weather_risk,Frost aane wala ho to wheat ko bachane ke liye haftay bhar pehle light irrigation dein taake soil warmth rahe. Frost wali raat ko khet mein dhuwan ya smoke mat karein (unsafe). Sardiyon mein jaldi bone se bachein; frost-prone areas mein variety bhi resistant wali len.
W1570,Farm pond water for wheat irrigation use karein?,roman_ur,wheat,irrigation,"Farm pond ka pani wheat irrigation ke liye use kar sakte hain jab canal na ho ya shortage ho. Critical stages (crown-root, tillering, booting, flowering, grain filling) par prioritize karein. Pond refill barish par depend kare; size ke hisaab se area plan karein."
W1571,Fungicide interval between two sprays for rust?,en,wheat,disease,Fungicide interval rust ke liye aam tor par 10–14 din; pressure zyada ho to 7–10 din. Do se zyada sprays zaroori hon to different mode of action wala product use karein taake resistance na bane. Label par interval likha hota hai.
W1572,Strip cropping wheat with other crop for weed control?,en,wheat,weed_control,Strip cropping wheat with mustard or another crop weed control mein madad karti hai aur biodiversity behtar hoti hai. Spacing aur strip width research station recommendation follow karein. Harvest aur management thora complex ho jata hai.
W1573,Legume crop ke baad wheat mein kam khaad deni chahiye?,roman_ur,wheat,fertilizer,"Legume (channa, moong, etc.) ke baad wheat mein nitrogen ki zarurat thori kam hoti hai kyunke legume nitrogen fix karti hai. Phir bhi full dose na chhoren; soil test se P, K aur N adjust karein. Legume residue galay hone dein."
W1574,Grading wheat before selling for premium price?,en,wheat,harvest,"Grading: grain ko size, weight aur cleanliness ke hisaab se sort karein. Clean, uniform, mote danay premium rate par bikte hain. Mandi ya buyer ki grading standards follow karein; reject kam hota hai."
W1575,Middleman se direct mandi bechne ka fark?,roman_ur,wheat,market_price,Middleman commission leta hai aur rate thora kam deta hai; direct mandi bechne se aap ko poora rate milta hai lekin transport aur time khud lagana padta hai. Rate dono jagah compare karein; quantity zyada ho to direct bechna faida mand ho sakta hai.
W1576,Threshold for aphid in wheat when to spray?,en,wheat,pest,Aphid threshold aam tor par 5–10 aphids per tiller ya ear par; local extension exact figure bata sakta hai. Is hadd par ya us se zyada hone par spray karein. Subah ya sham spray karein; coverage achha hona chahiye.
W1577,Germination test of wheat seed before sowing how to do?,en,wheat,sowing,Germination test: 100–200 beej sample le kar geela kapra ya paper par 7–10 din rakhein; count karein kitne ugay. 80%+ achha hai; kam ho to seed rate barhaen ya naya beej len. Temperature normal rakhein.
W1578,Weather advisory for wheat when to check?,en,wheat,weather_risk,"Weather advisory wheat ke liye mausam department, agri SMS ya app se check karein. Frost, barish, garmi ya hail se pehle plan karein; irrigation aur spray timing adjust karein. Critical stages par roz check karein."
W1579,Border strip irrigation for wheat field?,en,wheat,irrigation,Border strip irrigation: field ko choti strips mein divide karein; pani ek strip se doosri ko flow karein. Is se wastage kam hoti hai aur uniformity behtar. Leveling zaroori hai.
W1580,Mixed varieties in same field rust risk zyada hota hai?,roman_ur,wheat,disease,Mix varieties ek hi khet mein rust risk barha sakti hain agar koi variety susceptible ho; rust us par phir baqi par phail sakti hai. Ek hi resistant variety prefer karein; agar mix karein to dono resistant honi chahiye.
W1581,Volunteer wheat plants as weeds next crop mein problem?,en,wheat,weed_control,"Volunteer wheat next crop (e.g. cotton, rice) ke liye weed ban jati hai; host bhi hai rust ka. Unhe hataen ya spray karein before next sowing. Clean harvest aur equipment se volunteer kam hoti hai."
W1582,Nitrogen use efficiency in wheat kaise barhayein?,roman_ur,wheat,fertilizer,"Nitrogen use efficiency barhane ke liye split application karein, pani ke sath dein, aur zyada pani/waterlogging avoid karein. Right time (tillering, booting) par dein. Soil test se dose fix karein; zyada N waste hota hai aur lodging bhi."
W1583,Godown safe storage wheat ke liye kya conditions?,roman_ur,wheat,harvest,"Godown safe storage: dry (nami 12–14% se kam), clean, hawa daar; boriyon ko floor aur deewar se door rakhein. Keerey aur rodents se bachav; fumigation ya treatment zarurat ho to karein. Regular check karein."
W1584,Documents required for selling wheat to government?,en,wheat,market_price,"Government wheat bechne ke liye: CNIC, land record, bank account; procurement center ki form aur quality standards (moisture, foreign matter). List food department ya agri office se; timing aur quota follow karein."
W1585,Ladybird beetle in wheat field good hai ya bura?,roman_ur,wheat,general_info,Ladybird beetle faida mand hai; ye aphid aur chote keeron ko khata hai. Inhe mat maren; selective insecticide use karein taake ye bach jayein. IPM mein inki ahmiyat hai.
W1586,High density sowing for wheat more seed rate benefit?,en,wheat,sowing,High density (zyada seed rate) kabhi trial se theek hota hai lekin zyada tar areas mein recommended rate behtar; zyada rate se lodging aur disease barh sakte hain. Local trial ya recommendation follow karein.
W1587,Garmi jaldi aa gayi wheat pe terminal heat ka asar?,roman_ur,wheat,weather_risk,Garmi jaldi aane se terminal heat grain filling par asar dalti hai; dana chhota reh jata hai. Waqt par bone karein taake grain fill March–April ki peak garmi se pehle ho. Last pani grain filling par zaroor dein.
W1588,Rainfed wheat mein kab kab pani dein agar mauka ho?,roman_ur,wheat,irrigation,Rainfed wheat mein agar 1–2 pani ka mauka ho to booting aur grain filling par dein; ye do stages sab se critical. Pani bachane ke liye residue cover aur timely sowing karein.
W1589,Non chemical control for wheat diseases possible?,en,wheat,disease,"Non-chemical control: resistant variety, crop rotation, balanced nutrition, field sanitation, timely sowing. Fungicide ki jagah nahi le sakta lekin pressure kam karta hai. Organic farming mein yehi options hain."
W1590,Herbicide resistant weeds in wheat how to manage?,en,wheat,weed_control,Herbicide resistant weeds ke liye alag mode of action wala herbicide use karein; rotation zaroori hai. Hand weeding se bachi jhariyan hataen. Same product bar bar na chhidkain.
W1591,Boron deficiency in wheat symptoms and treatment?,en,wheat,nutrient_deficiency,"Boron deficiency: growth points affect, pollen kam, grain set kam; purane patte theek naye abnormal. Soil ya foliar boron (borax etc.) recommended dose se dein. Soil test se confirm karein."
W1592,Cost of wheat cultivation per acre roughly kitna aata hai?,roman_ur,wheat,general_info,"Wheat cultivation cost per acre roughly: beej, khaad, pani, spray, labour aur machinery; region ke hisaab se 25,000–50,000+ rupees ho sakta hai. Apna hisab rakhein taake faida nuqsan pata rahe."
W1593,Residue burning after wheat harvest next crop ke liye?,en,wheat,general_info,"Residue burning se next crop ke liye nuqsan: soil biology kharab, pollution. Jalaen nahi; residue ko galay karein ya happy seeder/zero till se next crop bone. Mulch ke tor par bhi use ho sakta hai."
W1594,Drought tolerant wheat variety for dry area?,en,wheat,sowing,Drought tolerant variety dry/barani areas ke liye agri department se list lein; aksar early aur stress-tolerant hoti hain. Seed rate aur sowing time bhi barani ke mutabiq rakhein.
W1595,Oala ya hail wheat ko nuqsan pahuncha sakta hai?,roman_ur,wheat,weather_risk,Oala (hail) wheat ko nuqsan pahuncha sakta hai; patte toot jate hain aur yield gir jati hai. Bachav mushkil; insurance claim karein agar policy ho. Damage ke baad extra nitrogen mat dein; crop recover ho sakta hai thora.
W1596,Saline water use for wheat with gypsum?,en,wheat,irrigation,Saline water agar EC limit se zyada na ho to thora use ho sakta hai; gypsum zameen mein dalen aur drainage theek rakhein. Blend with good water agar possible. Soil salinity monitor karein.
W1597,Crop rotation to reduce wheat diseases which crops?,en,wheat,disease,"Crop rotation: wheat ke baad legume (moong, mash), oilseed (sarson) ya cotton; non-host se disease cycle toot jati hai. 2–3 year rotation behtar; same wheat bar bar na boen."
W1598,Precision sowing wheat seed drill calibration?,en,wheat,sowing,Precision sowing: drill calibration karein taake seed rate aur spacing theek ho. Cup/roller check karein; speed constant rakhein. Field test karein taake depth uniform ho.
W1599,Wheat straw for mushroom cultivation use kar sakte hain?,roman_ur,wheat,harvest,Wheat straw mushroom cultivation ke liye use hoti hai; compost banate hain. Agar mushroom unit qareeb ho to bhoosa bech sakte hain. Otherwise charay ya baling se bechna.
W1600,Direct sale to flour mill better rate than mandi?,en,wheat,market_price,Direct mill sale kabhi mandi se behtar rate deti hai; quantity aur quality deal pe depend. Transport khud ya mill arrange karti hai. Terms aur payment time clear karein.
W1601,Seed vigor test for wheat before sowing?,en,wheat,sowing,Seed vigor test: germination ke sath growth speed bhi dekhi jati hai; weak seed late ya kam ugati hai. Simple test: 100 beej 7 din mein kitne strong seedlings; 80%+ achha. Purana ya doubtful beej ka vigor test karwa lain.
W1602,Residue agle fasal ke liye jalaen ya rehne dein?,roman_ur,wheat,general_info,Residue jalaen nahi; pollution aur soil nuqsan. Galay karein ya zero till/happy seeder se next crop bone. Residue mulch ke tor par nami bachati hai aur weeds kam karti hai.
W1603,Small farmer wheat best practices low cost?,en,wheat,general_info,"Small farmer best practices: certified seed, recommended dose, timely irrigation, group buying se sasta input, shared machinery. Scout karte rahein; early control sasta. Record rakhein taake cost faida pata rahe."
W1604,Wheat crop calendar month by month kya karein?,roman_ur,wheat,general_info,"Wheat calendar: Oct–Nov bone, Nov–Dec first pani aur weed control, Dec–Jan topdress, Jan–Feb booting pani, Feb–Mar phool/grain filling, Apr–May kattai. Mausam aur region se thora farq ho sakta hai."
W1605,Photo bhej kar disease identify karwa sakte hain?,roman_ur,wheat,general_info,"Photo bhej kar disease identify karwa sakte hain; extension officer, agri app ya crop clinic ko clear photo bhejein. Leaf dono taraf, close-up aur full plant. Early pehchan se sahi ilaaj milta hai."
W1606,Neighbor farmers coordinate spray for rust control?,en,wheat,general_info,Neighbor farmers agar mil kar same time rust spray karein to disease phailne ka risk kam hota hai. Volunteer plants sab hata dein. Coordination se area-level control behtar.
W1607,Salam main naya kisaan hoon gandum ke bare mein batayein,roman_ur,wheat,greeting,"Wa alaikum assalam. Main gandum ke bare mein bone, khaad, pani, jhariyan, keere, bimariyan, kattai aur bechne tak rehnumai kar sakta hoon. Kya poochna hai bataein."
W1608,Assalam o alaikum meri fasal mein masla hai madad chahiye,roman_ur,wheat,greeting,"Wa alaikum assalam. Batayein aap ki fasal mein kya masla hai—patte zard, keerey, bimari ya pani—main step by step bataunga. Location bhi likhein agar zaroori ho."
W1609,Hello I have some questions about wheat crop,en,wheat,greeting,"Hello. I can help with wheat sowing, fertilizer, irrigation, weeds, pests, diseases, harvest and selling. Tell me what you need; I will answer in simple steps."
W1610,Bhai gandum ki bimari ke bare mein poochna tha,roman_ur,wheat,greeting,"Wa alaikum assalam. Gandum ki bimari ke liye batayein kya nishaniyan hain—daag, zard patte, powder—phir main fungicide ya ilaaj bataunga. Photo bhej sakte hain agar ho."
W1611,Meri gandum ki fasal mein keerey bahut zyada ho gaye hain kaun si dawai use karun?,roman_ur,wheat,pest,"Keerey zyada hon to pehle pest pehchanen (chust, termite, armyworm); phir us ke mutabiq insecticide extension se puchen. Dose aur time sahi rakhein; subah/sham spray karein. Doosri spray sirf zarurat par waiting period dekh kar."
W1612,Aphid attack is severe on ears which insecticide and what dose per acre?,en,wheat,pest,Aphid ears par zyada hon to recommended insecticide use karein jo wheat aphid ke khilaf ho; dose per acre label par. Ears aur upper leaves par coverage dein. Cooler time spray karein.
W1613,Termite ne gandum ki jaden kha di hain kaise bachain?,roman_ur,wheat,pest,Termite jaden kha rahe hon to drainage theek karein; waterlogging hataen. Seed treatment insecticide se karein; soil treatment ya termiticide affected hisse par use karein. Purani stubble hataen.
W1614,Cutworm is cutting plants at night what to do?,en,wheat,pest,Cutworm raat ko plants kaat raha hai to soil surface par recommended insecticide spray karein ya bait use karein. Evening spray behtar; coverage base tak hona chahiye.
W1615,Chust keera patton par honeydew chhod raha hai spray kab karein?,roman_ur,wheat,pest,Honeydew chust (aphid) ki nishani hai; colony zyada hon to spray karein. Recommended insecticide sahi dose par; patton ke niche bhi chhidkain. Subah ya sham spray karein.
W1616,Rodents are eating wheat in field how to control?,en,wheat,pest,Rodents: field edges clean rakhein; burrows band karein. Poison bait (safe use) ya trap; bachon/janwaron se door. Storage bhi rodent-proof rakhein.
W1617,Keeron ki hadd kya hoti hai jab spray karna zaroori ho jata hai?,roman_ur,wheat,pest,Spray ki hadd pest type par depend karti hai; aphid ke liye aam tor par 5–10 per tiller/ear. Extension se exact threshold puchen. Is par ya us se upar hone par spray karein.
W1618,Natural enemies like ladybird should we avoid spraying to protect them?,en,wheat,pest,Yes; ladybird aur doosre beneficials ko bachane ke liye selective insecticide use karein aur spray sirf threshold par karein. Broad-spectrum avoid karein jab tak zarurat na ho.
W1619,Mite attack on wheat leaves kaun si dawai?,roman_ur,wheat,pest,Mite ke liye recommended miticide ya sulphur-based product use karein; label par wheat aur mite likha ho. Coverage achha hona chahiye. Water stress kam karein.
W1620,Armyworm larvae are feeding on leaves what spray?,en,wheat,pest,Armyworm leaves kha raha ho to labeled insecticide spray karein; sham ko spray karein jab larvae active hon. Canopy tak coverage; field edges par zyada dhyan.
W1621,Pehla pani de chuke hain ab doosra kab den aur kitna gap?,roman_ur,wheat,irrigation,"Doosra pani pehle ke 12–20 din baad dein (zameen ke hisaab se); tillering stage par. Phir booting, flowering aur grain filling par. Total 4–6 pani canal area mein."
W1622,Crown root stage irrigation when exactly after sowing?,en,wheat,irrigation,Crown root stage irrigation aam tor par sowing ke 20–25 din baad; jab 2–3 leaves aur crown roots ban rahe hon. Exact din soil moisture aur variety se thora farq ho sakta hai.
W1623,Canal band hai pani nahi aa raha wheat ko kya karein?,roman_ur,wheat,irrigation,"Canal band ho to tube well, pond ya stored pani use karein agar ho. Critical stages (tillering, booting, flowering, grain filling) par zaroor dein. Pani bachane ke liye ridges/beds; jitna ho sake inhi stages par concentrate karein."
W1624,Last irrigation before harvest when to give?,en,wheat,irrigation,"Last irrigation grain filling stage par, maturity se 2–3 haftay pehle. Is ke baad pani mat dein taake grain dry ho aur lodging na aaye."
W1625,Pani ki kami hai tube well bhi kam hai critical stage pe pani dena zaroori hai?,roman_ur,wheat,irrigation,Pani kami ho to critical stages par zaroor dein: booting aur grain filling sab se important. Ek do pani in par dene se bhi fark padta hai. Prioritize karein; tube well sharing ya small pond consider karein.
W1626,Flooding in wheat field due to rain how to drain?,en,wheat,irrigation,Flooding: turant drainage channel ya pump se pani bahaen. Khara pani hataen; jaden galti na hon. Recovery ke baad light topdress; heavy irrigation avoid karein.
W1627,Bed planting se pani bachta hai kaise karein?,roman_ur,wheat,irrigation,"Bed planting: zameen ko raised beds par banayein; beej beds par. Pani furrows mein dein; wastage kam, aeration behtar. Bed planter use karein."
W1628,How many total irrigations for wheat in canal area?,en,wheat,irrigation,"Canal area wheat ko aam tor par 4–6 irrigations: crown-root, tillering, booting, flowering, grain filling. Soil type se 12–20 din gap."
W1629,Raiti zameen hai pani jaldi sookh jata hai kitni dafa pani dein?,roman_ur,wheat,irrigation,Raiti zameen mein pani jaldi sookhta hai; gap kam rakhein (10–15 din). Kam volume bar bar; mulch ya residue se nami bachayein. Critical stages par zaroor dein.
W1630,Drip irrigation for wheat is it practical?,en,wheat,irrigation,Drip wheat mein aam nahi; cost zyada aur spacing wide. Experiment ya special case mein ho sakta hai. Sprinkler zyada practical light soils ke liye.
W1631,Pattay zard hain nitrogen ki kami lag rahi hai urea kab dalen?,roman_ur,wheat,nutrient_deficiency,Pattay zard N kami ho to urea topdress karein tillering par; pehle pani dein phir urea. Dose local recommendation; purane patte zard hon to N hi hai. Zinc agar naye patton par safed lakeeren hon to alag zinc dein.
W1632,Yellow patches on young leaves zinc deficiency?,en,wheat,nutrient_deficiency,Young leaves par yellow patches zinc deficiency ho sakti hai; whitish stripes bhi. Zinc sulphate soil mein ya foliar zinc spray tillering par use karein. Repeat if needed.
W1633,Purane patte zard ho rahe hain N kami hai topdress kab karein?,roman_ur,wheat,nutrient_deficiency,Purane patte zard N kami; topdress urea tillering stage par dein (bone ke 40–50 din). Pani ke sath ya light irrigation ke baad. Doosri dose booting par de sakte hain.
W1634,Sulphur deficiency in wheat what are symptoms?,en,wheat,nutrient_deficiency,"Sulphur deficiency: young leaves pale yellow, growth kam. Gypsum ya sulphur-containing fertilizer use karein. Soil test se confirm karein."
W1635,Boron ki kami wheat mein kaise pehchanen?,roman_ur,wheat,nutrient_deficiency,"Boron kami mein growth points affect, grain set kam; pollen weak. Borax ya boron fertilizer soil ya foliar; recommended dose. Soil test confirm kare."
W1636,Jhariyan ab bhi zyada hain ek aur spray karein ya godai?,roman_ur,wheat,weed_control,Jhariyan chhoti hon to ek aur post-emergence spray karein alag mode wala; badi hon to godai karein. Do products mix sirf label allow kare to. Time par control zaroori hai.
W1637,Grassy weeds in wheat which herbicide to use?,en,wheat,weed_control,Grassy weeds ke liye grass-selective herbicide (e.g. clodinafop) wheat ke liye use karein; timing 25–35 DAS. Dose aur nozzle label par. Broad leaf alag product se.
W1638,Broad leaf weedicide ka sahi waqt aur dose kya hai?,roman_ur,wheat,weed_control,"Broad leaf weedicide sahi waqt 25–35 din after sowing jab jhariyan chhoti hon. Dose label par (e.g. 2,4-D); hawa calm ho. Product wheat ke liye approved ho."
W1639,Tank mix of urea and herbicide is it safe?,en,wheat,weed_control,Tank mix urea aur herbicide sirf tab safe jab dono ki label allow kare. Kaheen urea spray ko nuqsan pahunchati hai. Alag spray safe option.
W1640,Pre emergence spray miss ho gayi post emergence kab chhidkain?,roman_ur,wheat,weed_control,Pre emergence miss ho to post-emergence jald chhidkain jab jhariyan chhoti hon (25–35 DAS). Product wheat aur weed type ke mutabiq; dose sahi rakhein.
W1641,Gandum bone ka sahi mahina konsa hai Punjab mein?,roman_ur,wheat,sowing,Punjab mein gandum bone ka sahi mahina late October se mid-November. Region thora farq; agri office se exact dates lein. Der bone se yield kam hoti hai.
W1642,Late sowing in December what seed rate and variety?,en,wheat,sowing,"December sowing late hai; seed rate 5–10% barha den, early/resistant variety len. Full fertilizer aur critical irrigations time par dein. Yield thori kam expect karein."
W1643,Chawal ke baad jaldi gandum bone ke liye khet kaise tayar karein?,roman_ur,wheat,sowing,"Chawal ke baad jald: stubble manage karein, zero till drill ya happy seeder use karein agar ho. Nahi to light tillage, level karein aur line sowing. Certified beej aur treatment."
W1644,Row spacing for wheat drill how many cm?,en,wheat,sowing,Row spacing wheat drill ke liye aam tor par 20–25 cm. Narrow spacing canopy jaldi close; wide se weeds zyada. Local recommendation follow karein.
W1645,Zero till se bone ka faida aur nuqsan kya hai?,roman_ur,wheat,sowing,"Zero till faida: waqt, diesel bachta hai; nami bachti hai; soil structure behtar. Nuqsan: residue manage karna; drill setting zaroori. Chawal ke baad ideal hai."
W1646,Seed treatment fungicide kaun sa use karein?,roman_ur,wheat,sowing,Seed treatment ke liye systemic fungicide (smut/bunt ke khilaf) use karein; brand extension se puchen. Rate per kg seed label par. Treatment ke baad shade mein sukha kar bone karein.
W1647,Land preparation for wheat how many days before sowing?,en,wheat,sowing,"Land preparation sowing se 1–2 haftay pehle khatam karein. 1–2 deep plough, 2–3 harrow, leveling. Moisture theek honi chahiye bone ke waqt."
W1648,Barani area mein gandum kab boen barish ke hisaab se?,roman_ur,wheat,sowing,Barani area mein barish ke baad boen jab nami enough ho; aam tor par late Oct–mid Nov. Drought tolerant variety; seed rate thori zyada. Local rain pattern dekh kar date fix karein.
W1649,Cotton after wheat when to sow cotton?,en,wheat,sowing,Wheat kattai ke baad cotton April–May mein sow hoti hai. Wheat jald kaat kar field free karein; cotton ke liye preparation aur variety time par len.
W1650,Peeli zang pehli nishani par fungicide chhidkain?,roman_ur,wheat,disease,Peeli zang pehli nishani par systemic fungicide chhidkain; coverage achha hona chahiye. Doosri spray 10–14 din baad agar disease dikhe. Resistant variety agle saal.
W1651,Stem rust black pustules on stem what fungicide?,en,wheat,disease,Stem rust (black) stem aur patton par kaale pustules. Systemic fungicide stem rust ke khilaf jald chhidkain; stem tak coverage. Resistant variety use karein agle season.
W1652,Loose smut next crop ke liye beej kaise safe karein?,roman_ur,wheat,disease,Loose smut next crop ke liye: certified ya bilkul saaf beej use karein; systemic fungicide seed treatment zaroor karein. Smut wali fasal ka beej reuse na karein.
W1653,Leaf blight and rust dono hain kaun si fungicide dono par kaam karegi?,roman_ur,wheat,disease,Leaf blight aur rust dono hon to fungicide chunien jo dono ke khilaf label pe ho; triazole/strobilurin mix products kabhi use hoti hain. Ek spray se dono control; coverage achha hona chahiye.
W1654,Powdery mildew white powder on leaves treatment?,en,wheat,disease,Powdery mildew: safed powder patton par. Sulphur ya triazole fungicide wheat par recommend; jald spray. Resistant variety aur balanced N.
W1655,Karnal bunt infected grain ko alag kaise pehchanen?,roman_ur,wheat,disease,"Karnal bunt infected grain: kaala powder, fishy smell, danay ke end par daag. Alag karke beej ke liye use na karein; saaf grain alag store karein. Seed treatment agli fasal."
W1656,Fungicide spray interval kitne din?,roman_ur,wheat,disease,Fungicide spray interval aam tor par 10–14 din; label par bhi likha hota hai. Pressure zyada ho to 7–10 din. Mode of action rotate karein.
W1657,Resistant variety for yellow rust which one?,en,wheat,disease,Yellow rust resistant variety list agri department ya research station se lein; har zone ki alag. Current races ke hisaab se choose karein.
W1658,Root rot wheat mein kaise pehchanen?,roman_ur,wheat,disease,"Root rot: jaden galti, brown/black; plant nikal jata hai. Drainage theek karein; waterlogging na hone dein. Resistant variety aur rotation; seed treatment bhi madad karta hai."
W1659,DAP kitni bags per acre bone par dalen?,roman_ur,wheat,fertilizer,"DAP bone par aam tor par 1–2 bag per acre (soil test ke mutabiq). Urea ka hissa split: bone par thora, baqi pehle pani aur tillering par. Total NPK local recommendation."
W1660,Split nitrogen application how many times and when?,en,wheat,fertilizer,"Split nitrogen 2–3 dafa: basal ya first irrigation, tillering, aur kabhi booting. Timing aur dose soil aur target yield ke hisaab se. Pani ke sath dein taake waste na ho."
W1661,Urea ki pehli aur doosri dose kab kab den?,roman_ur,wheat,fertilizer,"Urea pehli dose sowing/crown-root par (1/3), doosri tillering par (1/2 ya zyada). Kabhi teesri booting par. Total per acre recommendation follow karein."
W1662,FYM with DAP and urea mix at sowing?,en,wheat,fertilizer,FYM well decomposed ho to sowing par DAP/urea ke sath de sakte hain; 2–4 ton/acre. Chemical dose kam mat karein; FYM extra. Pehle mix karein.
W1663,Low fertility soil wheat fertilizer dose zyada?,roman_ur,wheat,fertilizer,"Low fertility soil mein dose soil test se barhaen; P, K aur N balanced. Organic matter (FYM) add karein. Zinc/boron agar report mein kam hon."
W1664,Top dressing at tillering how much urea per acre?,en,wheat,fertilizer,Tillering par topdress aam tor par 0.5–1 bag urea per acre; local recommendation. Pani de kar ya baad mein dein taake sookh na jaye.
W1665,Micronutrient zinc boron wheat mein kab den?,roman_ur,wheat,fertilizer,Zinc foliar tillering par ya deficiency dikhe; boron agar soil test mein kam ho to sowing par ya foliar. Dose label ya extension se.
W1666,Balanced NPK ratio for wheat per acre?,en,wheat,fertilizer,"Balanced NPK ratio region aur soil par depend; aam tor par N:P:K 4:2:1 ya 3:1:1 jaisa. Soil test se exact; P aur K sowing par, N split."
W1667,Gobar ki khaad chemical ke sath de sakte hain kitni?,roman_ur,wheat,fertilizer,"Gobar ki khaad 2–4 ton per acre well decomposed; chemical ke sath dein, chemical kam mat karein. Sowing se pehle mix karein."
W1668,Kattai ka sahi waqt kaise pehchanen dana ready hai?,roman_ur,wheat,harvest,"Kattai ka sahi waqt: dana sakht ho, naakhun se toot na sake; bhoosa zard; nami 14–15% se neeche. Thora early better than late (shattering)."
W1669,Combine harvest loss how to minimize?,en,wheat,harvest,Combine loss kam karne ke liye drum speed aur concave sahi set karein; grain bilkul ready hone dein. Speed field condition ke mutabiq; thandi subah/sham kaatna behtar.
W1670,Dana store karte waqt nami kitni honi chahiye?,roman_ur,wheat,harvest,Store karte waqt nami 12–14% ya kam; zyada nami se keerey aur fungus. Sukha kar ke store karein; boriyon ko dry jagah.
W1671,Threshing loss kam karne ka tareeqa?,roman_ur,wheat,harvest,Threshing loss kam karne ke liye grain ko bilkul ready hone dein; combine setting theek; manual ho to dheere kaatein. Garmi mein kattai avoid karein.
W1672,Wheat straw disposal after harvest options?,en,wheat,harvest,"Straw options: charay, bechna, baling, mulch ya next crop residue. Local demand dekh kar; baling agar baler ho to."
W1673,Storage insect control which treatment?,en,wheat,harvest,Storage insect: grain sukha store; fumigation ya contact insecticide boriyon/godown par. Regular check; keerey dikhein to phir treatment.
W1674,Grain drying after harvest kitne din?,roman_ur,wheat,harvest,Grain drying patli layer mein 3–7 din dhoop; nami 12–14% tak. Stir karein; shade mein final rakhein taake condensation na ho.
W1675,Early harvest vs late harvest yield difference?,en,wheat,harvest,"Early harvest: grain abhi soft, yield kam. Late: shattering, quality kam. Right time pe kattai karein jab grain hard ho."
W1676,Boriyon mein store karein ya godown?,roman_ur,wheat,harvest,"Chote quantity boriyon mein; zyada godown. Boriyon dry, clean jagah; godown bhi dry, rodent-proof. Dono theek; quantity aur facility dekh kar."
W1677,Support price is year kya hai aur kab announce hoti hai?,roman_ur,wheat,market_price,Support price sarkar har saal announce karti hai; news ya agri department. Procurement centers ki list food department/agri office se. Timing bhi wahan se.
W1678,When to sell wheat early or wait for better price?,en,wheat,market_price,Sell early agar cash chahiye ya rate girne ka andaza ho. Wait karein agar store safe ho aur rate barhne ka chance ho. Quality aur test weight behtar rakhein taake rate achha mile.
W1679,Mandi rate aaj kya hai check kaise karein?,roman_ur,wheat,market_price,"Mandi rate rozana mandi, SMS, app se check karein. Bechne se pehle same din rate dekh lain; do teen jagah compare karein."
W1680,Quality wheat premium price kaise mile?,en,wheat,market_price,"Quality wheat: grain saaf, mote, uniform; grading karein. Test weight behtar; storage dry. Buyers premium dete hain; reject kam."
W1681,Procurement center list kahan se milegi?,roman_ur,wheat,market_price,"Procurement center list food department, agri office ya Kisan helpline se. Online bhi mil jati hai; zone ke hisaab se. Bechne se pehle quality standards aur documents ready rakhein."
W1682,Forward contract wheat selling benefit?,en,wheat,market_price,Forward contract se rate fix; rate girne ka risk kam. Rate barh jaye to faida nahi. Terms clear karein; payment time aur quality.
W1683,Test weight behtar hone se rate zyada milta hai?,roman_ur,wheat,market_price,"Test weight behtar hone se rate zyada milta hai; mills premium dete hain. Grain mote, saaf rakhein; harvest aur storage theek karein."
W1684,Group selling cooperative se bechne ka faida?,roman_ur,wheat,market_price,Group selling se quantity zyada; rate negotiate behtar. Cooperative join karein; terms aur payment likhwain.
W1685,Wheat crop loan kahan se milega documents kya?,roman_ur,wheat,subsidy_loan,"Wheat loan bank ya Kisan scheme se; zameen ke kaghzat, CNIC, form. Agri office se scheme details; eligibility check karein."
W1686,Subsidy on wheat seed how to get?,en,wheat,subsidy_loan,Seed subsidy agri department se; eligibility aur form wahan. List aur quota har saal; time par apply karein.
W1687,Crop insurance claim process for wheat?,en,wheat,subsidy_loan,Crop insurance claim: loss report turant; photos; survey ke baad form. Documents policy ke mutabiq; time limit follow karein.
W1688,Interest free loan wheat ke liye kahan apply karein?,roman_ur,wheat,subsidy_loan,Interest free ya low interest loan Kisan scheme/bank se; agri office se list. Documents aur eligibility check karein.
W1689,Kisan card se kya kya benefits milte hain?,roman_ur,wheat,subsidy_loan,"Kisan card se loan, subsidy, insurance jaisi benefits; bank ya agri office se details. Card banwane ke liye documents submit karein."
W1690,Frost damage to wheat seedlings recovery possible?,en,wheat,weather_risk,Frost damage: kuch plants recover; extra N mat dein. Light irrigation; heavy avoid. Agar damage zyada ho to insurance claim.
W1691,Terminal heat se bachne ke liye kya karein?,roman_ur,wheat,weather_risk,Terminal heat se bachne ke liye waqt par boen taake grain fill garmi se pehle; last pani grain filling par zaroor dein. Heat tolerant variety agar ho.
W1692,Hail damage insurance claim kaise?,en,wheat,weather_risk,Hail damage: photos lein; report agri office/insurance turant. Survey ke baad claim; policy terms follow karein.
W1693,Barish zyada hone se wheat ko nuqsan?,roman_ur,wheat,weather_risk,Barish zyada se waterlogging; drain karein. Lodging bhi ho sakti hai; pani nikal kar recovery. Next time drainage behtar karein.
W1694,Heat wave at flowering stage wheat effect?,en,wheat,weather_risk,"Heat wave at flowering/grain fill se dana chhota, yield kam. Timely sowing aur last irrigation zaroori; variety bhi heat tolerant len."
W1695,Happy seeder ka istemal kaise karein?,roman_ur,wheat,machinery,Happy seeder chawal stubble mein seed aur fertilizer place karta hai. Setting theek karein; seed rate aur depth. Stubble zyada ghana na ho.
W1696,Zero till drill calibration for wheat?,en,wheat,machinery,Zero till drill calibration: seed rate cup/roller se; depth adjustment; speed constant. Field test karein taake spacing uniform ho.
W1697,Sprayer nozzle and pressure for wheat spray?,en,wheat,general_info,Sprayer: flat fan nozzle; pressure label par (2–3 bar aam); height aur speed theek. Coverage achha hona chahiye; drift avoid karein.
W1698,Wheat field scouting kitni dafa karein?,roman_ur,wheat,general_info,"Scout 7–10 din par; disease/pest season mein zyada. Rust, keerey, jhariyan, pani, nutrients dekhein. Record rakhein."
W1699,Yield per acre wheat normal kitni honi chahiye?,roman_ur,wheat,general_info,"Yield per acre normal 35–50 maund irrigated; barani kam. Variety, time, khaad, pani sab pe depend karta hai."
W1700,Lodging in wheat kaise rokain?,roman_ur,wheat,general_info,Lodging rokne ke liye N zyada mat dein; split karein. Resistant variety; grain filling par pani zyada mat dein. Harvest jald agar lodging aaye.
W1701,Paidawar barhane ke liye kya amal behtareen hain?,roman_ur,wheat,general_info,"Paidawar barhane ke liye: certified beej, waqt par bone, balanced khaad, critical stages par pani, jhariyan aur bimari time par control. Scout karte rahein; record rakhein taake agle saal behtar karein."
W1702,Wheat best practices summary step by step?,en,wheat,general_info,"Best practices: timely sowing, certified seed, line sowing, basal P+K, split N, irrigation at crown-root/tillering/booting/flowering/grain fill, weed control 25–35 DAS, rust/pest at threshold, harvest at maturity, clean storage."
W1703,Meri fasal mein daag aur patte sookh rahe hain kya bimari hai?,roman_ur,wheat,disease,"Daag aur sookhe patte rust, blight ya nutrient kami ho sakte hain. Pehchanen: rust mein powder/pustules; blight mein daag. Fungicide ya nutrient (N/zinc) mutabiq dein; photo bhej kar confirm karwa lain."
W1704,Saron par kaala powder ya daag zang hai?,roman_ur,wheat,disease,Saron par kaala powder/stripe stem rust ya kuch aur fungus ho sakta hai. Systemic fungicide jald chhidkain; coverage saron tak. Resistant variety agle saal.
W1705,Pani zyada ho gaya khet mein waterlogging ka nuqsan?,roman_ur,wheat,irrigation,"Waterlogging se jaden galti hain, yield kam; turant pani nikaalen. Drainage theek karein; aage pani ka gap barha kar dein. Us hisse mein khaad ka asar kam hota hai."
W1706,Urea ki kami lag rahi hai kab topdress karein?,roman_ur,wheat,fertilizer,Urea kami lag rahi ho to topdress tillering par dein; pehle pani ya baad. Doosri dose booting par de sakte hain. Dose recommendation follow karein.
W1707,Jarhi booti kaun si hai aur kaun sa spray?,roman_ur,wheat,weed_control,Jarhi booti grass ya broad leaf dono ho sakti hai; pehchan kar us ke mutabiq herbicide: grass product ya broad leaf product. Dose aur waqt label par.
W1708,Dana toot raha hai kattai jaldi karein?,roman_ur,wheat,harvest,Dana toot raha ho to kattai jald karein; sahi waqt par. Combine setting theek karein; garmi avoid karein. Thora early better than late.
W1709,Mandi door hai bechne ka behtar tareeqa?,roman_ur,wheat,market_price,Mandi door ho to group se bechein ya transport share karein; direct mill deal consider karein. Rate pehle check karein; quality saaf rakhein taake reject na ho.
W1710,Salam khet ke sawal ke liye,roman_ur,wheat,greeting,Wa alaikum assalam. Main gandum ke bone se kattai tak madad kar sakta hoon. Kya sawal hai?
W1711,Rabi ki fasal gandum ke liye kya kya karein?,roman_ur,wheat,general_info,"Rabi gandum ke liye: Oct–Nov bone, certified beej, khaad split, pani critical stages par, jhariyan 25–35 din, keera/bimari threshold par control, maturity par kattai, saaf store."
W1712,Drill se bone ya broadcast?,roman_ur,wheat,sowing,"Drill se bone behtar: uniform stand, weed control asaan, khaad efficient. Broadcast se zyada beej aur kam uniformity; drill prefer karein."
W1713,Zang aa gaya hai fungicide kaun si?,roman_ur,wheat,disease,Zang ke liye systemic fungicide jo wheat rust pe recommend ho; jald chhidkain. Coverage achha; resistant variety agle saal.
W1714,DAP mehengi hai kya alternative?,roman_ur,wheat,fertilizer,DAP alternative: SSP (single super phosphate) ya doosri P source; N alag urea se. Dose soil test se; cost compare karein.
W1715,Nehr band hai pani kaise manage karein?,roman_ur,wheat,irrigation,"Nehr band ho to stored pani, tube well ya pond use karein. Critical stages (booting, grain filling) par zaroor dein. Pani bachane ke liye beds/ridges."
W1716,Spray kab karein weedicide ke liye sahi waqt?,roman_ur,wheat,weed_control,Weedicide ka sahi waqt 25–35 din after sowing jab jhariyan chhoti hon. Product wheat aur weed type ke mutabiq; hawa calm ho.
W1717,Safai karke bechein to zyada rate milega?,roman_ur,wheat,harvest,"Safai (grading, cleaning) karke bechna rate behtar dilata hai; reject kam. Grain saaf, mote rakhein; test weight theek rakhein."
W1718,Support price milega sarkar se?,roman_ur,wheat,market_price,Support price sarkar announce karti hai; procurement center par bechne se milegi. List food/agri office se; quality standards follow karein.
W1719,Bhai gandum ke bare mein poochna tha,roman_ur,wheat,greeting,"Wa alaikum assalam. Gandum ke bare mein kya poochna hai—bimari, keera, khaad, pani? Bataein main jawab doonga."
W1720,Fasal theek nahi lag rahi kamzor hai kya wajah?,roman_ur,wheat,general_info,"Fasal kamzor lag rahi ho to check karein: N/zinc kami, pani kami, keera, bimari, jhariyan. Kaun sa factor hai us par ilaaj; photo bhej kar bhi pehchan karwa sakte hain."
W1721,Barish ho gayi waterlogging ka kya karein?,roman_ur,wheat,weather_risk,Barish se waterlogging: drain turant karein; pani nikaalen. Khara hissa hataen; recovery ke baad light topdress. Aage drainage behtar karein.
W1722,Beej achha lena hai certified ya saved?,roman_ur,wheat,sowing,"Certified beej tested, disease-free; saved beej agar saaf aur treated ho to use kar sakte hain. Smut/bunt risk saved mein zyada; certified behtar."
W1723,Pattay curl ho rahe hain keera hai?,roman_ur,wheat,pest,Pattay curl virus ya aphid honeydew se ho sakte hain. Aphid hon to spray; virus ho to vector control aur healthy seed. Photo bhej kar confirm karwain.
W1724,Potash bhi deni chahiye wheat ko?,roman_ur,wheat,fertilizer,Potash soil test mein kam ho to dein; aam tor par 25–50 kg K2O per acre sowing par. Zyada tar soils mein N aur P ki kami zyada.
W1725,Tube well se pani wheat ke liye kaafi hai?,roman_ur,wheat,irrigation,Tube well se pani wheat ke liye kaafi hai agar timing aur amount theek hon. Critical stages par zaroor dein; gap 12–18 din rakhein.
W1726,Tank mix weedicide aur urea ek sath?,roman_ur,wheat,weed_control,Tank mix weedicide aur urea sirf tab jab dono ki label allow kare. Safe option alag spray; mix se crop damage ka risk ho sakta hai.
W1727,Jaldi kaat lain ya thore din rukain?,roman_ur,wheat,harvest,Grain bilkul ready ho to kaat lain; jaldi kaatna better than late (shattering). Nami aur hardness check karein.
W1728,Behtar rate kaise mile bechnay mein?,roman_ur,wheat,market_price,"Behtar rate: quality saaf, test weight achha, rate roz check karein, do jagah compare, group sell consider karein."
W1729,Assalam gandum ki rehnumai chahiye,roman_ur,wheat,greeting,"Wa alaikum assalam. Gandum ki rehnumai ke liye bataein aap ko bone, khaad, pani, bimari ya bechne mein kya chahiye."
W1730,Khet ka nuqsan ho raha hai keeron se,roman_ur,wheat,pest,Keeron se nuqsan: pehle pest pehchanen; phir recommended spray sahi waqt par. Threshold par spray; field sanitation bhi rakhein.
W1731,Sardi zyada thi frost ka asar?,roman_ur,wheat,weather_risk,Sardi/frost ka asar: kuch plants recover; extra N mat dein. Light irrigation; agar damage zyada to insurance claim consider karein.
W1732,Laser leveler wheat se pehle use karein?,roman_ur,wheat,sowing,Laser leveler wheat se pehle use karein taake pani uniform mile; yield aur pani dono behtar. Rent par bhi mil jata hai.
W1733,Chipchipa patte honeydew keera?,roman_ur,wheat,pest,Chipchipa/honeydew chust (aphid) ki nishani; colony zyada hon to insecticide spray karein. Patton ke niche coverage; subah/sham spray.
W1734,Zinc spray kab chhidkain patton par?,roman_ur,wheat,nutrient_deficiency,Zinc spray tillering par ya jab naye patton par safed lakeeren dikhein; foliar zinc recommended dose. Repeat agar symptoms rahein.
W1735,Beds par bone ya flat?,roman_ur,wheat,irrigation,Beds par bone se pani bachta hai aur aeration behtar; flat se zyada management. Bed planter use karein; furrow irrigation.
W1736,Narrow leaf weed kaun sa herbicide?,roman_ur,wheat,weed_control,Narrow leaf (grass) weed ke liye grass-selective herbicide wheat par use karein; timing 25–35 DAS. Dose label par.
W1737,Threshing loss kam karne ki tip?,roman_ur,wheat,harvest,Threshing loss kam karne ke liye grain ready hone dein; combine setting theek; manual ho to dheere; garmi avoid.
W1738,Procurement center kahan hai qareeb?,roman_ur,wheat,market_price,Procurement center qareeb food department ya agri office se list lein; online bhi mil jati hai. Quality aur documents ready rakhein.
W1739,Salam wheat help chahiye,roman_ur,wheat,greeting,Wa alaikum assalam. Wheat mein kya madad chahiye—sawal poochhein main jawab doonga.
W1740,Paidawar kam hai kya wajah ho sakti hai?,roman_ur,wheat,general_info,"Paidawar kam hone ki wajah: der bone, beej kamzor, khaad/pani kami, jhariyan/keera/bimari, terminal heat. Apni fasal mein kaun sa factor hai woh theek karein."
W1741,Garmi jaldi aayi terminal heat?,roman_ur,wheat,weather_risk,Terminal heat se bachne ke liye waqt par bone karein; last pani grain filling par; heat tolerant variety agar available ho.
W1742,Depth kitni rakhein beej bone mein?,roman_ur,wheat,sowing,Beej bone ki depth 3–5 cm (1.5–2 inch); zyada gehrayi na ho. Nami zameen mein 3–4 cm kaafi.
W1743,Honeydew lag raha patton par chust?,roman_ur,wheat,pest,Honeydew chust (aphid); colony zyada hon to spray karein. Recommended insecticide; patton ke niche coverage. Subah ya sham.
W1744,Sulphur kami hai kaise pehchanen?,roman_ur,wheat,nutrient_deficiency,"Sulphur kami: young leaves pale yellow, growth kam. Gypsum ya sulphur fertilizer; soil test se confirm karein."
W1745,First irrigation exact kab dein?,roman_ur,wheat,irrigation,First irrigation sowing ke 20–25 din baad crown-root stage par. Nami aur variety se 2–3 din farq ho sakta hai.
W1746,Broad leaf spray ka dose kya hai?,roman_ur,wheat,weed_control,"Broad leaf weedicide dose label par (e.g. 2,4-D); waqt 25–35 DAS jab jhariyan chhoti hon. Hawa calm ho."
W1747,Dry kaise karein dana store se pehle?,roman_ur,wheat,harvest,Dana store se pehle patli layer mein sukhaen; nami 12–14% tak. Saaf boriyon ya bins; keerey se bachav.
W1748,Documents bechne ke liye kya chahiye?,roman_ur,wheat,market_price,"Bechne ke liye: CNIC, zameen record; procurement ho to form aur quality standard. Mandi/direct sale par weight slip, rate slip."
W1749,Hello gandum sawal hai,roman_ur,wheat,greeting,Wa alaikum assalam. Wheat ka kya sawal hai bataein.
W1750,Stand kamzor hai plant zyada nahi?,roman_ur,wheat,general_info,"Stand kamzor: seed rate kam, germination kam ya pest/disease. Agli bar rate theek karein, treatment karein; is bar extra N mat dein."
W1751,Barish pattern badla hai irrigation kaise manage karein?,roman_ur,wheat,weather_risk,Barish pattern badla ho to irrigation flexible rakhein; critical stages par hi zaroor dein. Drainage theek rakhein taake zyada barish nuqsan na de.
W1752,Spacing kitna rakhein line sowing mein?,roman_ur,wheat,sowing,Line sowing mein spacing 20–25 cm aam; drill setting se control. Narrow spacing canopy jaldi close.
W1753,Chust zyada ho gaye spray zaroori?,roman_ur,wheat,pest,Chust zyada hon to spray zaroori jab threshold cross ho. Selective insecticide; coverage achha. Doosri spray waiting period dekh kar.
W1754,Boron kami wheat mein?,roman_ur,wheat,nutrient_deficiency,Boron kami growth points aur grain set pe asar; borax/boron fertilizer soil ya foliar. Soil test confirm karein.
W1755,Gap pani ka kitna rakhein do irrigations ke beech?,roman_ur,wheat,irrigation,"Do irrigations ke beech gap 12–20 din zameen ke hisaab se; raiti kam, bhari zyada. Critical stages mat chhoren."
W1756,Post emergence weedicide naam?,roman_ur,wheat,weed_control,"Post emergence weedicide naam: 2,4-D (broad leaf), clodinafop (grass) jaisi; product wheat ke liye approved ho. Dose label par."
W1757,Storage pest ka ilaaj fumigation?,roman_ur,wheat,harvest,Storage pest: fumigation strong attack par; contact spray surface/bags par. Grain sukha store; clean godown. Regular check.
W1758,Quality wheat ka zyada rate kaise?,roman_ur,wheat,market_price,"Quality wheat: grain saaf, mote, grading; test weight behtar. Storage dry; premium rate ke liye standards follow karein."
W1759,Hi wheat ke liye mashwara chahiye,roman_ur,wheat,greeting,Wa alaikum assalam. Wheat ke liye mashwara chahiye to bataein kya poochna hai.
W1760,Crop kamzor lag rahi hai kya karein?,roman_ur,wheat,general_info,"Crop kamzor: N/zinc kami, pani kami, keera, bimari check karein. Kaun sa hai us par ilaaj; agar mushkil ho to photo bhej kar pehchan karwain."
W1761,Frost aa sakta hai wheat ko bachain kaise?,roman_ur,wheat,weather_risk,Frost se bachane ke liye frost se pehle light irrigation; jaldi bone avoid karein frost-prone area mein. Variety bhi resistant len.
W1762,Seed rate late sowing ke liye zyada?,roman_ur,wheat,sowing,Late sowing ke liye seed rate 5–10% barha den; tillering kam hoti hai. Resistant variety aur full khaad/pani time par.
W1763,Aphid threshold kab spray karein?,roman_ur,wheat,pest,Aphid threshold par spray karein (aam tor par 5–10 per tiller/ear); extension se exact figure. Subah/sham spray; coverage achha.
W1764,NPK kitna dalen total per acre?,roman_ur,wheat,fertilizer,"NPK total per acre soil test aur target yield se; aam tor par 1.5–2 bag urea, 1–2 bag DAP. P aur K sowing par; N split."
W1765,Over irrigation se kya hota hai?,roman_ur,wheat,irrigation,"Over irrigation se waterlogging, root rot, lodging. Gap 12–20 din rakhein; critical stages par hi focus karein."
W1766,Cultural weed control kaise?,roman_ur,wheat,weed_control,"Cultural weed control: line sowing, sahi population, timely pani, rotation; hand weeding 25–30 din. Stale seedbed bhi kaam karti hai."
W1767,Shattering loss kaise kam karein?,roman_ur,wheat,harvest,Shattering loss kam karne ke liye sahi waqt par kattai; combine setting; garmi avoid. Grain handle carefully.
W1768,Loan wheat crop ke liye kahan?,roman_ur,wheat,subsidy_loan,"Wheat loan bank ya Kisan scheme se; zameen, CNIC, form. Agri office se scheme details; eligibility check karein."
W1769,Bot gandum ke bare mein batao,roman_ur,wheat,greeting,Wa alaikum assalam. Gandum ke bare mein bataein kya poochna hai.
W1770,Fasal mein problem hai bimari ya keera?,roman_ur,wheat,general_info,"Fasal mein masla: bimari (daag, zard), keera, pani ya khaad kami. Batayein kya dikh raha hai; main step batata hoon."
W1771,Hail damage ho gaya claim kaise karein?,roman_ur,wheat,weather_risk,Barish zyada: drain karein; waterlogging hataen. Lodging ho to harvest jald. Next time drainage behtar.
W1772,Treatment beej ka zaroori hai?,roman_ur,wheat,sowing,Certified beej behtar; saved agar saaf aur treated ho to use kar sakte hain. Germination check karein; treatment zaroori.
W1773,Natural enemy keere bachane chahiye?,roman_ur,wheat,pest,"Pattay curl aphid ya virus; aphid hon to spray. Virus ho to healthy seed, vector control; infected plants hataen."
W1774,Basal khaad bone par kya kya dalen?,roman_ur,wheat,fertilizer,Potash soil test mein kam ho to sowing par dein; aam tor par 25–50 kg K2O. Zyada tar N aur P ki kami zyada hoti hai.
W1775,Waterlogging ho gayi drain kaise karein?,roman_ur,wheat,irrigation,Tube well kaafi hai agar 4–6 pani critical stages par dein. Gap 12–18 din; raiti zameen par kam gap.
W1776,Rotate herbicide kyun zaroori hai?,roman_ur,wheat,weed_control,Herbicide rotate karna resistance se bachne ke liye zaroori; alag mode of action use karein. Same product bar bar na chhidkain.
W1777,Combine setting theek kaise karein?,roman_ur,wheat,harvest,Combine setting: drum speed aur concave theek karein; grain tootna kam. Manual threshing dheere. Field condition dekh kar speed.
W1778,Subsidy seed pe kaise mile?,roman_ur,wheat,subsidy_loan,Seed subsidy agri department se; eligibility aur form. Quota har saal; time par apply karein.
W1779,AgriSmart gandum help,roman_ur,wheat,greeting,Wa alaikum assalam. AgriSmart gandum ke liye bataein kya chahiye.
W1780,Khet ka masla hai patte zard hain,roman_ur,wheat,general_info,Patte zard: N kami (purane patte) ya zinc (naye par lakeeren). N ho to urea topdress; zinc ho to zinc spray. Photo bhej kar confirm karwa sakte hain.
W1781,Heat wave aayi wheat ko nuqsan?,roman_ur,wheat,weather_risk,Heat wave grain filling par nuqsan karti hai; waqt par bone aur last pani zaroori. Heat tolerant variety consider karein.
W1782,Certified seed ka faida kya hai?,roman_ur,wheat,sowing,"Certified seed tested, disease-free; yield aur uniformity behtar. Saved seed treatment ke sath use kar sakte hain lekin risk zyada."
W1783,Ladybird dekh raha hain ye faida mand hai?,roman_ur,wheat,general_info,Honeydew chust ki nishani; spray jab colony zyada ho. Patton ke niche coverage; recommended dose.
W1784,Foliar urea kab chhidkain?,roman_ur,wheat,fertilizer,"Foliar urea tillering par ya N deficiency dikhe; 2–5% solution. Dhoop aur tez hawa avoid. Supplement hai, soil N ki jagah nahi."
W1785,Brackish pani wheat ko de sakte hain?,roman_ur,wheat,irrigation,Brackish pani thora use ho sakta hai agar EC limit se zyada na ho; drainage aur gypsum. Blend karein agar possible.
W1786,Weed yield loss kitna hota hai?,roman_ur,wheat,weed_control,Weed competition se yield 20–50% tak kam; control 25–35 DAS zaroori. Line sowing aur timely herbicide.
W1787,Moisture store ke waqt kitni honi chahiye?,roman_ur,wheat,harvest,Storage moisture 12–14% ya kam; zyada se keerey/fungus. Sukha kar ke store; boriyon ko dry jagah.
W1788,Insurance wheat crop ka kaise len?,roman_ur,wheat,subsidy_loan,Wheat insurance bank ya company se; premium sarkar subsidize. Loss par claim; survey ke baad compensation. Agri office se details.
W1789,Rehnumai wheat ke liye chahiye,roman_ur,wheat,greeting,Wa alaikum assalam. Wheat rehnumai ke liye bataein kya poochna hai.
W1790,Paidawar barhane ke tips?,roman_ur,wheat,general_info,"Paidawar barhane ke liye: certified beej, waqt par bone, full khaad/pani, jhariyan/keera/bimari time par, sahi waqt kattai. Scout aur record rakhein."
W1791,Rainfed wheat mein pani kab kab dein?,roman_ur,wheat,irrigation,Rainfed wheat mein 1–2 pani agar mauka ho to booting aur grain filling par dein. Residue cover aur timely sowing.
W1792,Meri fasal mein keera lag gaya hai,roman_ur,wheat,pest,"Keera lag gaya ho to pehchanen (chust, termite, etc.); us ke mutabiq insecticide. Dose aur time sahi; subah/sham spray."
W1793,Gandum sawal poochna tha,roman_ur,wheat,greeting,Wa alaikum assalam. Gandum ka sawal poochhein main jawab doonga.
W1794,Madad chahiye gandum ki fasal ke liye,roman_ur,wheat,greeting,"Wa alaikum assalam. Gandum fasal ke liye madad chahiye to bataein kya masla hai—bimari, keera, khaad, pani."
W1795,Fasal mein masla hai patte sookh rahe,roman_ur,wheat,general_info,"Fasal mein masla patte sookh: rust, blight ya pani kami. Pehchanen ya photo bhej kar; fungicide ya pani mutabiq."
W1796,Khet ka sawal hai irrigation ke bare mein,roman_ur,wheat,irrigation,"Khet ka sawal irrigation: pehla pani 20–25 din baad; gap 12–20 din. Critical stages: crown-root, tillering, booting, flowering, grain filling."
W1797,Rehnumai chahiye bone se kattai tak,roman_ur,wheat,greeting,"Rehnumai bone se kattai: waqt par bone, khaad split, pani critical par, jhariyan/keera/bimari control, maturity par kattai. Step by step poochhein."
W1798,Mashwara chahiye khaad ke bare mein,roman_ur,wheat,fertilizer,"Mashwara khaad: DAP bone par, urea split pehle pani aur tillering par. Dose soil test/recommendation. Zinc/boron agar kami ho."
W1799,Gandum ki bimari peeli daag wali,roman_ur,wheat,disease,Gandum ki bimari peeli daag: peeli zang (stripe rust). Systemic fungicide jald chhidkain; resistant variety agle saal.
W1800,Keeron se pareshan hain kaun si dawai?,roman_ur,wheat,pest,Keeron se pareshan: pest pehchanen; recommended spray threshold par. Selective insecticide; field clean rakhein.
W1801,Pani ki kami hai tube well kam hai,roman_ur,wheat,irrigation,"Pani kami: critical stages (booting, grain filling) par zaroor dein. Tube well share ya stored water; pani bachane ke liye beds."
W1802,Khaad ka schedule bataein urea DAP kab kab?,roman_ur,wheat,fertilizer,"Khaad schedule: DAP sowing par; urea split—crown-root/first pani, tillering, kabhi booting. Total recommendation follow karein."
W1803,Jhariyan zyada hain spray ka sahi waqt?,roman_ur,wheat,weed_control,Jhariyan zyada: post-emergence 25–35 DAS jab chhoti hon. Product weed type ke mutabiq; dose label par.
W1804,Kattai jaldi karein ya rukain?,roman_ur,wheat,harvest,Kattai jaldi karein jab grain hard ho; nami check karein. Jaldi better than late (shattering). Combine setting theek.
W1805,Rate theek hai aaj bechein?,roman_ur,wheat,market_price,Rate theek hai ya nahi roz check karein mandi/app se. Bechne se pehle same din rate; quality saaf rakhein.
W1806,Naya kisaan hoon gandum seekhna hai,roman_ur,wheat,greeting,"Naya kisaan: certified beej, recommended dose, waqt par pani, scout karte rahein. Sawal poochhein main simple jawab doonga."
W1807,Is season gandum ke liye kya kya karein?,roman_ur,wheat,general_info,"Is season: bone Oct–Nov, first pani 20–25 din, weed control 25–35 din, topdress tillering, rust/keera check, kattai maturity par."
W1808,Zameen tayar hai kab boen?,roman_ur,wheat,sowing,"Zameen tayar: 1–2 haftay pehle plough, harrow, level. Bone ka waqt late Oct–mid Nov; certified beej aur treatment."
W1809,Pattay sookh rahe hain bimari lag rahi hai?,roman_ur,wheat,nutrient_deficiency,"Pattay sookh: rust, blight ya nutrient kami. Pehchanen; fungicide ya N/zinc mutabiq. Photo bhej kar confirm karwain."
W1810,Daag aa gaye hain patton par zang?,roman_ur,wheat,disease,Daag patton par zang ho sakta hai; fungicide jald chhidkain. Coverage achha; resistant variety agle saal.
W1811,Saron par kaala kya bimari hai?,roman_ur,wheat,disease,Saron par kaala stem rust ya fungus; systemic fungicide; coverage saron tak. Resistant variety next year.
W1812,Pani zyada ho gaya khet mein,roman_ur,wheat,irrigation,Pani zyada: drain karein turant; waterlogging nuqsan. Gap barha kar aage pani kam dein.
W1813,Urea ki kami lag rahi hai topdress kab?,roman_ur,wheat,fertilizer,Urea kami: topdress tillering par; pehle pani ya baad. Doosri dose booting par. Recommendation follow karein.
W1814,Jarhi booti pehchan nahi pa rahe,roman_ur,wheat,weed_control,Jarhi booti pehchan kar grass ya broad leaf herbicide use karein. Timing 25–35 DAS; dose label par.
W1815,Dana toot raha hai kattai ab?,roman_ur,wheat,harvest,Dana toot raha ho to kattai jald karein; grain hard ho. Combine setting; garmi avoid.
W1816,Mandi door hai transport ka kharcha?,roman_ur,wheat,market_price,"Mandi door: group sell, transport share ya direct mill. Rate check; quality saaf taake reject na ho."
W1817,I have insects in wheat what spray to use?,en,wheat,pest,Insects in wheat: identify pest; use recommended insecticide at right dose. Spray in cooler hours; cover undersides. Repeat only if needed after waiting period.
W1818,When to give first irrigation after sowing wheat?,en,wheat,irrigation,"First irrigation about 20–25 days after sowing at crown-root stage. Gap to next 12–20 days. Critical stages: crown-root, tillering, booting, flowering, grain filling."
W1819,Wheat leaves turning yellow what is the reason?,en,wheat,nutrient_deficiency,Yellow leaves: nitrogen (older leaves) or zinc (white stripes on new). Apply urea at tillering or zinc spray; check which symptom.
W1820,Weeds have overtaken when to spray herbicide?,en,wheat,weed_control,Weeds overtaken: apply post-emergence herbicide when weeds still small (25–35 DAS). Match product to weed type; follow label. Hand weeding if needed for escapes.
W1821,Best time to sow wheat in my area?,en,wheat,sowing,Best time to sow wheat in most areas is late October to mid-November. Use recommended seed rate; line sowing 3–5 cm depth. Treat seed before sowing. Check with local extension for your zone.
W1822,Disease spots on wheat leaves rust or something else?,en,wheat,disease,Disease spots: rust has powdery pustules; other spots may be blight. Spray recommended fungicide early; use resistant variety next year. Send photo if unsure.
W1823,How much DAP and urea per acre at sowing?,en,wheat,fertilizer,DAP and urea per acre: at sowing 1–2 bag DAP; urea split at sowing/first irrigation and tillering. Total N and P follow local recommendation or soil test.
W1824,Wheat ready for cutting how to know?,en,wheat,harvest,"Wheat ready for cutting when grain is hard (nail test), straw yellow, moisture around 12–15%. Do not harvest too early or too late. Dry well before storage."
W1825,Current wheat price in market today?,en,wheat,market_price,"Current wheat price: check mandi, government SMS or agri app daily. Support price and procurement list from food/agri office. Sell when you need cash or when rate is good."
W1826,Aphid attack on wheat which insecticide?,en,wheat,pest,Aphid on wheat: spray when colonies are high; use recommended insecticide. Cooler time of day; cover ears and upper leaves. Follow threshold and waiting period.
W1827,Gap between first and second irrigation?,en,wheat,irrigation,"Gap between first and second irrigation usually 12–20 days depending on soil. Second at tillering; then booting, flowering, grain filling. Do not miss critical stages."
W1828,Zinc deficiency in wheat what to apply?,en,wheat,nutrient_deficiency,Zinc deficiency: apply zinc sulphate to soil at sowing or foliar zinc at tillering. White stripes on young leaves are a sign. Repeat foliar if symptoms persist.
W1829,Broad leaf weedicide timing for wheat?,en,wheat,weed_control,"Broad leaf weedicide timing: when weeds are small, 25–35 days after sowing. Use approved product for wheat; dose on label. Spray when wind is calm."
W1830,Late sowing wheat what to do?,en,wheat,sowing,Late sowing wheat: increase seed rate 5–10%; use early/resistant variety. Give full fertilizer and irrigations on time. Expect some yield loss.
W1831,Rust on wheat leaves which fungicide?,en,wheat,disease,Rust on wheat: use systemic fungicide recommended for rust; spray at first signs. Good coverage; prefer resistant variety for next season.
W1832,Nitrogen split when to give second dose?,en,wheat,fertilizer,"Second dose of nitrogen at tillering stage, about 40–50 days after sowing. Amount per acre as per local recommendation. Apply with or before irrigation."
W1833,Grain storage how to protect from insects?,en,wheat,harvest,Grain storage: dry to 12–14% moisture; use clean dry bags or bins. Fumigate or treat if storage pests appear. Keep store dry and ventilated.
W1834,Government wheat procurement price?,en,wheat,market_price,Government wheat procurement price announced each year; check agri department or news. Procurement centers list from food department. Meet quality standards.
W1835,Termite in wheat field control?,en,wheat,pest,Termite in wheat: improve drainage; use seed treatment. Apply recommended termiticide to affected patches. Remove old stubble and keep field clean.
W1836,Critical irrigation stages for wheat?,en,wheat,irrigation,"Critical irrigation stages: crown-root (20–25 DAS), tillering, booting, flowering, grain filling. Missing these can cut yield. Gap 12–20 days between irrigations."
W1837,Yellow leaves nitrogen or zinc deficiency?,en,wheat,nutrient_deficiency,"Yellow leaves: if older leaves yellow, nitrogen deficiency—topdress urea. If white stripes on new leaves, zinc—apply zinc fertilizer or foliar spray."
W1838,Post emergence weedicide which one?,en,wheat,weed_control,Post-emergence weedicide: use one recommended for wheat; apply when weeds are small (25–35 DAS). Match to grass or broad leaf. Follow label dose.
W1839,Seed rate for wheat per acre?,en,wheat,sowing,Seed rate for wheat per acre as per region and variety; often 40–50 kg for drill. Increase slightly for late sowing or broadcast. Certified seed and treatment help.
W1840,Smut in wheat seed treatment for next year?,en,wheat,disease,Smut in wheat: for next crop use certified clean seed and fungicide seed treatment. Do not reuse seed from smutted crop. Treat before sowing.
W1841,Urea top dressing when and how much?,en,wheat,fertilizer,Urea top dressing at tillering stage; amount per acre as per recommendation. Second dose at booting if target yield is high. Apply with irrigation.
W1842,Harvest moisture for wheat storage?,en,wheat,harvest,Harvest moisture for safe storage about 12–14%. Dry grain well before storing. Too high causes pests and mould; use moisture meter if available.
W1843,Where to sell wheat better price?,en,wheat,market_price,"Sell wheat where you get better price: compare mandi, procurement, direct mill. Clean and grade grain; check rate before selling. Group selling can help."
W1844,Pest control in wheat IPM approach?,en,wheat,pest,Pest control in wheat: scout regularly; spray only when threshold crossed. Use selective insecticide; protect beneficial insects. IPM approach is best.
W1845,Canal water shortage wheat irrigation?,en,wheat,irrigation,Canal water shortage: prioritise critical stages—booting and grain filling most important. Use ridges or beds to save water. Improve field leveling.
W1846,Foliar spray for nutrient deficiency?,en,wheat,nutrient_deficiency,"Foliar spray for nutrient deficiency when soil uptake is poor or deficiency appears. Use recommended dose for zinc, boron or urea; avoid hot windy time."
W1847,Weed resistance to herbicide what to do?,en,wheat,weed_control,Weed resistance: rotate herbicide mode of action; do not use same product repeatedly. Hand weed escapes. Use pre-emergence where possible.
W1848,Zero till wheat sowing benefits?,en,wheat,sowing,Zero till wheat saves time and diesel; conserves moisture. Use after rice where stubble remains. Calibrate drill; manage residue. Good for soil health.
W1849,Leaf rust treatment which spray?,en,wheat,disease,Leaf rust: spray systemic fungicide at first signs. Good coverage; repeat if needed. Use resistant variety next season.
W1850,Balanced fertilizer for wheat NPK?,en,wheat,fertilizer,"Balanced fertilizer: NPK as per soil test; P and K at sowing, N split. Apply at sowing, first irrigation and tillering. FYM adds benefit."
W1851,Combine harvest timing for wheat?,en,wheat,harvest,Combine harvest when grain is fully mature and hard. Adjust drum and concave to reduce loss. Harvest in cooler part of day if possible.
W1852,Wheat selling tips for better rate?,en,wheat,market_price,Wheat selling tips: clean and grade grain; improve test weight. Check daily rate; compare buyers. Sell at right time for your need and market.
W1853,Spray for aphid in wheat when?,en,wheat,pest,Spray for aphid when population crosses threshold (check extension). Use recommended insecticide; spray in cooler hours. Cover ear and leaf undersides.
W1854,First water after wheat sowing when?,en,wheat,irrigation,"First water after wheat sowing about 20–25 days at crown-root stage. Then tillering, booting, flowering, grain filling. Gap 12–20 days between irrigations."
W1855,Boron deficiency wheat symptoms?,en,wheat,nutrient_deficiency,"Boron deficiency: poor grain set, growth points affected. Apply boron (borax or other) as per soil test or recommendation. Foliar or soil application."
W1856,Pre emergence vs post emergence weedicide?,en,wheat,weed_control,Pre-emergence vs post-emergence: pre-emergence before weeds emerge; post when weeds are small (25–35 DAS). Use as per weed type and label.
W1857,Wheat sowing depth and spacing?,en,wheat,sowing,Wheat sowing depth 3–5 cm; row spacing about 20–25 cm. Deeper sowing delays emergence; too shallow risks birds and drying. Line sowing better than broadcast.
W1858,Stem rust black rust control?,en,wheat,disease,Stem rust (black): black pustules on stem and leaves. Spray systemic fungicide early; good coverage. Use resistant variety next year.
W1859,FYM with chemical fertilizer wheat?,en,wheat,fertilizer,FYM with chemical: use well-decomposed FYM 2–4 ton/acre at sowing. Do not reduce chemical dose; FYM is extra. Mix before sowing.
W1860,Threshing loss minimize how?,en,wheat,harvest,Threshing loss: harvest at right maturity; adjust combine properly. Avoid very hot dry conditions. Handle grain carefully.
W1861,Support price and procurement center?,en,wheat,market_price,Support price and procurement: government announces each year; list of centers from food/agri office. Quality and documents as required. Sell when ready.
W1862,Natural control for wheat pests?,en,wheat,pest,Natural control: conserve beneficial insects; use selective insecticide. Neem or biopesticide in early stage. Spray only at threshold.
W1863,How many irrigations total for wheat?,en,wheat,irrigation,"Total irrigations for wheat often 4–6 in canal areas. Critical: crown-root, tillering, booting, flowering, grain filling. Gap 12–20 days by soil type."
W1864,Sulphur deficiency in wheat?,en,wheat,nutrient_deficiency,"Sulphur deficiency: pale yellow young leaves, less growth. Apply gypsum or sulphur fertilizer. Confirm with soil test."
W1865,Tank mix herbicide and urea?,en,wheat,weed_control,Tank mix herbicide and urea only if both labels allow. Otherwise apply separately. Wrong mix can damage crop or reduce effect.
W1866,Rice wheat rotation sowing time?,en,wheat,sowing,"Rice-wheat rotation sowing time: sow wheat soon after rice harvest, late October to mid-November. Prepare quickly; use zero till if possible."
W1867,Powdery mildew on wheat?,en,wheat,disease,Powdery mildew: white powder on leaves. Use fungicide labeled for powdery mildew on wheat. Spray early; improve air flow. Resistant variety helps.
W1868,Soil test based fertilizer for wheat?,en,wheat,fertilizer,"Soil test based fertilizer: apply N, P, K and micronutrients as per report. Adjust dose for low or high fertility. Split nitrogen."
W1869,Wheat straw use after harvest?,en,wheat,harvest,"Wheat straw after harvest: use as fodder, sell loose or baled, or use as mulch. Mushroom growers buy in some areas. Manage residue for next crop."
W1870,Crop loan for wheat where to get?,en,wheat,subsidy_loan,"Crop loan for wheat from bank or Kisan scheme. Documents: land record, CNIC, application form. Check eligibility at agri office or bank."
W1871,Armyworm in wheat what to spray?,en,wheat,pest,Armyworm in wheat: spray insecticide labeled for armyworm on wheat. Spray in evening when larvae active. Good coverage on canopy.
W1872,Over irrigation damage to wheat?,en,wheat,irrigation,"Over-irrigation causes waterlogging, root rot and lodging. Keep gap 12–20 days between irrigations. Focus on critical stages only."
W1873,Mixed weed control one spray?,en,wheat,weed_control,"Mixed weeds: use herbicide that controls both grass and broad leaf if label allows, or two separate sprays. Apply when weeds are small."
W1874,Barani area wheat sowing time?,en,wheat,sowing,"Barani area wheat sowing after rains, often late October to mid-November. Use drought tolerant variety; seed rate slightly higher. Match local rain pattern."
W1875,Karnal bunt in wheat prevention?,en,wheat,disease,Karnal bunt prevention: use clean certified seed; fungicide seed treatment. Do not use grain from affected crop as seed. Rotate and avoid late irrigation at heading.
W1876,Potash for wheat when to apply?,en,wheat,fertilizer,Potash for wheat when soil test shows low K. Apply at sowing with P; about 25–50 kg K2O per acre. No need to split.
W1877,Grain drying after harvest?,en,wheat,harvest,"Grain drying after harvest: spread in thin layer, sun dry 3–7 days. Stir regularly. Target 12–14% moisture before storage."
W1878,Quality premium for wheat?,en,wheat,market_price,"Quality premium: clean grain, better test weight, uniform size. Grade before sale; meet buyer standards. Store dry to maintain quality."
W1879,Cutworm damage wheat control?,en,wheat,pest,Cutworm damage: spray recommended insecticide on soil surface or use bait. Evening application. Ensure coverage at plant base.
W1880,Bed planting wheat water saving?,en,wheat,irrigation,Bed planting saves water; form raised beds and irrigate in furrows. Use bed planter; seed on bed or in furrow. Better aeration.
W1881,Grassy weed herbicide for wheat?,en,wheat,weed_control,Grassy weed in wheat: use grass-selective herbicide (e.g. clodinafop) at 25–35 DAS. Correct dose and nozzle. Separate product for broad leaf.
W1882,Seed treatment for wheat which product?,en,wheat,sowing,Seed treatment for wheat: use fungicide for smut/bunt; insecticide if termite risk. Rate per kg on label. Dry after treatment before sowing.
W1883,Leaf blight wheat fungicide?,en,wheat,disease,"Leaf blight wheat: use fungicide labeled for leaf spots (tan spot, septoria). Spray at first signs. Resistant variety and balanced N help."
W1884,Micronutrient spray for wheat?,en,wheat,fertilizer,"Micronutrient spray for wheat when deficiency appears: zinc, boron or foliar urea. Use recommended dose; avoid hot windy time. Repeat if needed."
W1885,Safe storage moisture wheat?,en,wheat,harvest,Storage pest control: keep grain dry (12–14% moisture); fumigate or use contact insecticide if needed. Clean store; check regularly.
W1886,Forward contract wheat selling?,en,wheat,market_price,Test weight and wheat price: better test weight gets higher price. Keep grain plump and clean; good harvest and storage practices.
W1887,Rodent control wheat field?,en,wheat,pest,Selective insecticide targets pest and spares beneficial insects. Use for IPM; spray only at threshold. Check label for target pest.
W1888,Sprinkler for wheat irrigation?,en,wheat,irrigation,Farm pond for wheat: use when canal is short. Prioritise critical stages. Refill depends on rain; plan area according to pond size.
W1889,Herbicide rotation why important?,en,wheat,weed_control,Herbicide rotation prevents resistance. Use different mode of action in rotation. Do not repeat same product season after season.
W1890,Happy seeder for wheat after rice?,en,wheat,sowing,Happy seeder for wheat after rice: places seed and fertilizer in stubble. Saves time and moisture; improve soil. Set drill correctly; clear residue blockages.
W1891,Root rot wheat identification?,en,wheat,disease,"Root rot in wheat: roots rot, plant easy to pull. Improve drainage; avoid waterlogging. Resistant variety and rotation; seed treatment helps."
W1892,Green manure before wheat?,en,wheat,fertilizer,"Green manure before wheat: grow short legume (moong, mash), incorporate 3–4 weeks before sowing. Adds N and organic matter. Reduce N dose slightly if heavy biomass."
W1893,Storage pest control wheat?,en,wheat,harvest,Storage insect: keep grain dry and clean. Fumigation for heavy infestation; contact spray on bags/surface. Check regularly; treat if pests appear.
W1894,Test weight and wheat price?,en,wheat,market_price,"Test weight better means higher price from mills. Keep grain plump, clean and dry. Good harvest timing and storage."
W1895,Threshold for spray in wheat pest?,en,wheat,pest,Pheromone trap helps monitor some pests; not full control for wheat aphid/rust. Use as part of IPM. Check if recommended for your pest.
W1896,Rainfed wheat supplemental irrigation?,en,wheat,irrigation,"Rainfed wheat supplemental irrigation: if 1–2 irrigations possible, give at booting and grain filling. Conserve moisture with residue and timely sowing."
W1897,Resistant weed management wheat?,en,wheat,weed_control,Resistant weed: use herbicide with different mode of action; rotate products. Hand weed escapes. Do not rely on one herbicide only.
W1898,Laser leveling before wheat?,en,wheat,sowing,Laser leveling before wheat improves water use and yield. One-time cost; rent available. Especially useful if field is uneven.
W1899,Fusarium wheat head blight?,en,wheat,disease,"Fusarium wheat head blight: pink mould, shriveled grains. Use resistant variety; fungicide at flowering if recommended. Remove residue; do not use affected grain as seed."
W1900,4R nutrient wheat what is it?,en,wheat,fertilizer,"4R nutrient: Right source (correct fertilizer), Right rate (soil test), Right time (basal + split), Right place (near seed but not touching). Improves efficiency."
W1901,Fumigation wheat storage?,en,wheat,harvest,Fumigation of wheat storage when pests are present or long storage. Use aluminium phosphide with full safety; seal store 5–7 days. Ventilate before entry.
W1902,Group selling wheat benefit?,en,wheat,market_price,Group selling wheat: larger quantity; better negotiation. Join cooperative or farmer group. Clear terms and payment in writing.
W1903,Biopesticide for wheat aphid?,en,wheat,pest,Biopesticide for wheat aphid: neem or other approved product. Works better in early stage. Combine with good practice; may need chemical if heavy.
W1904,Supplemental irrigation wheat?,en,wheat,irrigation,Supplemental irrigation in wheat when rain is not enough: give at booting and grain filling at least. Even one irrigation at right stage helps.
W1905,Organic weed control wheat?,en,wheat,weed_control,"Organic weed control: hand weeding, stale seedbed, line sowing, rotation. No herbicide; more labour. Mulch and dense crop help."
W1906,Wide row wheat sowing?,en,wheat,sowing,Wide row wheat sowing sometimes used; narrow row (20–25 cm) usually gives better yield. Follow local recommendation and drill type.
W1907,Viral disease wheat curling?,en,wheat,disease,Viral disease wheat curling: leaves curl and yellow. Remove infected plants; control aphid vector. Use healthy seed; no direct cure for virus.
W1908,Gypsum for saline soil wheat?,en,wheat,fertilizer,"Gypsum for saline soil before wheat: dose from soil test, often 1–2 ton/acre. Apply and mix before sowing. Improve drainage to leach salts."
W1909,Grading wheat before sale?,en,wheat,harvest,"Grading wheat before sale: sort by size, weight and cleanliness. Better grade gets better price. Meet buyer or mandi standards."
W1910,Commission agent wheat sale?,en,wheat,market_price,Commission agent: agree rate and commission in advance; check weight yourself. Get receipt; clarify payment time. Compare with other agents if possible.
W1911,Pheromone trap wheat pests?,en,wheat,pest,Pheromone trap for wheat pests: used for monitoring some species; not main control for aphid/rust. Can be part of IPM; ask extension if useful for your area.
W1912,Border strip irrigation wheat?,en,wheat,irrigation,Border strip irrigation: divide field into strips; water flows from one to next. Reduces waste. Needs good leveling.
W1913,Mechanical weeding wheat?,en,wheat,weed_control,Mechanical weeding in wheat: use weeder when weeds are small (25–30 DAS). Complements herbicide; more labour. Available from machinery dealers.
W1914,Stubble mulch wheat sowing?,en,wheat,sowing,Stubble mulch wheat sowing: sow with zero till in residue. Saves moisture and improves soil. Use happy seeder or zero till drill; manage residue amount.
W1915,Black point wheat grain?,en,wheat,disease,Black point wheat grain: dark spot at grain end; affects quality. Use resistant variety; harvest at right time. Store dry; separate affected grain.
W1916,Compost with fertilizer wheat?,en,wheat,fertilizer,Compost with fertilizer for wheat: well-decomposed compost 2–4 ton/acre at sowing. Add to soil; do not replace full chemical dose. Improves soil.
W1917,Condensation storage wheat?,en,wheat,harvest,Condensation in storage damages grain. Keep grain dry (12–14%); ventilate store; avoid big temperature change. Do not stack bags against cold walls.
W1918,Direct mill sale wheat?,en,wheat,market_price,Direct mill sale can give better rate than mandi. Quantity and quality matter. Clarify transport and payment. Compare with mandi rate.
W1919,Selective insecticide wheat?,en,wheat,pest,Selective insecticide kills target pest and spares beneficials. Use for IPM; check label for target. Avoid broad-spectrum when not needed.
W1920,Farm pond wheat irrigation?,en,wheat,irrigation,Farm pond water for wheat irrigation: use when canal is short. Prioritise critical stages. Refill depends on rainfall; plan area accordingly.
W1921,Strip crop weed control?,en,wheat,weed_control,Strip crop for weed control: alternate strips of wheat with other crop. Can reduce weed spread. Width and crop as per local practice.
W1922,Precision sowing wheat?,en,wheat,sowing,Precision sowing wheat: calibrate drill for seed rate and depth. Check cups and speed. Test in field for uniform stand.
W1923,Slow rusting variety wheat?,en,wheat,disease,Slow rusting variety has slower rust development. Ask research station or extension for list. Name may include resistant or tolerant. Use for next season.
W1924,Legume after wheat fertilizer?,en,wheat,fertilizer,Legume after wheat: next crop (e.g. moong) needs less N because wheat residue and rotation. Apply P and K as needed; adjust N from soil test.
W1925,Weighbridge wheat sale?,en,wheat,market_price,Weighbridge at sale: ensure you see weight; get slip. Check rate and deductions. Keep copy of weight and rate.
W1926,Scout wheat field frequency?,en,wheat,general_info,"Scout wheat field every 7–10 days; more often when disease or pest risk is high. Look for rust, aphid, weeds, water stress. Record what you see."
W1927,Drought variety wheat?,en,wheat,sowing,Drought tolerant wheat variety for dry areas: get list from agri department. Often early and stress-tolerant. Suited to rainfed or limited irrigation.
W1928,Rust race wheat variety?,en,wheat,disease,Rust race in wheat variety: different rust races exist; variety resistant to one may be susceptible to another. Use current recommended list from research station.
W1929,Phosphorus timing wheat?,en,wheat,fertilizer,Phosphorus timing for wheat: apply full P at sowing as basal with DAP or SSP. No need to split; availability better when placed near seed at sowing.
W1930,Insurance claim wheat crop loss?,en,wheat,subsidy_loan,Insurance claim for wheat crop loss: report loss to company or agri office with photos. Survey will be done; submit form and documents. Compensation as per policy. Follow time limit.
W1931,bhai gandum mein keera lag gaya kya karun,roman_ur,wheat,pest,Pehle keera pehchanen ke chust hai ya termite ya koi aur. Chust ho to extension se recommended insecticide len aur sahi dose par subah ya sham chhidkain. Patton ke niche bhi spray karein taake sab keerey mar jayein. Zyada nitrogen mat dein aur khet saaf rakhein.
W1932,pani kab den gandum ko,roman_ur,wheat,irrigation,"Pehla pani bone ke 20–25 din baad dein jab crown-root stage ho. Us ke baad tillering, booting, phool aur grain filling par pani zaroori hai. Do paniyon ke beech 12–20 din ka gap rakhein zameen ke hisaab se."
W1933,meri fasal zard ho rahi hai kya wajah,roman_ur,wheat,nutrient_deficiency,Zard patte aksar nitrogen ki kami se hote hain; kabhi zinc kami bhi hoti hai. Purane patte zard hon to urea topdress karein tillering par. Naye patton par safed lakeeren hon to zinc spray use karein. Pani bhi theek rakhein taake khaad sookh sake.
W1934,jhariyan zyada hain kaun sa spray marun,roman_ur,wheat,weed_control,"Jhariyan chhoti hon to post-emergence weedicide chhidkain bone ke 25–35 din baad. Grass jhari ho to grass wala spray, broad leaf ho to broad leaf wala len. Extension se product ka naam puchen; dose label par follow karein."
W1935,gandum kab boen sahi waqt kya hai,roman_ur,wheat,sowing,Gandum bone ka behtar waqt late October se mid-November hota hai. Chawal ya cotton kattai ke baad jald boen. Certified beej use karein aur bone se pehle seed treatment zaroor karein.
W1936,patton pe daag aa gaye bimari lag rahi,roman_ur,wheat,disease,Daag rust ya leaf blight ho sakte hain. Rust pe powder jaisi pustules hoti hain. Jald fungicide chhidkain jo wheat ke liye recommend ho. Resistant variety agle saal use karein.
W1937,urea kab dalni hai aur kitni,roman_ur,wheat,fertilizer,Urea bone par thori aur zyada tillering par topdress dein. Pehli dose pehle pani ke sath ya crown-root stage par. Doosri dose tillering par; kitni per acre local recommendation dekhein.
W1938,kattai kab karein gandum ready hai ya nahi,roman_ur,wheat,harvest,Jab dana sakht ho aur naakhun se toot na sake tab kattai karein. Bhoosa zard ho jaye aur nami kam ho. Jaldi kaatna behtar hai der se; der se dana toot jata hai.
W1939,aaj gandum ka rate kya hai,roman_ur,wheat,market_price,"Rate rozana mandi, sarkari SMS ya agri app se check karein. Aaj ka rate wahi se pata chalega. Bechne se pehle rate dekh lain taake beopari kam na de."
W1940,chust keera lag gaya dawai batao,roman_ur,wheat,pest,Chust ke liye recommended insecticide use karein jab colony zyada ho. Subah ya sham thandi hawa mein spray karein. Patton ke niche bhi coverage dein; dose label par follow karein.
W1941,pehla pani kitne din baad dena hai,roman_ur,wheat,irrigation,Pehla pani bone ke 20–25 din baad dein. Jab 2–3 patte nikle hon aur crown-root stage ho tab. Exact din zameen aur mausam se thora farq ho sakta hai.
W1942,patte zard kyun ho rahe nitrogen kami hai,roman_ur,wheat,nutrient_deficiency,Purane patte zard nitrogen kami ki nishani hain. Urea topdress karein tillering par; pehle pani dein phir urea. Agar naye patton par safed lakeeren hon to zinc kami hai; zinc spray chhidkain.
W1943,weedicide kab chhidkain sahi waqt,roman_ur,wheat,weed_control,Weedicide bone ke 25–35 din baad chhidkain jab jhariyan chhoti hon. Subah ya sham hawa calm ho to spray karein. Product wheat ke liye aur jhari ki qism ke mutabiq len.
W1944,chawal ke baad gandum kab tak bo len,roman_ur,wheat,sowing,Chawal ke baad jald gandum boen; late October se mid-November tak. Zero till drill ya happy seeder use karein agar ho. Certified beej aur seed treatment zaroori hain.
W1945,zang lag gaya hai kaun si dawai chhidkain,roman_ur,wheat,disease,Zang ke liye systemic fungicide use karein jo rust pe recommend ho. Pehli nishani par jald chhidkain; coverage achha hona chahiye. Resistant variety agle saal len.
W1946,DAP kab dalen aur kitni per acre,roman_ur,wheat,fertilizer,DAP bone par dalen aam tor par 1–2 bag per acre. Urea ka hissa bone par thora aur baqi pehle pani aur tillering par. Total kitni local recommendation ya agri office se puchen.
W1947,dana kaise store karein keerey na lagain,roman_ur,wheat,harvest,Dana bilkul sukha karke store karein; nami 12–14% se kam ho. Saaf sukhi boriyon ya bins mein rakhein. Keerey dikhein to fumigation ya recommended dawai use karein.
W1948,support price kya hai is saal,roman_ur,wheat,market_price,Support price sarkar har saal announce karti hai. News ya agri department se check karein. Procurement centers ki list food department ya agri office se milegi.
W1949,termite ne jaden kha di hain kaise bachain,roman_ur,wheat,pest,Termite ke liye pani nikalne ka bandobast karein; waterlogging na ho. Beej ko insecticide se treat karein bone se pehle. Purani stubble hataen; field drainage theek rakhein.
W1950,do paniyon ke beech kitna gap rakhein,roman_ur,wheat,irrigation,Do paniyon ke beech 12–20 din ka gap rakhein. Raiti zameen par kam gap rakhein; bhari zameen par zyada. Critical stages par pani mat chhoren.
W1951,zinc ki kami hai patton pe safed lakeeren,roman_ur,wheat,nutrient_deficiency,Zinc kami mein naye patton par safed lakeeren hoti hain. Zinc sulphate zameen mein ya foliar zinc spray tillering par use karein. Extension se dose puchen; repeat ho sake agar kami rahe.
W1952,jhariyan kaise hatain spray ya godai,roman_ur,wheat,weed_control,Chhoti jhariyan hon to spray kaafi hai; badi hon to pehle godai karein. Post-emergence weedicide 25–35 din baad chhidkain. Product jhari ki qism ke mutabiq len.
W1953,kitna beej dalna hai per acre,roman_ur,wheat,sowing,Per acre aam tor par 40–50 kg beej use hota hai. Region aur variety se thora farq ho sakta hai. Late bone ho to thori zyada beej dalen.
W1954,peeli zang lag gayi fungicide kaun si,roman_ur,wheat,disease,Peeli zang ke liye systemic fungicide chhidkain jo stripe rust pe recommend ho. Jald spray karein pehli nishani par. Resistant variety agle saal use karein.
W1955,topdress urea kab den tillering par,roman_ur,wheat,fertilizer,Topdress urea tillering stage par dein; bone ke 40–50 din baad. Kitni per acre local recommendation follow karein. Pani de kar ya light irrigation ke baad dalen.
W1956,kattai ke baad bhoosa ka kya karein,roman_ur,wheat,harvest,Bhoosa charay ke tor par use kar sakte hain ya bech sakte hain. Baler ho to bale bana kar bechna behtar. Kuch kisan ise next fasal ke liye mulch bhi karte hain.
W1957,mandi rate kaise check karein,roman_ur,wheat,market_price,"Mandi rate mandi office, SMS service ya agri app se roz check karein. Bechne se pehle same din ka rate dekh lain. Do teen jagah se rate puchen taake behtar mile."
W1958,keeron se fasal nuqsan ho rahi hai,roman_ur,wheat,pest,Keera pehchanen phir us ke mutabiq insecticide len. Extension se recommended product aur dose puchen. Spray subah ya sham karein; threshold par hi chhidkain.
W1959,nehr band hai pani kaise manage karein,roman_ur,wheat,irrigation,"Nehr band ho to tube well, pond ya stored pani use karein. Critical stages par zaroor dein: tillering, booting, grain filling. Pani bachane ke liye ridges ya beds use karein."
W1960,urea ki kami lag rahi kab topdress karein,roman_ur,wheat,fertilizer,Urea kami lag rahi ho to tillering par topdress karein. Pehle pani dein phir urea dalen. Doosri dose booting par bhi de sakte hain agar zarurat ho.
W1961,broad leaf jhari ka kaun sa spray,roman_ur,wheat,weed_control,"Broad leaf jhari ke liye 2,4-D jaisa wheat ke liye approved product use karein. Bone ke 25–35 din baad jab jhariyan chhoti hon. Dose label par hoti hai."
W1962,der se bone theek hai ya nahi,roman_ur,wheat,sowing,Der bone se yield kam hoti hai lekin ho sakta hai. Seed rate thori barha den; resistant variety len. Critical pani aur khaad time par dein.
W1963,kali zang stem pe aa gayi ilaaj,roman_ur,wheat,disease,Kali zang stem pe hoti hai. Systemic fungicide jo stem rust pe recommend ho jald chhidkain. Coverage stem tak hona chahiye; resistant variety agle saal.
W1964,gobar ki khaad de sakte hain chemical ke sath,roman_ur,wheat,fertilizer,Gobar ki khaad galay hui 2–4 ton per acre de sakte hain. Chemical khaad ke sath dein; chemical kam mat karein. Bone se pehle zameen mein mix karein.
W1965,combine se kaatne par nuqsan kam kaise karein,roman_ur,wheat,harvest,Combine ki drum speed aur concave setting theek karein. Grain bilkul ready hone dein; thandi subah ya sham kaatein. Garmi mein kattai se nuqsan zyada hota hai.
W1966,bechne ka behtar waqt kab hai,roman_ur,wheat,market_price,Bechne ka waqt aap ki zarurat aur rate par depend karta hai. Paise chahiye hon to jaldi bechein. Store safe ho aur rate barhne ka andaza ho to thora ruk sakte hain.
W1967,aphid bahut zyada ho gaye spray kab karein,roman_ur,wheat,pest,Aphid zyada hon to recommended insecticide jald chhidkain. Ears aur upper leaves par coverage dein. Subah ya sham spray karein; dose label par follow karein.
W1968,crown root stage par pani kab den,roman_ur,wheat,irrigation,"Crown root stage par pani bone ke 20–25 din baad dena hai. Jab 2–3 patte aur crown roots ban rahe hon. Is ke baad tillering, booting, phool aur grain filling par pani dein."
W1969,boron kami hai kaise pehchanen,roman_ur,wheat,nutrient_deficiency,Boron kami mein growth points aur grain set pe asar hota hai. Borax ya boron fertilizer soil ya foliar use karein. Soil test se confirm karwa sakte hain.
W1970,post emergence weedicide ka naam batao,roman_ur,wheat,weed_control,"Post-emergence weedicide 2,4-D (broad leaf) ya clodinafop (grass) jaisa wheat ke liye use hota hai. Bone ke 25–35 din baad chhidkain. Extension se apni jhari ke mutabiq naam puchen."
W1971,zero till se bone ka faida kya hai,roman_ur,wheat,sowing,Zero till se waqt aur diesel bachta hai; nami bachti hai. Chawal ke baad ideal hai; stubble rehne dete hain. Drill ki setting sahi karein taake beej theek place ho.
W1972,smut bimari beej se kaise bachain,roman_ur,wheat,disease,Smut se bachne ke liye certified ya saaf beej use karein. Fungicide seed treatment zaroor karein bone se pehle. Smut wali fasal ka beej dobara na use karein.
W1973,basal khaad bone par kya kya dalen,roman_ur,wheat,fertilizer,Basal par DAP 1–2 bag per acre aur urea ka hissa dalen. Potash agar soil test mein kam ho to. Nitrogen ka baqi hissa pehle pani aur tillering par topdress dein.
W1974,grain ko sukha kar store kaise karein,roman_ur,wheat,harvest,Dana patli layer mein dhoop mein sukhaen; roz palattein. Nami 12–14% tak laen phir store karein. Saaf boriyon ya bins mein rakhein; keerey se bachav karein.
W1975,procurement center kahan hai qareeb,roman_ur,wheat,market_price,Procurement center ki list food department ya agri office se lein. Online bhi mil jati hai. Qareeb wala center puchen; quality standards follow karein.
W1976,armyworm plants kaat raha hai kya spray karun,roman_ur,wheat,pest,Armyworm ke liye recommended insecticide use karein jo wheat par allow ho. Sham ko spray karein jab larvae zyada hon. Patton aur base par coverage dein.
W1977,kitni dafa pani dena hai total,roman_ur,wheat,irrigation,"Total 4–6 pani canal area mein aam tor par dena hota hai. Crown-root, tillering, booting, flowering aur grain filling par. Gap 12–20 din zameen ke hisaab se."
W1978,sulphur kami hai patte peeli ho rahe,roman_ur,wheat,nutrient_deficiency,Sulphur kami mein young patte peele hote hain. Gypsum ya sulphur fertilizer use karein. Soil test se confirm karwa lain.
W1979,tank mix urea aur weedicide ek sath chalega,roman_ur,wheat,weed_control,Tank mix sirf tab karein jab dono products ki label allow kare. Kaheen urea spray ko nuqsan pahunchati hai. Safe option alag alag spray karna hai.
W1980,seed treatment zaroori hai kaun sa fungicide,roman_ur,wheat,sowing,Seed treatment zaroori hai smut bunt se bachne ke liye. Systemic fungicide use karein jo beej ke diseases ke khilaf ho. Treatment ke baad beej shade mein sukha kar boen.
W1981,leaf blight lag rahi fungicide batao,roman_ur,wheat,disease,Leaf blight ke liye fungicide use karein jo leaf spots pe recommend ho. Jald chhidkain jab pehli daag dikhe. Resistant variety aur balanced nitrogen bhi madad karte hain.
W1982,soil test ke baad khaad ka plan kaise banayein,roman_ur,wheat,fertilizer,Soil test ke baad N P K ki recommendation aati hai. Us ke mutabiq DAP urea dose fix karein. Kam zarkhaiz zameen mein dose barhi hoti hai; zinc boron agar kam hon to add karein.
W1983,storage mein keerey lag gaye kaise marain,roman_ur,wheat,harvest,Storage keerey se bachane ke liye dana bilkul sukha store karein. Fumigation ya contact insecticide boriyon par use karein. Godown dry aur clean rakhein; check karte rahein.
W1984,quality wheat ka zyada rate kaise mile,roman_ur,wheat,market_price,Quality wheat ke liye grain saaf karein mote danay alag karein. Grading karein taake behtar rate mile. Test weight achha rakhein; storage bhi dry rakhein.
W1985,rodent khet mein nuqsan kar raha control kaise karein,roman_ur,wheat,pest,Rodent ke liye field edges saaf rakhein; burrows band karein. Poison bait safe tarike se use kar sakte hain; bachon janwaron se door. Storage bhi rodent-proof rakhein.
W1986,raiti zameen hai pani jaldi sookh jata kitni dafa den,roman_ur,wheat,irrigation,Raiti zameen mein pani jaldi sookh jata hai is liye gap kam rakhein. 10–15 din ka gap; kam pani bar bar dein. Critical stages par zaroor dein.
W1987,pre emergence miss ho gayi ab kya karein,roman_ur,wheat,weed_control,Pre emergence miss ho to post-emergence jald chhidkain jab jhariyan chhoti hon. 25–35 din after sowing. Product wheat aur jhari ki qism ke mutabiq len.
W1988,row spacing kitna rakhein drill mein,roman_ur,wheat,sowing,Row spacing aam tor par 20–25 cm rakhein drill mein. Narrow spacing se canopy jaldi close hoti hai. Local recommendation follow karein.
W1989,powdery mildew safed powder patton par ilaaj,roman_ur,wheat,disease,Powdery mildew patton par safed powder jaisa dikhata hai. Sulphur ya triazole fungicide wheat par use karein. Jald spray karein; resistant variety bhi len.
W1990,potash bhi deni chahiye kab aur kitni,roman_ur,wheat,fertilizer,Potash soil test mein kam ho to sowing par dein. Aam tor par 25–50 kg K2O per acre. Zyada tar soils mein N aur P ki kami zyada hoti hai.
W1991,threshing loss kam karne ka tareeqa,roman_ur,wheat,harvest,Threshing loss kam karne ke liye grain ko bilkul ready hone dein. Combine setting theek karein; manual ho to dheere kaatein. Garmi mein kattai avoid karein.
W1992,wheat loan kahan se milega,roman_ur,wheat,subsidy_loan,Wheat loan bank ya Kisan scheme se milta hai. Zameen ke kaghzat CNIC aur form chahiye. Agri office se scheme ki details lein.
W1993,faida mand keere bachane chahiye spray se pehle,roman_ur,wheat,pest,Faida mand keere (ladybird etc) ko bachane ke liye selective insecticide use karein. Spray sirf jab zarurat ho threshold par. Broad-spectrum avoid karein jab tak mushkil na ho.
W1994,land tayari kaise karein bone se pehle,roman_ur,wheat,sowing,Land tayari: 1–2 plough phir 2–3 harrow karein. Zameen bareek aur level karein. Bone se 1–2 haftay pehle tayari khatam karein.
W1995,pani zyada ho gaya khet mein nuqsan hoga,roman_ur,wheat,irrigation,Pani zyada hone se waterlogging ho sakti hai; jaden galti hoti hain. Turant pani nikalne ka bandobast karein. Aage pani ka gap barha kar dein.
W1996,herbicide rotate karna kyun zaroori hai,roman_ur,wheat,weed_control,Herbicide rotate is liye zaroori hai ke ek hi product bar bar use se jhariyan resistant ho jati hain. Alag alag product alternate karein. Is se long-term control behtar rehta hai.
W1997,Punjab mein gandum bone ka mahina konsa,roman_ur,wheat,sowing,Punjab mein gandum bone ka mahina late October se mid-November hota hai. Region se thora farq; agri office se exact dates puchen. Der bone se yield kam hoti hai.
W1998,karnal bunt danon pe kaala ilaaj,roman_ur,wheat,disease,Karnal bunt danon pe kaala daag aur badboo hoti hai. Certified saaf beej use karein; seed treatment zaroor karein. Infected grain beej ke liye use na karein.
W1999,FYM kitni dalen per acre,roman_ur,wheat,fertilizer,FYM 2–4 ton per acre galay hui dal sakte hain. Chemical khaad ke sath dein; chemical ki dose kam mat karein. Bone se pehle zameen mein mix karein.
W2000,moisture kitni honi chahiye store ke waqt,roman_ur,wheat,harvest,Store ke waqt nami 12–14% ya us se kam honi chahiye. Zyada nami se keerey aur fungus lagte hain. Sukha kar ke hi store karein.
W2001,kisan card se qarz kaise milega,roman_ur,wheat,subsidy_loan,Kisan card se qarz ke liye bank ya designated office mein apply karein. Zameen ke kaghzat CNIC aur form chahiye. Scheme ki details agri office se puchen.
W2002,subah spray karein ya sham chust ke liye,roman_ur,wheat,pest,Chust ke liye subah ya sham spray karein jab hawa thandi ho. Dhoop mein spray kam asar karti hai. Recommended dose use karein; patton ke niche bhi coverage dein.
W2003,cotton ke baad gandum kab boen,roman_ur,wheat,sowing,Cotton ke baad jald gandum boen late October tak. Seed rate normal rakhein; zero till drill use karein agar ho. Cotton stalks manage karein taake drill atakay na.
W2004,frost aa sakta hai wheat ko bachain kaise,roman_ur,wheat,weather_risk,Frost se bachane ke liye frost se pehle light irrigation dein taake zameen thandi na ho. Frost-prone area mein jaldi bone se bachein. Variety bhi thori resistant len.
W2005,beds par bone se pani bachta hai,roman_ur,wheat,irrigation,Beds par bone se pani furrows mein chalta hai; wastage kam hoti hai. Bed planter use karein; beej beds par ya furrow mein. Pani bachta hai aur aeration behtar hoti hai.
W2006,root rot lag rahi jaden galti ho rahi,roman_ur,wheat,disease,Root rot mein jaden galti brown black hoti hain. Drainage theek karein; waterlogging na hone dein. Resistant variety aur rotation; seed treatment bhi madad karta hai.
W2007,grass aur broad leaf dono jhariyan hain ek spray se ho jayegi,roman_ur,wheat,weed_control,Grass aur broad leaf dono hon to do alag spray kar sakte hain ya woh product len jo dono par label pe allow ho. Pehle ek qism phir doosri; label aur extension se confirm karein.
W2008,beej kitni gehrayi par bone karein,roman_ur,wheat,sowing,Beej 3–5 cm gehrayi par bone karein. Zyada gehrayi se germination late hoti hai. Nami zameen mein 3–4 cm kaafi hai.
W2009,foliar urea kab chhidkain patton par,roman_ur,wheat,fertilizer,Foliar urea tillering par chhidkain jab N kami dikhe. 2–5% solution use karein; dhoop aur tez hawa mein avoid karein. Ye supplement hai soil urea ki jagah nahi.
W2010,godaam mein dana safe kaise rakhein,roman_ur,wheat,harvest,Godaam dry aur clean rakhein; nami 12–14% se kam. Boriyon ko deewar se door rakhein. Keerey dikhein to fumigation ya treatment karein.
W2011,crop insurance kaise len wheat ke liye,roman_ur,wheat,subsidy_loan,Crop insurance bank ya company se len; premium sarkar subsidize karti hai. Nuqsan par claim file karte hain. Agri office se details lein.
W2012,selective insecticide matlab kya hai,roman_ur,wheat,pest,Selective insecticide woh hota hai jo sirf nuqsan deh keera marta hai aur faida mand keere bach jate hain. Label par target pest likha hota hai. IPM ke liye selective use karein.
W2013,stubble ke sath zero till se kaise boen,roman_ur,wheat,sowing,Stubble ke sath zero till: happy seeder ya zero till drill use karein. Seed aur khaad stubble ke beech place hota hai. Residue zyada ghana na hona chahiye.
W2014,terminal heat se bachne ka kya karein,roman_ur,wheat,weather_risk,Terminal heat se bachne ke liye waqt par boen taake grain fill garmi se pehle ho jaye. Last pani grain filling par zaroor dein. Heat tolerant variety agar ho to len.
W2015,sprinkler wheat ke liye theek hai ya nahi,roman_ur,wheat,irrigation,Sprinkler wheat ke liye theek hai khaas kar light zameen par. Pani uniform banta hai. Cost aur maintenance dekhein; chhote kisan rent par bhi use karte hain.
W2016,fusarium head blight ki pehchan kya hai,roman_ur,wheat,disease,Fusarium head blight saron par ghalat rang pink mould aur chhote danay banata hai. Resistant variety use karein; flowering par fungicide agar recommend ho. Infected grain beej ke liye na use karein.
W2017,cultural method se jhariyan kaise control karein,roman_ur,wheat,weed_control,Cultural method: line sowing sahi population timely pani crop rotation. Stale seedbed pehle jhariyan niklein phir boen. Haath se godai 25–30 din tak; clean equipment use karein.
W2018,barani area mein gandum kab boen,roman_ur,wheat,sowing,Barani area mein barish ke baad boen jab nami enough ho. Late Oct se mid-Nov aam waqt. Drought tolerant variety aur seed rate thori zyada rakhein.
W2019,4R khaad ka matlab kya hai,roman_ur,wheat,fertilizer,4R matlab Right source Right rate Right time Right place. Sahi khaad sahi dose sahi waqt par sahi jagah. Soil test se rate; basal aur split topdress; beej ke paas lekin touch na ho.
W2020,fumigation store ke andar kab karein,roman_ur,wheat,harvest,Fumigation jab storage mein keerey zyada hon ya long term store ho. Aluminium phosphide use hoti hai; safety rules zaroor follow karein. Godown band karke 5–7 din rakhein phir hawa dein.
W2021,group bechne se faida hota hai,roman_ur,wheat,market_price,Group bechne se quantity zyada hoti hai; rate negotiate behtar ho sakta hai. Cooperative join karein; terms aur payment likhwain. Buyer ko bada lot pasand aata hai.
W2022,IPM approach kya hai keeron ke liye,roman_ur,wheat,pest,IPM matlab keeron ko sirf zarurat par control karein; faida mand keere bachain. Scout karein threshold dekhein; selective insecticide use karein. Neem ya biopesticide shuru mein try kar sakte hain.
W2023,happy seeder ka istemal kaise karein,roman_ur,wheat,machinery,Happy seeder chawal ki stubble ke beech seed aur khaad place karta hai. Setting theek karein; seed rate aur depth sahi. Stubble zyada ghana na ho taake drill atakay na.
W2024,plant population kitni honi chahiye per acre,roman_ur,wheat,sowing,Plant population per acre region aur variety par depend karti hai. Aam tor par 30–40 lakh plants per acre theek hai. Seed rate aur line sowing se achieve hota hai.
W2025,garmi wheat par asar daal rahi hai,roman_ur,wheat,weather_risk,Garmi grain filling par asar dalti hai; dana chhota reh jata hai. Waqt par boen taake grain fill peak garmi se pehle ho. Last pani grain filling par zaroor dein.
W2026,supplemental irrigation barani wheat mein kab den,roman_ur,wheat,irrigation,Barani wheat mein agar 1–2 pani ka mauka ho to booting aur grain filling par dein. Ye do stages sab se critical. Residue cover aur timely sowing se nami bachayein.
W2027,viral disease patte curl ho rahe hain,roman_ur,wheat,disease,Viral disease mein patte curl aur zard hote hain. Infected plants hataen; aphid control karein taake virus na phile. Healthy seed use karein; direct ilaaj nahi hota.
W2028,organic tarike se jhariyan kaise hatain,roman_ur,wheat,weed_control,Organic tarike se: line sowing godai stale seedbed rotation. Haath se nindaai 25–30 din tak. Herbicide ke bina thori zyada mehnat lagti hai.
W2029,gypsum khari zameen par kitni dalen,roman_ur,wheat,fertilizer,Gypsum khari zameen ke liye soil test se dose aati hai. Aam tor par 1–2 ton per acre. Sowing se pehle spread karke mix karein; drainage theek rakhein.
W2030,grading karke bechein to zyada rate milega,roman_ur,wheat,harvest,Grading se grain size aur cleanliness se sort karte hain. Clean mote danay zyada rate par bikte hain. Mandi ya buyer ki standards follow karein.
W2031,commission agent se deal karte waqt kya dhyan dein,roman_ur,wheat,market_price,Commission agent se deal mein rate pehle clear karein. Weight khud dekhein; receipt lo. Payment time aur deduction likhwain. Do agents se rate compare karein.
W2032,biopesticide chust ke liye kaun si use karein,roman_ur,wheat,pest,Biopesticide neem based ya Bt jaisi wheat ke liye use hoti hai. Early stage par zyada asar. Strong attack par chemical bhi zaroori ho sakta hai.
W2033,wide row ya narrow row kaun behtar,roman_ur,wheat,sowing,Narrow row 20–25 cm zyada tar areas mein behtar yield deti hai. Wide row kam use hoti hai. Local recommendation aur drill dekhein.
W2034,climate smart wheat farming kya hoti hai,roman_ur,wheat,weather_risk,Climate smart wheat matlab aise amal jo pani bachayein mausam ke sath adjust hon. Timely sowing drought variety residue cover efficient irrigation. Long-term ke liye behtar.
W2035,community tube well se pani ka schedule kaise banayein,roman_ur,wheat,irrigation,Community tube well se pani ka schedule banaen; sab milkar fixed days fix karein. Critical stages par sab ko pani mile. Pani bachane ke liye leveling aur beds use karein.
W2036,resistant variety zang ke liye kaun si len,roman_ur,wheat,disease,Zang resistant variety list agri department ya research station se lein. Har zone ki alag recommendation hoti hai. Current rust races ke hisaab se choose karein.
W2037,mechanical weeder wheat ke liye milta hai,roman_ur,wheat,weed_control,Mechanical weeder wheat ke liye milta hai; cono weeder power weeder. Jab jhariyan chhoti hon 25–30 din tak use karein. Herbicide ke sath combine karke use karein.
W2038,green manure kaun si fasal bone se pehle,roman_ur,wheat,fertilizer,Green manure moong mash jaisi short crop 6–8 haftay uga kar galay karein. Wheat bone se 3–4 haftay pehle incorporate karein. Nitrogen aur organic matter milti hai.
W2039,condensation se dana kharab ho raha kaise bachain,roman_ur,wheat,harvest,Condensation se bachne ke liye grain bilkul sukha store karein. Godown hawa daar rakhein; boriyon ko deewar se door. Temperature change kam rakhein.
W2040,digital app se wheat bech sakte hain,roman_ur,wheat,market_price,Digital app se wheat bech sakte hain; sarkari e-mandi ya agri apps. Registration aur quality weight enter karein. Rate aur payment terms check karein.
W2041,neem spray chust par kaam karti hai,roman_ur,wheat,pest,Neem spray chust par early stage par kaam karti hai. Strong infestation par chemical insecticide zaroori ho sakta hai. Dose label par follow karein.
W2042,laser leveling bone se pehle zaroori hai,roman_ur,wheat,sowing,Laser leveling bone se pehle use karein taake pani uniform mile. Yield 5–15% barh sakta hai. Chhote kisan rent par leveler le sakte hain.
W2043,hail damage ho gaya claim kaise karein,roman_ur,wheat,weather_risk,Oala damage par crop insurance claim kar sakte hain agar policy ho. Photos lein; agri office ya company ko turant report karein. Survey ke baad compensation milti hai.
W2044,ridges par bone se pani bachta hai,roman_ur,wheat,irrigation,Ridges par bone se pani furrows mein chalta hai. Bed planter use karein; beej ridges par. Pani bachta hai aur waterlogging kam hoti hai.
W2045,black point danon pe kaala daag kyun,roman_ur,wheat,disease,Black point danon ke end par kaala daag hota hai. Timely harvest aur dry storage se bachav. Infected grain alag karein.
W2046,weed competition se yield kitna kam hoti hai,roman_ur,wheat,weed_control,Weed competition se yield 20–50% tak kam ho sakti hai. Control 25–35 din mein zaroori hai. Line sowing aur timely herbicide se bachav.
W2047,lodging aa rahi hai kaise rokain,roman_ur,wheat,fertilizer,Lodging rokne ke liye nitrogen zyada mat dein; split karein. Resistant variety use karein. Grain filling par pani zyada mat dein.
W2048,safe moisture level store ke liye kya hai,roman_ur,wheat,harvest,Safe moisture 12–14% ya us se kam. Zyada nami se keerey fungus. Moisture meter se check karein; nahi ho to grain ko dant se test karein.
W2049,warehouse receipt loan kaise kaam karta hai,roman_ur,wheat,subsidy_loan,Warehouse receipt se aap grain deposit karke receipt lete hain; us par bank se loan mil sakta hai. Rate better hone par bech kar loan chuka dete hain. Warehouse charges aur terms puchen.
W2050,threshold matlab kya hai jab spray karna zaroori ho,roman_ur,wheat,pest,Threshold matlab woh hadd jis par spray zaroori ho jati hai. Aphid ke liye aam tor par 5–10 per tiller ya ear. Extension se exact figure puchen.
W2051,germination test beej ka kaise karein,roman_ur,wheat,sowing,Germination test: 100 beej sample le kar geela kapra par 7–10 din rakhein. Kitne ugay count karein; 80%+ achha hai. Kam ho to seed rate barhaen ya naya beej len.
W2052,weather advisory kab check karein wheat ke liye,roman_ur,wheat,weather_risk,Weather advisory mausam department agri SMS ya app se check karein. Frost barish garmi hail se pehle plan karein. Critical stages par roz check karein.
W2053,border strip irrigation kya hoti hai,roman_ur,wheat,irrigation,Border strip irrigation mein field ko choti strips mein divide karte hain. Pani ek strip se doosri ko flow karta hai. Leveling zaroori hai.
W2054,mix varieties ek khet mein rust risk zyada hota hai,roman_ur,wheat,disease,Mix varieties ek khet mein agar koi susceptible ho to rust phail sakti hai. Ek hi resistant variety prefer karein. Dono len to dono resistant honi chahiye.
W2055,volunteer wheat agle fasal ke liye problem hai,roman_ur,wheat,weed_control,Volunteer wheat agle fasal ke liye weed ban jati hai; rust ka host bhi. Next sowing se pehle hataen ya spray karein. Clean harvest se volunteer kam hoti hai.
W2056,nitrogen use efficiency kaise barhayein,roman_ur,wheat,fertilizer,Nitrogen use efficiency ke liye split application karein pani ke sath dein. Right time tillering booting par dein. Soil test se dose fix karein; zyada N waste hota hai.
W2057,documents bechne ke liye kya chahiye sarkar ko,roman_ur,wheat,market_price,Sarkar ko bechne ke liye CNIC zameen ka record bank account chahiye. Procurement form aur quality standards. List food department ya agri office se.
W2058,ladybird beetle faida mand hai ya nuqsan,roman_ur,wheat,general_info,Ladybird beetle faida mand hai; ye aphid khata hai. Inhe mat maren; selective insecticide use karein. IPM mein inki ahmiyat hai.
W2059,high density sowing matlab zyada beej dalna faida hai,roman_ur,wheat,sowing,High density matlab zyada seed rate; kabhi trial se theek hota hai. Zyada tar recommended rate behtar; zyada se lodging bhi barh sakti hai. Local recommendation follow karein.
W2060,oala wheat ko nuqsan pahuncha sakta hai,roman_ur,wheat,weather_risk,Oala wheat ko nuqsan pahuncha sakta hai; patte toot jate hain. Bachav mushkil; insurance claim karein agar policy ho. Damage ke baad extra N mat dein.
W2061,rainfed wheat mein kab kab pani den agar mauka ho,roman_ur,wheat,irrigation,Rainfed wheat mein 1–2 pani agar mauka ho to booting aur grain filling par dein. Ye do stages sab se important. Residue cover se nami bachayein.
W2062,bina zehr bimari control ho sakti hai,roman_ur,wheat,disease,Bina zehr bimari control: resistant variety rotation balanced nutrition field sanitation. Fungicide ki jagah nahi le sakta lekin pressure kam karta hai. Organic options hain.
W2063,resistant jhariyan ho gayi hain ab kya karein,roman_ur,wheat,weed_control,Resistant jhariyan hon to alag mode of action wala herbicide use karein. Same product bar bar na chhidkain. Hand weeding se bachi jhariyan hataen.
W2064,cost per acre kitna aata hai gandum ki,roman_ur,wheat,general_info,Cost per acre beej khaad pani spray labour machinery; region se 25000–50000+ ho sakta hai. Apna hisab rakhein taake faida nuqsan pata rahe.
W2065,residue jalaen ya rehne dein agle fasal ke liye,roman_ur,wheat,general_info,Residue jalaen nahi; pollution aur soil nuqsan. Galay karein ya zero till se next crop boen. Mulch ke tor par bhi use hota hai.
W2066,drought tolerant variety sukhe ilaqe ke liye kaun si,roman_ur,wheat,sowing,Drought tolerant variety sukhe ilaqe ke liye agri department se list lein. Early aur stress tolerant hoti hain. Seed rate aur sowing time barani ke mutabiq.
W2067,barish zyada ho gayi waterlogging ho rahi kya karein,roman_ur,wheat,weather_risk,Barish zyada se waterlogging ho to turant drain karein. Pani nikaalen taake jaden saans le sakein. Aage drainage behtar karein.
W2068,khari pani wheat ko de sakte hain,roman_ur,wheat,irrigation,Thora khari pani use ho sakta hai agar EC limit se zyada na ho. Gypsum zameen mein dalen; drainage theek rakhein. Blend karein agar possible ho.
W2069,crop rotation bimari kam karta hai kaun si fasal gandum ke baad,roman_ur,wheat,disease,Crop rotation: wheat ke baad legume moong mash ya oilseed sarson. Non-host se disease cycle toot jati hai. 2–3 saal rotation behtar.
W2070,precision sowing matlab kya hai,roman_ur,wheat,sowing,Precision sowing matlab drill calibration se seed rate aur spacing theek. Cup roller check karein; speed constant. Field test karein taake stand uniform ho.
W2071,bhoosa mushroom ke liye use kar sakte hain,roman_ur,wheat,harvest,Bhoosa mushroom ke liye compost banate hain. Agar mushroom unit qareeb ho to bech sakte hain. Warna charay ya baling se bechna.
W2072,direct mill bechna behtar hai ya mandi,roman_ur,wheat,market_price,Direct mill kabhi behtar rate deti hai; quantity quality deal pe depend. Transport khud ya mill. Terms aur payment clear karein.
W2073,seed vigor test kya hota hai,roman_ur,wheat,sowing,Seed vigor test germination ke sath growth speed bhi dekhta hai. 100 beej 7 din mein kitne strong; 80%+ achha. Purana beej ka test karwa lain.
W2074,chhota kisaan best practices kya hain low cost,roman_ur,wheat,general_info,Chhota kisaan: certified beej recommended dose timely pani group buying. Scout karte rahein; early control sasta. Record rakhein.
W2075,wheat calendar month by month kya karein,roman_ur,wheat,general_info,Wheat calendar: Oct–Nov bone Nov–Dec first pani weed Dec–Jan topdress Jan–Feb booting Feb–Mar phool grain fill Apr–May kattai. Region se thora farq.
W2076,photo bhej kar bimari pehchan karwa sakte hain,roman_ur,wheat,general_info,Photo bhej kar extension officer ya crop clinic se bimari pehchan karwa sakte hain. Leaf dono taraf close-up aur full plant. Early pehchan se sahi ilaaj.
W2077,padosi kisan mil kar spray karein zang ke liye,roman_ur,wheat,general_info,Padosi kisan mil kar same time rust spray karein to disease phailne ka risk kam hota hai. Volunteer plants sab hata dein. Coordination se area control behtar.
W2078,salam main naya kisaan hoon gandum seekhna chahta hoon,roman_ur,wheat,greeting,Wa alaikum assalam. Main gandum ke bone se kattai tak madad kar sakta hoon. Kya poochna hai bataein.
W2079,assalam meri fasal mein masla hai madad chahiye,roman_ur,wheat,greeting,Wa alaikum assalam. Batayein aap ki fasal mein kya masla hai; main step by step bataunga. Patton pe daag keera pani khaad kuch bhi.
W2080,hello gandum ke sawal hain,roman_ur,wheat,greeting,Hello. Gandum ke sawal pooch sakte hain bone khaad pani bimari keera kattai bechne tak. Bataein kya chahiye.
W2081,bhai gandum ki bimari pe poochna tha,roman_ur,wheat,greeting,Wa alaikum assalam. Gandum ki bimari ke liye batayein kya nishaniyan hain; main fungicide ya ilaaj bataunga. Photo bhej sakte hain.
W2082,keerey bahut zyada ho gaye kaun si dawai,roman_ur,wheat,pest,Keera pehchanen chust termite armyworm; phir us ke mutabiq insecticide extension se puchen. Dose aur waqt sahi; subah sham spray. Doosri spray sirf zarurat par.
W2083,aphid saron par aa gaye insecticide kaun sa,roman_ur,wheat,pest,Aphid saron par hon to recommended insecticide use karein. Ears aur upper leaves par coverage. Cooler time spray karein.
W2084,termite jaden kha rahe hain,roman_ur,wheat,pest,Termite ke liye drainage theek karein; seed treatment insecticide se. Soil mein termite ho to termiticide affected hisse par. Purani stubble hataen.
W2085,cutworm raat ko plants kaat raha hai,roman_ur,wheat,pest,Cutworm ke liye soil surface par recommended insecticide ya bait. Sham ko spray karein; coverage base tak. Extension se product puchen.
W2086,honeydew patton par chipchipa lag raha chust hai,roman_ur,wheat,pest,Honeydew chust ki nishani hai; colony zyada hon to spray karein. Patton ke niche bhi chhidkain. Subah ya sham recommended dose.
W2087,chuha khet mein gandum kha raha hai,roman_ur,wheat,pest,Chuhe ke liye field edges clean rakhein burrows band karein. Poison bait safe use ya trap. Storage rodent-proof rakhein.
W2088,keeron ki hadd kya hoti hai spray ki,roman_ur,wheat,pest,Spray ki hadd pest par depend karti hai; aphid ke liye 5–10 per tiller. Extension se exact threshold puchen. Is par ya upar hone par spray karein.
W2089,laal bhungry faida mand hai inhe mat maren,roman_ur,wheat,pest,Ladybird faida mand hai inhe mat maren. Selective insecticide use karein taake ye bach jayein. Spray sirf threshold par karein.
W2090,mite patton par aa gaye dawai,roman_ur,wheat,pest,Mite ke liye miticide ya sulphur product wheat par use karein. Coverage achha hona chahiye. Label par wheat aur mite likha ho.
W2091,armyworm patte kha raha hai spray batao,roman_ur,wheat,pest,Armyworm ke liye labeled insecticide sham ko chhidkain. Canopy tak coverage; field edges par dhyan. Extension se product naam puchen.
W2092,pehla pani de chuke ab doosra kab den,roman_ur,wheat,irrigation,Doosra pani pehle ke 12–20 din baad tillering par. Phir booting flowering grain filling. Total 4–6 pani canal area mein.
W2093,crown root stage kab aata hai pani kab den,roman_ur,wheat,irrigation,Crown root stage bone ke 20–25 din baad aata hai. Jab 2–3 patte aur crown roots ban rahe hon. Tab pehla pani dena hai.
W2094,canal band hai pani nahi aa raha,roman_ur,wheat,irrigation,Canal band ho to tube well pond stored pani use karein. Critical stages par zaroor dein. Ridges beds se pani bachayein.
W2095,aakhri pani kattai se pehle kab den,roman_ur,wheat,irrigation,Aakhri pani grain filling par maturity se 2–3 haftay pehle. Is ke baad pani mat dein taake grain dry ho aur lodging na aaye.
W2096,tube well kam hai critical stage pe pani zaroori hai,roman_ur,wheat,irrigation,Tube well kam ho to critical stages par hi dein: booting aur grain filling sab se important. Ek do pani in par bhi fark dalti hai.
W2097,barish se khet mein pani bhar gaya drain kaise karein,roman_ur,wheat,irrigation,Barish se pani bhar gaya ho to drain turant karein. Channel ya pump se pani bahaen. Khara pani hataen taake jaden theek hon.
W2098,bed planting kaise karein pani bachane ke liye,roman_ur,wheat,irrigation,Bed planting: zameen ko beds par banayein beej beds par. Pani furrows mein dein. Bed planter use karein.
W2099,total kitni dafa pani dena hai canal area mein,roman_ur,wheat,irrigation,Total 4–6 pani canal area mein. Crown-root tillering booting flowering grain filling. Gap 12–20 din zameen ke hisaab se.
W2100,raiti zameen pani jaldi sookh jata kitni dafa den,roman_ur,wheat,irrigation,Raiti zameen mein gap 10–15 din rakhein; kam pani bar bar. Mulch ya residue se nami bachayein. Critical stages mat chhoren.
W2101,pattay zard hain nitrogen kami hai urea kab dalen,roman_ur,wheat,nutrient_deficiency,Pattay zard N kami ho to urea topdress tillering par. Pehle pani dein phir urea. Naye patton par safed lakeeren hon to zinc kami; zinc spray chhidkain.
W2102,naye patton pe peeli lakeeren zinc kami hai,roman_ur,wheat,nutrient_deficiency,Naye patton pe peeli lakeeren zinc kami. Zinc sulphate zameen mein ya foliar zinc tillering par. Repeat agar symptoms rahein.
W2103,purane patte zard ho rahe topdress kab karein,roman_ur,wheat,nutrient_deficiency,Purane patte zard N kami; topdress urea tillering par bone ke 40–50 din baad. Pani ke sath ya baad. Doosri dose booting par de sakte hain.
W2104,sulphur kami kaise pehchanen,roman_ur,wheat,nutrient_deficiency,Sulphur kami young patte peele growth kam. Gypsum ya sulphur fertilizer use karein. Soil test se confirm karwain.
W2105,boron kami wheat mein hai kaise pata chale,roman_ur,wheat,nutrient_deficiency,Boron kami growth points grain set pe asar. Borax ya boron soil ya foliar. Soil test confirm karein.
W2106,jhariyan ab bhi hain ek aur spray karun ya godai,roman_ur,wheat,weed_control,Jhariyan chhoti hon to ek aur post-emergence spray alag product se. Badi hon to godai karein. Time par control zaroori hai.
W2107,ghaas wali jhari ka kaun sa spray,roman_ur,wheat,weed_control,Grass jhari ke liye grass-selective herbicide wheat par 25–35 DAS. Dose label par. Broad leaf alag product.
W2108,broad leaf weedicide kab chhidkain dose kya,roman_ur,wheat,weed_control,"Broad leaf weedicide 25–35 din after sowing jab jhariyan chhoti hon. 2,4-D jaisa wheat ke liye approved. Hawa calm ho."
W2109,urea weedicide mix karke chhidkain to chalega,roman_ur,wheat,weed_control,Tank mix sirf tab jab dono ki label allow kare. Kaheen urea spray ko nuqsan pahunchati hai. Alag spray safe.
W2110,pre emergence miss ho gayi post emergence kab,roman_ur,wheat,weed_control,Pre emergence miss ho to post-emergence jald 25–35 DAS jab jhariyan chhoti hon. Product wheat aur weed type ke mutabiq. Dose sahi rakhein.
W2111,gandum bone ka sahi mahina konsa hai,roman_ur,wheat,sowing,Sahi mahina late October se mid-November. Region se thora farq; agri office se dates. Der bone yield kam.
W2112,December mein bone der hai kya karein,roman_ur,wheat,sowing,December sowing late hai; seed rate 5–10% barha den early variety len. Full khaad pani time par. Yield thori kam expect karein.
W2113,chawal ke baad khet kaise tayar karein gandum ke liye,roman_ur,wheat,sowing,Chawal ke baad stubble manage karein zero till ya happy seeder agar ho. Nahi to light tillage level karein. Certified beej aur treatment.
W2114,line sowing mein spacing kitna rakhein,roman_ur,wheat,sowing,Spacing 20–25 cm aam. Narrow se canopy jaldi close. Local recommendation follow karein.
W2115,zero till se bone ke faide aur nuqsan,roman_ur,wheat,sowing,Zero till faida: waqt diesel bachta nami bachti soil behtar. Nuqsan: residue manage drill setting. Chawal ke baad ideal.
W2116,beej ko fungicide se kaise treat karein,roman_ur,wheat,sowing,Seed treatment systemic fungicide smut bunt ke khilaf. Rate per kg label par. Treatment ke baad shade mein sukha kar boen.
W2117,zameen tayari bone se kitne din pehle karein,roman_ur,wheat,sowing,Land tayari bone se 1–2 haftay pehle. 1–2 plough 2–3 harrow leveling. Moisture bone ke waqt theek ho.
W2118,barani mein barish ke hisaab se kab boen,roman_ur,wheat,sowing,Barani mein barish ke baad boen jab nami enough; late Oct–mid Nov. Drought variety seed rate thori zyada. Rain pattern dekh kar.
W2119,gandum kattai ke baad cotton kab boen,roman_ur,wheat,sowing,Gandum kattai ke baad cotton April–May mein. Wheat jald kaat kar field free. Cotton preparation aur variety time par.
W2120,peeli zang pehli nishani par fungicide chhidkain,roman_ur,wheat,disease,Peeli zang pehli nishani par systemic fungicide. Coverage achha; doosri 10–14 din baad agar zarurat. Resistant variety agle saal.
W2121,kali zang stem pe aa gayi kaun si dawai,roman_ur,wheat,disease,Kali zang stem rust; systemic fungicide stem rust ke khilaf jald. Stem tak coverage. Resistant variety agle season.
W2122,loose smut agli fasal ke beej se kaise bachain,roman_ur,wheat,disease,Loose smut: certified saaf beej fungicide seed treatment. Smut wali fasal ka beej reuse na karein. Treatment ke baad sukha kar boen.
W2123,leaf blight aur zang dono hain ek spray se ho jayegi,roman_ur,wheat,disease,Leaf blight aur zang dono hon to fungicide jo dono pe label pe ho use karein. Ek spray dono control; coverage achha. Extension se product puchen.
W2124,powdery mildew safed powder ilaaj,roman_ur,wheat,disease,Powdery mildew safed powder patton par. Sulphur ya triazole fungicide wheat par. Jald spray resistant variety.
W2125,karnal bunt wala dana kaise pehchanen,roman_ur,wheat,disease,Karnal bunt danon pe kaala badboo; certified beej seed treatment. Infected grain beej ke liye na use karein. Next crop safe beej.
W2126,fungicide do spray ke beech kitne din ka gap,roman_ur,wheat,disease,Fungicide interval 10–14 din aam; label par bhi. Pressure zyada ho to 7–10 din. Mode of action rotate karein.
W2127,zang resistant variety kaun si len,roman_ur,wheat,disease,Zang resistant variety list agri department research station se. Har zone alag. Current races ke hisaab se.
W2128,root rot lag rahi jaden galti kaise pehchanen,roman_ur,wheat,disease,Root rot jaden galti brown black plant nikal jata. Drainage theek waterlogging na ho. Resistant variety rotation seed treatment.
W2129,DAP kitni bags bone par dalen per acre,roman_ur,wheat,fertilizer,DAP bone par 1–2 bag per acre. Urea split bone par thora baqi pehle pani tillering par. Total local recommendation.
W2130,nitrogen kitni dafa split karein kab kab den,roman_ur,wheat,fertilizer,Nitrogen 2–3 dafa split: basal first irrigation tillering kabhi booting. Timing dose soil target yield. Pani ke sath dein.
W2131,urea pehli aur doosri dose kab kab,roman_ur,wheat,fertilizer,Urea pehli dose sowing crown-root par doosri tillering par. Kabhi teesri booting par. Total per acre recommendation.
W2132,FYM DAP urea sath mein de sakte hain,roman_ur,wheat,fertilizer,FYM galay hui 2–4 ton chemical ke sath dein; chemical kam mat karein. Bone se pehle mix. Zameen behtar hoti hai.
W2133,kam zarkhaiz zameen mein khaad zyada dalni chahiye,roman_ur,wheat,fertilizer,Kam zarkhaiz mein dose soil test se barhaen; P K N balanced. FYM add karein. Zinc boron agar report mein kam hon.
W2134,tillering par topdress kitni urea per acre,roman_ur,wheat,fertilizer,Tillering par topdress 0.5–1 bag urea per acre. Local recommendation. Pani de kar ya baad mein dalen.
W2135,zinc boron kab den wheat mein,roman_ur,wheat,fertilizer,Zinc foliar tillering par ya deficiency dikhe; boron soil test mein kam ho to sowing par ya foliar. Dose label extension.
W2136,NPK ratio kya rakhein per acre,roman_ur,wheat,fertilizer,NPK ratio region soil par; aam 4:2:1 ya 3:1:1. Soil test se exact. P K sowing par N split.
W2137,gobar chemical ke sath kitni dein,roman_ur,wheat,fertilizer,Gobar 2–4 ton per acre galay hui; chemical ke sath chemical kam mat karein. Sowing se pehle mix.
W2138,kattai ka sahi waqt kaise pehchanen dana ready hai,roman_ur,wheat,harvest,Kattai ka waqt dana sakht ho naakhun se toot na sake bhoosa zard nami 14–15% se neeche. Thora early better than late.
W2139,combine se nuqsan kam kaise karein,roman_ur,wheat,harvest,Combine loss kam: drum concave setting theek; grain ready hone dein. Speed field ke mutabiq; thandi subah sham.
W2140,dana store karte waqt nami kitni honi chahiye,roman_ur,wheat,harvest,Store nami 12–14% ya kam; zyada se keerey fungus. Sukha kar ke boriyon mein dry jagah.
W2141,threshing mein nuqsan kam karne ka tareeqa,roman_ur,wheat,harvest,Threshing loss kam: grain ready combine setting theek; manual dheere. Garmi avoid.
W2142,bhoosa kattai ke baad kya karein,roman_ur,wheat,harvest,Bhoosa charay bechna baling mulch. Local demand dekh kar. Baler ho to bale bechna.
W2143,storage keerey se bachav kaun sa treatment,roman_ur,wheat,harvest,Storage insect: grain sukha fumigation ya contact insecticide. Regular check; keerey dikhein to treatment.
W2144,dana sukha kar store kitne din mein karein,roman_ur,wheat,harvest,Dana patli layer 3–7 din dhoop; nami 12–14%. Stir karein; shade mein final taake condensation na ho.
W2145,jaldi kattai karein ya thore din rukain,roman_ur,wheat,harvest,Early harvest grain soft yield kam. Late shattering quality kam. Right time jab grain hard ho.
W2146,boriyon mein store karein ya godown,roman_ur,wheat,harvest,Chote quantity boriyon; zyada godown. Dono dry clean rodent-proof. Quantity facility dekh kar.
W2147,support price kab announce hoti hai is saal,roman_ur,wheat,market_price,Support price sarkar har saal announce; news agri department. Procurement list food agri office. Timing wahan se.
W2148,jaldi bechein ya rate ka intezar karein,roman_ur,wheat,market_price,Jaldi bechein agar cash chahiye ya rate girne ka andaza. Rukain agar store safe rate barhne ka chance. Quality test weight theek rakhein.
W2149,aaj mandi rate kya hai,roman_ur,wheat,market_price,Mandi rate rozana mandi SMS app. Bechne se pehle same din rate. Do teen jagah compare.
W2150,quality wheat ka zyada rate kaise mile,roman_ur,wheat,market_price,Quality wheat grain saaf mote uniform grading. Test weight behtar storage dry. Buyers premium reject kam.
W2151,procurement center list kahan se milegi,roman_ur,wheat,market_price,Procurement list food department agri office Kisan helpline. Online bhi. Zone ke hisaab se.
W2152,forward contract se bechne ka faida kya hai,roman_ur,wheat,market_price,Forward contract rate fix; girne ka risk kam. Barh jaye to faida nahi. Terms payment quality clear.
W2153,test weight behtar hone se rate zyada milta hai,roman_ur,wheat,market_price,Test weight behtar rate zyada; mills premium. Grain mote saaf harvest storage theek.
W2154,cooperative se group bechne ka faida,roman_ur,wheat,market_price,Group selling quantity zyada rate negotiate. Cooperative join terms payment likhwain.
W2155,wheat crop loan kahan apply karein documents kya,roman_ur,wheat,subsidy_loan,Wheat loan bank Kisan scheme; zameen CNIC form. Agri office scheme details eligibility.
W2156,beej pe subsidy kaise milegi,roman_ur,wheat,subsidy_loan,Beej subsidy agri department; eligibility form. Quota har saal time par apply.
W2157,crop insurance claim kaise karein nuqsan par,roman_ur,wheat,subsidy_loan,Insurance claim loss report turant photos; survey form. Policy mutabiq time limit.
W2158,sood free qarz wheat ke liye kahan,roman_ur,wheat,subsidy_loan,Sood free qarz Kisan scheme bank; agri office list. Documents eligibility.
W2159,kisan card se kya benefits milte hain,roman_ur,wheat,subsidy_loan,Kisan card loan subsidy insurance; bank agri office details. Card banwane documents.
W2160,frost se wheat ko nuqsan ho gaya recovery ho sakta hai,roman_ur,wheat,weather_risk,Frost damage kuch plants recover; extra N mat. Light irrigation heavy avoid. Zyada damage insurance claim.
W2161,terminal heat se bachne ke liye kya karein,roman_ur,wheat,weather_risk,Terminal heat bachne waqt par boen last pani grain filling. Heat tolerant variety agar ho.
W2162,oala damage insurance claim kaise karein,roman_ur,wheat,weather_risk,Oala damage photos report insurance turant. Survey claim. Policy terms.
W2163,barish zyada hone se wheat ko kya nuqsan,roman_ur,wheat,weather_risk,Barish zyada waterlogging drain karein. Lodging ho to harvest jald. Next time drainage behtar.
W2164,garmi flowering par asar daal rahi hai,roman_ur,wheat,weather_risk,Garmi flowering grain fill asar dana chhota. Timely sowing last pani. Heat tolerant variety.
W2165,happy seeder use kaise karein chawal ke baad,roman_ur,wheat,machinery,Happy seeder stubble mein seed fertilizer place. Setting seed rate depth. Stubble zyada ghana na ho.
W2166,zero till drill setting kaise karein,roman_ur,wheat,machinery,Zero till calibration seed rate depth; speed constant. Field test uniform stand.
W2167,sprayer nozzle aur pressure kya rakhein wheat ke liye,roman_ur,wheat,general_info,Sprayer flat fan nozzle pressure label 2–3 bar. Height speed theek. Coverage achha drift avoid.
W2168,khet ka scout kitni dafa karein,roman_ur,wheat,general_info,Scout 7–10 din; disease pest season zyada. Rust keera jhariyan pani dekhein. Record rakhein.
W2169,normal yield per acre kitni honi chahiye,roman_ur,wheat,general_info,Yield per acre normal 35–50 maund irrigated; barani kam. Variety time khaad pani sab pe.
W2170,lodging aa rahi hai kaise rokain,roman_ur,wheat,general_info,Lodging rokne N zyada mat split. Resistant variety. Grain filling pani zyada mat.
W2171,paidawar barhane ke liye kya amal karein,roman_ur,wheat,general_info,Paidawar barhane certified beej waqt par bone balanced khaad critical pani jhariyan keera bimari control. Scout record.
W2172,gandum best practices step by step batao,roman_ur,wheat,general_info,Best practices timely sowing certified line sowing basal P K split N pani crown tillering booting flower grain fill weed 25–35 DAS rust pest threshold harvest maturity clean store.
W2173,daag aur patte sookh rahe kya bimari hai,roman_ur,wheat,disease,Daag patte sookh rust blight nutrient. Pehchanen fungicide ya N zinc. Photo bhej kar confirm.
W2174,saron pe kaala powder zang hai kya,roman_ur,wheat,disease,Saron pe kaala powder stem rust ya fungus. Systemic fungicide coverage saron. Resistant next year.
W2175,pani zyada ho gaya khet mein nuqsan,roman_ur,wheat,irrigation,Pani zyada waterlogging drain turant. Nuqsan jaden galti. Gap barha kar aage pani kam.
W2176,urea kami lag rahi kab topdress,roman_ur,wheat,fertilizer,Urea kami topdress tillering. Pehle pani ya baad. Doosri booting par. Recommendation.
W2177,jarhi booti kaun si hai kaun sa spray,roman_ur,wheat,weed_control,Jarhi booti pehchan kar grass ya broad leaf herbicide. 25–35 DAS. Dose label.
W2178,dana toot raha hai kattai ab karein,roman_ur,wheat,harvest,Dana toot raha kattai jald. Grain hard. Combine setting garmi avoid.
W2179,mandi door hai bechne ka tareeqa kya hai,roman_ur,wheat,market_price,Mandi door group sell transport share direct mill. Rate check quality saaf reject na ho.
W2180,salam khet ke sawal ke liye,roman_ur,wheat,greeting,Wa alaikum assalam. Gandum ke sawal pooch sakte hain. Kya chahiye bataein.
W2181,rabi gandum ke liye kya kya karein,roman_ur,wheat,general_info,Rabi gandum Oct–Nov bone certified khaad split pani critical jhariyan 25–35 keera bimari threshold kattai maturity saaf store.
W2182,drill se boen ya broadcast kaun behtar,roman_ur,wheat,sowing,Drill behtar uniform stand weed asaan khaad efficient. Broadcast zyada beej kam uniformity.
W2183,zang aa gaya fungicide kaun si chhidkain,roman_ur,wheat,disease,Zang systemic fungicide rust pe recommend jald. Coverage achha. Resistant variety agle saal.
W2184,DAP mehengi hai koi sasta alternative,roman_ur,wheat,fertilizer,DAP alternative SSP ya doosri P source; N urea alag. Dose soil test. Cost compare.
W2185,nehr band hai pani ka intizam kaise karein,roman_ur,wheat,irrigation,Nehr band stored pani tube well pond. Critical tillering booting grain filling. Beds ridges pani bachayein.
W2186,weedicide kab chhidkain sahi waqt kya hai,roman_ur,wheat,weed_control,Weedicide 25–35 din after sowing jhariyan chhoti. Product wheat weed type. Hawa calm.
W2187,safai karke bechein to rate behtar milega,roman_ur,wheat,harvest,Safai grading cleaning behtar rate reject kam. Grain saaf mote test weight.
W2188,support price sarkar se milegi,roman_ur,wheat,market_price,Support price sarkar announce procurement par. List food agri. Quality standards.
W2189,bhai gandum ke bare mein poochna tha,roman_ur,wheat,greeting,Wa alaikum assalam. Gandum ke bare mein kya poochna hai bimari keera khaad pani.
W2190,fasal kamzor lag rahi hai kya wajah,roman_ur,wheat,general_info,Fasal kamzor N zinc kami pani keera bimari jhariyan. Kaun sa factor ilaaj. Photo bhej kar pehchan.
W2191,barish ho gayi waterlogging kya karein,roman_ur,wheat,weather_risk,Barish waterlogging drain turant. Pani nikaalen. Recovery light topdress. Aage drainage.
W2192,beej certified len ya saved use karein,roman_ur,wheat,sowing,Certified beej tested disease-free; saved agar saaf treated to use. Smut risk saved mein zyada.
W2193,pattay curl ho rahe keera hai kya,roman_ur,wheat,pest,Pattay curl aphid ya virus. Aphid spray; virus healthy seed vector control. Infected hataen.
W2194,potash bhi deni chahiye wheat ko,roman_ur,wheat,fertilizer,Potash soil test kam to sowing par 25–50 kg K2O. Zyada tar N P kami zyada.
W2195,tube well se pani wheat ke liye kaafi hai,roman_ur,wheat,irrigation,Tube well kaafi agar 4–6 pani critical par. Gap 12–18 din. Raiti par kam gap.
W2196,tank mix weedicide urea ek sath,roman_ur,wheat,weed_control,Tank mix weedicide urea sirf label allow. Safe alag spray. Mix se damage risk.
W2197,jaldi kaat lain ya rukain,roman_ur,wheat,harvest,Grain ready kaat lain; jaldi better than late. Nami hardness check.
W2198,behtar rate kaise mile bechnay mein,roman_ur,wheat,market_price,Behtar rate quality saaf test weight rate check compare group. Quality rakhein.
W2199,assalam gandum ki rehnumai chahiye,roman_ur,wheat,greeting,Wa alaikum assalam. Gandum rehnumai bone khaad pani bimari kattai bechne. Bataein.
W2200,khet ka nuqsan keeron se ho raha hai,roman_ur,wheat,pest,Keeron se nuqsan pehchan recommended spray waqt. Threshold field sanitation.
W2201,sardi zyada thi frost ka asar pada,roman_ur,wheat,weather_risk,Sardi frost kuch recover; extra N mat. Light irrigation. Zyada damage insurance.
W2202,laser leveler bone se pehle use karein,roman_ur,wheat,sowing,Laser leveler bone se pehle pani uniform yield barhe. Rent bhi.
W2203,chipchipa patte honeydew keera chust hai,roman_ur,wheat,pest,Chipchipa honeydew chust; colony zyada spray. Patton niche coverage. Subah sham.
W2204,zinc spray kab chhidkain patton par,roman_ur,wheat,nutrient_deficiency,Zinc spray tillering ya naye patton pe safed lakeeren. Foliar zinc dose. Repeat agar rahein.
W2205,beds par boen ya flat zameen,roman_ur,wheat,irrigation,Beds par bone pani furrows wastage kam aeration behtar. Bed planter.
W2206,narrow leaf ghaas wali jhari ka spray,roman_ur,wheat,weed_control,Narrow leaf grass herbicide wheat par 25–35 DAS. Dose label. Product approved.
W2207,threshing loss kam karne ki tip,roman_ur,wheat,harvest,Threshing loss grain ready combine setting. Manual dheere. Garmi avoid.
W2208,procurement center qareeb kahan hai,roman_ur,wheat,market_price,Procurement qareeb food agri list. Online. Quality documents ready.
W2209,salam wheat help chahiye,roman_ur,wheat,greeting,Wa alaikum assalam. Wheat mein kya madad chahiye.
W2210,paidawar kam hai kya wajah ho sakti hai,roman_ur,wheat,general_info,Paidawar kam der bone beej kamzor khaad pani kami keera bimari. Kaun sa theek karein.
W2211,garmi jaldi aayi terminal heat ka asar,roman_ur,wheat,weather_risk,Terminal heat bachne waqt par bone last pani grain fill. Heat tolerant variety.
W2212,beej kitni gehrayi par bone karein,roman_ur,wheat,sowing,Beej depth 3–5 cm. Zyada gehrayi germination late. Nami 3–4 cm.
W2213,honeydew lag raha patton par chust hai,roman_ur,wheat,pest,Honeydew chust colony spray. Patton niche recommended dose. Subah sham.
W2214,sulphur kami kaise pehchanen patton se,roman_ur,wheat,nutrient_deficiency,Sulphur kami young peele growth kam. Gypsum sulphur. Soil test confirm.
W2215,pehla pani exact kab den,roman_ur,wheat,irrigation,First irrigation 20–25 din baad crown-root. Nami variety 2–3 din farq.
W2216,broad leaf spray ka dose kya hai,roman_ur,wheat,weed_control,"Broad leaf dose label 2,4-D. 25–35 DAS jhariyan chhoti. Hawa calm."
W2217,dana dry kaise karein store se pehle,roman_ur,wheat,harvest,Dana patli layer sukhaen nami 12–14%. Saaf boriyon keerey bachav.
W2218,bechne ke liye documents kya chahiye,roman_ur,wheat,market_price,Bechne documents CNIC zameen bank; procurement form quality. Mandi weight slip rate.
W2219,hello gandum sawal hai,roman_ur,wheat,greeting,Wa alaikum assalam. Wheat ka kya sawal.
W2220,stand kamzor hai plants kam hain,roman_ur,wheat,general_info,Stand kamzor seed rate kam germination ya pest. Agli bar rate treatment; is bar extra N mat.
W2221,barish pattern badla irrigation kaise manage karein,roman_ur,wheat,weather_risk,Barish pattern badla irrigation flexible; critical par hi. Drainage theek.
W2222,spacing kitna rakhein line sowing mein,roman_ur,wheat,sowing,Spacing 20–25 cm line sowing. Narrow canopy jaldi close.
W2223,chust zyada ho gaye spray zaroori hai,roman_ur,wheat,pest,Chust zyada threshold par spray zaroori. Selective coverage. Doosri waiting period dekh kar.
W2224,boron kami wheat mein hai,roman_ur,wheat,nutrient_deficiency,Boron kami growth points grain set. Borax boron soil foliar. Soil test.
W2225,do paniyon ke beech gap kitna rakhein,roman_ur,wheat,irrigation,Do paniyon gap 12–20 din zameen. Critical mat chhoren.
W2226,post emergence weedicide ka naam batao,roman_ur,wheat,weed_control,"Post emergence 2,4-D broad leaf clodinafop grass. Wheat approved. Dose label."
W2227,storage keerey ka ilaaj fumigation,roman_ur,wheat,harvest,Storage pest fumigation strong; contact spray surface. Grain sukha clean. Check.
W2228,quality wheat zyada rate kaise,roman_ur,wheat,market_price,Quality grain saaf mote grading test weight. Storage dry. Premium reject kam.
W2229,hi wheat ke liye mashwara chahiye,roman_ur,wheat,greeting,Wa alaikum assalam. Wheat mashwara bone khaad pani bimari.
W2230,crop kamzor lag rahi kya karein,roman_ur,wheat,general_info,Crop kamzor N zinc pani keera bimari check. Kaun sa ilaaj. Photo pehchan.
W2231,frost aa sakta hai wheat bachain kaise,roman_ur,wheat,weather_risk,Frost bachane pehle light irrigation. Jaldi bone avoid frost area. Resistant variety.
W2232,late sowing ke liye seed rate zyada,roman_ur,wheat,sowing,Late sowing seed rate 5–10% barha. Resistant variety full khaad pani time par.
W2233,aphid hadd kab spray karein,roman_ur,wheat,pest,Aphid threshold 5–10 per tiller extension. Subah sham coverage.
W2234,NPK total kitna dalen per acre,roman_ur,wheat,fertilizer,NPK total soil test target; aam 1.5–2 urea 1–2 DAP. P K sowing N split.
W2235,over irrigation se kya hota hai,roman_ur,wheat,irrigation,Over irrigation waterlogging root rot lodging. Gap 12–20. Critical par hi.
W2236,cultural weed control kaise karein,roman_ur,wheat,weed_control,Cultural weed line sowing population pani rotation. Hand weeding 25–30. Stale seedbed.
W2237,shattering loss kaise kam karein,roman_ur,wheat,harvest,Shattering loss sahi waqt combine setting. Garmi avoid. Grain handle.
W2238,loan wheat ke liye kahan se,roman_ur,wheat,subsidy_loan,Loan bank Kisan scheme. Zameen CNIC form. Agri office scheme.
W2239,bot gandum ke bare mein batao,roman_ur,wheat,greeting,Wa alaikum assalam. Gandum ke bare mein batao.
W2240,fasal mein problem hai bimari ya keera,roman_ur,wheat,general_info,Fasal problem bimari keera; batayein kya dikh raha. Step batata hoon.
W2241,oala damage claim kaise karein,roman_ur,wheat,weather_risk,Oala damage photos report insurance turant. Survey claim.
W2242,beej treatment zaroori hai kaun sa,roman_ur,wheat,sowing,Beej treatment zaroori smut bunt. Systemic fungicide. Shade sukha boen.
W2243,faida mand keere bachane chahiye,roman_ur,wheat,pest,Faida mand keere bachain selective spray threshold. Broad-spectrum avoid.
W2244,basal khaad bone par kya dalen,roman_ur,wheat,fertilizer,Basal DAP 1–2 bag urea hissa. Potash soil test. Baqi pehle pani tillering.
W2245,waterlogging ho gayi drain kaise karein,roman_ur,wheat,irrigation,Waterlogging drain turant. Pani nikaalen. Recovery light. Aage gap barha.
W2246,herbicide rotate karna kyun zaroori hai,roman_ur,wheat,weed_control,Herbicide rotate resistance. Alag mode action. Same bar bar na.
W2247,combine setting kaise theek karein,roman_ur,wheat,harvest,Combine setting drum concave. Grain ready. Speed field. Thandi subah sham.
W2248,subsidy beej pe kaise mile,roman_ur,wheat,subsidy_loan,Subsidy beej agri department eligibility form. Quota time apply.
W2249,agrismart gandum help chahiye,roman_ur,wheat,greeting,Wa alaikum assalam. AgriSmart gandum kya chahiye.
W2250,khet ka masla hai patte zard hain,roman_ur,wheat,general_info,Khet masla patte zard N zinc kami pani keera. Kaun theek photo.
W2251,heat wave aayi wheat ko nuqsan,roman_ur,wheat,weather_risk,Heat wave grain fill nuqsan. Waqt par bone last pani. Heat variety.
W2252,certified beej ka faida kya hai,roman_ur,wheat,sowing,Certified tested disease-free yield uniformity. Saved treated risk zyada.
W2253,ladybird dekh raha hain ye achha hai,roman_ur,wheat,general_info,Honeydew chust colony spray. Niche coverage. Subah sham dose.
W2254,foliar urea kab chhidkain,roman_ur,wheat,fertilizer,Foliar urea tillering N kami. 2–5% dhoop tez hawa avoid. Supplement.
W2255,brackish pani wheat ko de sakte hain,roman_ur,wheat,irrigation,Brackish thora EC limit na ho gypsum drainage. Blend possible.
W2256,weed se yield kitna nuqsan hota hai,roman_ur,wheat,weed_control,Weed yield 20–50% kam. Control 25–35 zaroori. Line timely herbicide.
W2257,store ke waqt moisture kitni honi chahiye,roman_ur,wheat,harvest,Storage moisture 12–14% kam. Zyada keerey fungus. Sukha store.
W2258,insurance wheat crop ka kaise len,roman_ur,wheat,subsidy_loan,Insurance bank company premium sarkar. Loss claim. Agri details.
W2259,rehnumai wheat ke liye chahiye,roman_ur,wheat,greeting,Wa alaikum assalam. Wheat rehnumai kya poochna.
W2260,paidawar barhane ke tips batao,roman_ur,wheat,general_info,Paidawar tips certified waqt bone full khaad pani jhari keera bimari time kattai. Scout record.
W2261,rainfed wheat mein pani kab kab den,roman_ur,wheat,irrigation,Rainfed 1–2 pani mauka booting grain filling. Residue timely sowing.
W2262,meri fasal mein keera lag gaya hai,roman_ur,wheat,pest,Keera lag gaya pehchan chust termite; mutabiq insecticide. Dose waqt subah sham.
W2263,gandum sawal poochna tha,roman_ur,wheat,greeting,Wa alaikum assalam. Gandum sawal poochhein.
W2264,madad chahiye gandum ki fasal ke liye,roman_ur,wheat,greeting,Wa alaikum assalam. Gandum fasal madad masla bimari keera khaad pani.
W2265,fasal mein masla hai patte sookh rahe,roman_ur,wheat,general_info,Fasal masla patte sookh rust blight pani. Pehchan photo fungicide pani.
W2266,khet ka sawal pani ke bare mein,roman_ur,wheat,irrigation,Khet sawal pani pehla 20–25 din gap 12–20. Critical crown tillering booting flower grain fill.
W2267,rehnumai chahiye bone se kattai tak,roman_ur,wheat,greeting,Rehnumai bone kattai waqt khaad split pani critical jhari keera control maturity kattai. Step poochhein.
W2268,mashwara chahiye khaad ke bare mein,roman_ur,wheat,fertilizer,Mashwara khaad DAP bone urea split pehle pani tillering. Dose soil test. Zinc boron kami.
W2269,gandum ki bimari peeli daag wali,roman_ur,wheat,disease,Gandum bimari peeli daag peeli zang. Systemic fungicide jald. Resistant agle saal.
W2270,keeron se pareshan hain kaun si dawai,roman_ur,wheat,pest,Keeron pareshan pehchan recommended threshold. Selective field clean.
W2271,pani ki kami hai tube well kam hai,roman_ur,wheat,irrigation,Pani kami critical booting grain filling. Tube well share stored. Beds bachayein.
W2272,khaad ka schedule batao urea DAP kab kab,roman_ur,wheat,fertilizer,Khaad schedule DAP sowing urea split crown first pani tillering kabhi booting. Total recommendation.
W2273,jhariyan zyada hain spray ka waqt kya hai,roman_ur,wheat,weed_control,Jhariyan zyada post 25–35 DAS chhoti. Product weed type. Dose label.
W2274,kattai jaldi karein ya rukain,roman_ur,wheat,harvest,Kattai jald grain hard. Nami check. Jaldi better late.
W2275,rate theek hai aaj bechein,roman_ur,wheat,market_price,Rate theek roz check mandi app. Bechne pehle same din. Quality saaf.
W2276,naya kisaan hoon gandum seekhna hai,roman_ur,wheat,greeting,Naya kisaan certified recommended timely pani scout. Sawal poochhein simple jawab.
W2277,is season gandum ke liye kya karein,roman_ur,wheat,general_info,Is season bone Oct–Nov first pani weed topdress rust keera check kattai maturity.
W2278,zameen tayar hai kab boen,roman_ur,wheat,sowing,Zameen tayar 1–2 haftay pehle plough harrow level. Bone late Oct–mid Nov certified treatment.
W2279,pattay sookh rahe bimari lag rahi hai kya,roman_ur,wheat,nutrient_deficiency,Pattay sookh rust blight nutrient. Pehchan fungicide N zinc. Photo confirm.
W2280,daag aa gaye patton par zang hai kya,roman_ur,wheat,disease,Daag patton zang fungicide jald. Coverage. Resistant agle saal.
W2281,saron par kaala kya bimari hai,roman_ur,wheat,disease,Saron kaala stem rust fungus. Systemic coverage saron. Resistant next.
W2282,pani zyada ho gaya khet mein,roman_ur,wheat,irrigation,Pani zyada drain turant. Nuqsan. Gap barha pani kam.
W2283,urea ki kami topdress kab karein,roman_ur,wheat,fertilizer,Urea kami topdress tillering. Pani ya baad. Doosri booting. Recommendation.
W2284,jarhi booti pehchan nahi pa rahe,roman_ur,wheat,weed_control,Jarhi pehchan grass broad leaf herbicide. 25–35 DAS. Label.
W2285,dana toot raha kattai ab karein,roman_ur,wheat,harvest,Dana toot kattai jald. Grain hard. Combine garmi avoid.
W2286,mandi door hai transport ka kharcha,roman_ur,wheat,market_price,Mandi door group transport direct mill. Rate quality reject na.
W2287,meri gandum mein keerey hain kya spray karun,roman_ur,wheat,pest,Meri gandum keerey pehchan chust termite; insecticide extension. Dose subah sham.
W2288,pehla pani kitne din baad dena chahiye,roman_ur,wheat,irrigation,Pehla pani 20–25 din baad crown-root. Baad tillering booting flower grain fill.
W2289,gandum ke patte zard kyun ho rahe,roman_ur,wheat,nutrient_deficiency,Patte zard nitrogen ya zinc. Purane zard N urea tillering. Naye safed zinc spray.
W2290,jhariyan zyada ho gayi kab spray karein,roman_ur,wheat,weed_control,Jhariyan zyada 25–35 DAS post emergence. Product weed. Dose label.
W2291,gandum bone ka behtar waqt kya hai,roman_ur,wheat,sowing,Bone behtar late Oct–mid Nov. Chawal cotton baad jald. Certified treatment.
W2292,daag aur bimari lag rahi patton pe,roman_ur,wheat,disease,Daag bimari rust blight. Pehchan fungicide jald. Resistant.
W2293,DAP urea kitni kitni per acre bone par,roman_ur,wheat,fertilizer,DAP urea bone par kitni per acre. Split pehle pani tillering. Local recommendation.
W2294,gandum kaatne ka sahi waqt kaise pehchanen,roman_ur,wheat,harvest,Kattai waqt dana sakht naakhun toot na sake bhoosa zard. Jaldi better late.
W2295,aaj kal gandum ka bhav kya hai,roman_ur,wheat,market_price,Aaj rate mandi SMS app. Bechne pehle rate. Beopari kam na.
W2296,chust patton par aa gaye insecticide kaun sa,roman_ur,wheat,pest,Chust patton recommended colony zyada. Subah sham niche. Dose label.
W2297,pehle aur doosre pani ke beech kitna gap,roman_ur,wheat,irrigation,Pehle doosre pani gap 12–20 din. Tillering phir booting flower grain fill.
W2298,zinc kami hai kaun si khaad dein,roman_ur,wheat,nutrient_deficiency,Zinc kami kaun si zinc sulphate foliar. Tillering. Repeat.
W2299,broad leaf weedicide kab chhidkain,roman_ur,wheat,weed_control,Broad leaf 25–35 DAS chhoti. Product approved. Hawa calm.
W2300,der se bone kya karein,roman_ur,wheat,sowing,Der bone seed rate barha resistant. Full khaad pani. Yield kam expect.
W2301,patton pe zang kaun si fungicide,roman_ur,wheat,disease,Peeli zang ke liye triazole systemic fungicide wheat par use karein; leaf rust ke liye bhi same. Coverage achha rakhein patton pe. Resistant variety agle saal len.
W2302,nitrogen doosri dose kab den,roman_ur,wheat,fertilizer,Nitrogen doosri dose tillering stage par den; pehle pani ke 20–25 din baad. Urea topdress local recommendation per acre. Teesri booting par de sakte hain.
W2303,dana store keerey se kaise bachain,roman_ur,wheat,harvest,Dana store keerey se bachane ke liye grain sukha karein 12–14% nami; boriyon ko fumigation ya contact insecticide. Dry clean jagah; regular check karein keerey to na hon.
W2304,sarkari procurement price kya hai,roman_ur,wheat,market_price,Sarkari procurement price har saal sarkar announce karti hai; news agri department ya food department se. Procurement center list agri office ya Kisan helpline se milega.
W2305,termite khet mein nuqsan kar raha hai,roman_ur,wheat,pest,Termite ke liye soil insecticide sowing se pehle ya seed treatment; jaden kha rahe hon to recommended termite dawai extension se puchen. Field sanitation moisture kam rakhein.
W2306,critical stages pani ke kaun kaun se hain,roman_ur,wheat,irrigation,"Critical stages pani ke: crown-root 20–25 din, tillering, booting, flowering, grain filling. In panch stages par pani na chhoren; gap 12–20 din rakhein."
W2307,zard patte nitrogen ya zinc kami,roman_ur,wheat,nutrient_deficiency,Zard purane patte nitrogen kami; naye patton pe safed lakeeren zinc kami. N ke liye urea topdress tillering; zinc ke liye foliar zinc spray. Pehchan kar ilaaj karein.
W2308,post emergence weedicide kaun sa use karein,roman_ur,wheat,weed_control,"Post emergence weedicide 25–35 DAS jab jhariyan chhoti hon; grass ke liye grass-selective broad leaf ke liye 2,4-D jaisa wheat approved. Dose label par; hawa calm ho."
W2309,beej kitna per acre dalna hai,roman_ur,wheat,sowing,Beej 40–50 kg per acre aam; raiti ya late bone par 45–55 kg. Certified beej; line sowing mein uniform. Local variety recommendation check karein.
W2310,smut bimari beej next crop ke liye kaise safe,roman_ur,wheat,disease,Smut se bachne ke liye certified beej len ya saved beej ko systemic fungicide se treat karein. Smut wali fasal ka beej reuse na karein. Treatment ke baad shade mein sukha kar boen.
W2311,urea topdress kab aur kitni,roman_ur,wheat,fertilizer,Urea topdress pehli tillering par 20–25 din baad first pani; doosri kabhi booting par. Per acre 0.5–1 bag local recommendation; pani ke sath ya baad.
W2312,kattai ke baad nami kitni honi chahiye store ke liye,roman_ur,wheat,harvest,Kattai ke baad nami 12–14% ya kam honi chahiye store ke liye. Zyada nami se keerey fungus. Dhoop mein patli layer sukha kar moisture check karein.
W2313,kahan bechein behtar rate ke liye,roman_ur,wheat,market_price,Behtar rate ke liye mandi rate roz check karein; do teen mandi compare. Quality saaf grading test weight theek; group selling ya direct mill bhi option. Procurement center bhi rate theek dete hain.
W2314,keera control IPM se kaise karein,roman_ur,wheat,pest,IPM se keera control: scout karein threshold dekhein; faida mand keerey bachayein; selective spray jab zarurat; field sanitation; resistant variety. Chemical sirf jab zarurat ho.
W2315,canal pani kam hai irrigation kaise manage karein,roman_ur,wheat,irrigation,Canal pani kam ho to critical stages par hi pani den: crown tillering booting grain filling. Stored pani tube well pond; beds furrows se wastage kam. Gap barha kar pani bachayein.
W2316,foliar spray nutrient kami ke liye kab,roman_ur,wheat,nutrient_deficiency,Foliar spray nutrient kami ke liye jab deficiency dikhe: zinc tillering par; N kami ho to 2% urea; boron sulphur soil test ke baad. Subah ya sham spray; dhoop tez avoid.
W2317,weed resistant ho gayi ab kya karein,roman_ur,wheat,weed_control,Weed resistant ho to alag mode of action wala herbicide use karein; rotation zaroori. Hand weeding ya cultural; dose barhayen mat. Extension se nayi product puchen.
W2318,zero till wheat bone ka faida kya hai,roman_ur,wheat,sowing,Zero till wheat bone ka faida: waqt diesel bachta nami bachti soil structure behtar. Chawal ke baad stubble mein direct drill. Nuqsan: residue manage drill setting theek chahiye.
W2319,leaf rust kaun si spray,roman_ur,wheat,disease,Leaf rust peeli zang ke liye triazole systemic fungicide wheat par. Pehli nishani par jald spray; coverage achha. Doosri 10–14 din baad agar zarurat. Resistant variety agle saal.
W2320,NPK balanced kitna dalen wheat ke liye,roman_ur,wheat,fertilizer,NPK balanced soil test ke hisaab se; aam 4:2:1 ya 3:1:1 N:P:K. Per acre total N P K recommendation; P K bone par N split crown tillering booting. Local agri office se exact.
W2321,combine se kattai kab karein,roman_ur,wheat,harvest,Combine se kattai jab grain sakht ho naakhun se toot na sake; bhoosa zard nami 14–15% se neeche. Field check karein; jaldi better than late. Drum concave setting theek.
W2322,wheat bechne ke tips behtar rate ke liye,roman_ur,wheat,market_price,Wheat bechne ke tips: quality saaf mote grading; test weight theek; mandi rate same din check; do jagah compare; group sell ya procurement; forward contract agar rate fix karna ho.
W2323,chust par spray kab karein,roman_ur,wheat,pest,Chust par spray jab 5–10 per tiller ya colony zyada; extension threshold. Subah ya sham spray; patton ke niche coverage. Recommended dose label par.
W2324,pehla pani wheat bone ke kab den,roman_ur,wheat,irrigation,Pehla pani wheat bone ke 20–25 din baad crown-root stage par. Nami variety thora 2–3 din pehle ya baad. Baad tillering booting flower grain fill.
W2325,boron kami symptoms kya hain,roman_ur,wheat,nutrient_deficiency,Boron kami symptoms: growth points mar jate grain set kam. Soil test se confirm; borax ya boron foliar ya soil. Young leaves pe asar.
W2326,pre emergence ya post emergence kaun sa use karein,roman_ur,wheat,weed_control,Pre emergence bone ke turant baad nami par; post 25–35 DAS jab jhariyan niklein. Dono use kar sakte; pre miss ho to post zaroor. Product weed type ke mutabiq.
W2327,gandum bone ki gehrayi aur spacing kitni,roman_ur,wheat,sowing,Gandum bone ki gehrayi 3–5 cm; spacing line 20–25 cm. Gehrayi zyada germination late; spacing narrow se canopy jaldi close.
W2328,kali zang stem rust control kaise karein,roman_ur,wheat,disease,Kali zang stem rust ke liye systemic fungicide stem rust label wala jald spray. Stem tak coverage; doosri 10–14 din. Resistant variety next season.
W2329,FYM chemical khaad ke sath de sakte hain,roman_ur,wheat,fertilizer,FYM chemical ke sath de sakte hain; galay hui 2–4 ton per acre. Chemical kam mat karein FYM ke hisaab se; dono mila kar bone se pehle. Zameen behtar hoti hai.
W2330,threshing loss kam kaise karein,roman_ur,wheat,harvest,Threshing loss kam: grain bilkul ready hone dein; combine setting drum concave theek; speed field ke mutabiq; manual ho to dheere. Garmi avoid karein.
W2331,support price aur procurement center kahan,roman_ur,wheat,market_price,Support price sarkar announce karti hai; procurement center list food department agri office Kisan helpline. Online bhi search kar sakte hain zone ke hisaab se.
W2332,natural tarike se keeron ko control kar sakte hain,roman_ur,wheat,pest,Natural tarike: faida mand keerey bachayein; neem oil garlic spray; field clean; crop rotation. Jab zyada ho to selective spray; chemical kam.
W2333,total kitni irrigations wheat ko chahiye,roman_ur,wheat,irrigation,Total irrigations 4–6 aam; critical crown tillering booting flowering grain filling. Gap 12–20 din; raiti zameen 5–6 pani. Region soil par depend.
W2334,sulphur kami wheat mein hai,roman_ur,wheat,nutrient_deficiency,Sulphur kami young patte peele growth kam. Gypsum ya sulphur fertilizer; soil test confirm. Wheat ko sulphur zaroori hai.
W2335,weedicide urea mix karke chhidkain,roman_ur,wheat,weed_control,Weedicide urea mix sirf jab label allow kare; kaheen urea spray ko nuqsan. Alag spray safe. Tank mix product extension se confirm karein.
W2336,chawal wheat rotation bone ka waqt kya hai,roman_ur,wheat,sowing,Chawal wheat rotation mein wheat bone Oct–Nov chawal kattai ke baad. Late Oct–mid Nov behtar; region se 1–2 hafta farq. Certified beej jald.
W2337,powdery mildew wheat pe kaun si dawai,roman_ur,wheat,disease,Powdery mildew safed powder ke liye sulphur ya triazole fungicide wheat par. Jald spray; coverage achha. Resistant variety agle saal.
W2338,soil test ke hisaab se khaad kaise dalen,roman_ur,wheat,fertilizer,Soil test ke hisaab se P K N dose adjust karein; report mein jo kami ho woh dalen. NPK ratio target yield; zinc boron agar kam hon. Local lab se plan banwayen.
W2339,bhoosa kattai ke baad use kaise karein,roman_ur,wheat,harvest,Bhoosa kattai ke baad charay bech sakte baling; mulch residue; animal feed. Local demand; baler ho to bale bechna. Storage dry rakhein.
W2340,crop loan wheat ke liye kahan se milega,roman_ur,wheat,subsidy_loan,Crop loan wheat ke liye bank Kisan scheme; zameen CNIC documents. Agri office scheme list eligibility. Sood free qarz bhi schemes hain.
W2341,armyworm wheat mein kya spray karun,roman_ur,wheat,pest,Armyworm ke liye recommended insecticide wheat par extension se; spray subah sham. Coverage plants pe. Threshold pe jald control karein.
W2342,over irrigation wheat ko nuqsan karti hai,roman_ur,wheat,irrigation,Over irrigation nuqsan: waterlogging root rot lodging. Gap 12–20 din rakhein; critical par hi pani. Drainage theek ho.
W2343,grass aur broad leaf dono weeds ek spray,roman_ur,wheat,weed_control,Grass aur broad leaf dono ek spray mein sirf jab tank mix label par allow ho; wheat approved dono. Warna alag spray grass phir broad leaf 25–35 DAS.
W2344,barani area gandum kab boen,roman_ur,wheat,sowing,Barani area gandum barish ke baad boen jab nami enough; late Oct–mid Nov. Drought tolerant variety; seed rate thori zyada. Rain pattern dekh kar.
W2345,karnal bunt se kaise bachain,roman_ur,wheat,disease,Karnal bunt se bachne certified beej seed treatment; infected grain beej na use. Next crop safe beej. Fungicide treatment label par.
W2346,potash wheat ko kab den,roman_ur,wheat,fertilizer,Potash wheat ko bone par de sakte hain agar soil test mein K kam; 25–50 kg K2O per acre. Zyada tar N P kami zyada hoti hai.
W2347,dana sukha kar store kaise karein,roman_ur,wheat,harvest,Dana sukha 12–14% nami; patli layer dhoop 3–7 din stir. Store clean boriyon ya godown; keerey bachav fumigation. Dry jagah.
W2348,quality wheat premium rate kaise mile,roman_ur,wheat,market_price,Quality wheat premium: grain saaf mote uniform; test weight behtar; storage dry. Grading theek; mills direct; reject kam. Quality rakhein rate behtar milega.
W2349,cutworm nuqsan kar raha control kaise karein,roman_ur,wheat,pest,Cutworm ke liye soil insecticide sowing se pehle ya early spray; extension recommended. Plants ke paas soil bhi cover. Jald control.
W2350,bed planting se pani bachta hai kaise karein,roman_ur,wheat,irrigation,Bed planting se pani furrows mein wastage kam; aeration behtar. Bed planter se bone; irrigation beds par. Pani bachta hai.
W2351,ghaas wali jhari herbicide kaun sa wheat ke liye,roman_ur,wheat,weed_control,Ghaas wali jhari ke liye grass-selective herbicide wheat par 25–35 DAS. Clodinafop jaisa; dose label. Broad leaf alag product.
W2352,wheat beej treatment ke liye kaun sa product,roman_ur,wheat,sowing,Wheat beej treatment systemic fungicide smut bunt ke liye; product label per kg rate. Treatment ke baad shade sukha boen. Certified beej behtar.
W2353,leaf blight fungicide kaun si,roman_ur,wheat,disease,Leaf blight ke liye fungicide jo leaf spot blight par wheat ke liye approved; triazole ya strobilurin. Coverage achha; jald spray. Extension se product.
W2354,micronutrient spray wheat ko kab chhidkain,roman_ur,wheat,fertilizer,Micronutrient spray zinc boron jab deficiency dikhe; tillering stage achha. Soil test ke baad; dose label. Subah sham; dhoop tez avoid.
W2355,storage safe moisture level kya hai,roman_ur,wheat,harvest,Storage safe moisture 12–14% ya kam. Zyada se keerey fungus. Sukha kar store; regular check.
W2356,forward contract wheat bechne se faida,roman_ur,wheat,market_price,Forward contract se rate fix; girne ka risk kam. Barh jaye to faida nahi milta. Terms payment quality likhwain; buyer theek ho.
W2357,rodent khet mein control kaise karein,roman_ur,wheat,pest,Rodent ke liye trap poison bait safe jagah; bachon janwar se door. Field clean storage secure. Regular check.
W2358,sprinkler wheat irrigation ke liye theek hai,roman_ur,wheat,irrigation,Sprinkler wheat ke liye theek hai; uniform pani. Cost compare canal tube well. Pressure coverage theek; evaporation kam subah sham.
W2359,herbicide rotation kyun zaroori hai,roman_ur,wheat,weed_control,Herbicide rotation resistance se bachne ke liye zaroori; same bar bar use se weed resistant ho jati. Alag mode of action rotate karein.
W2360,chawal ke baad happy seeder se kaise boen,roman_ur,wheat,sowing,Chawal ke baad happy seeder se stubble mein seed fertilizer place karein. Setting seed rate depth; speed constant. Stubble zyada ghana na ho.
W2361,root rot wheat mein kaise pehchanen,roman_ur,wheat,disease,Root rot pehchan: jaden galti brown black; plant nikal jata. Waterlogging nuqsan; drainage theek. Resistant variety rotation; seed treatment.
W2362,green manure wheat se pehle kaun si fasal,roman_ur,wheat,fertilizer,Green manure wheat se pehle mung mash jaisi short fasal; kattai galay mix. Legume N fix; soil behtar. Wheat bone se 3–4 haftay pehle.
W2363,storage keerey ka control kaun sa treatment,roman_ur,wheat,harvest,Storage keerey ka control: grain sukha clean; fumigation ya contact insecticide. Boriyon godown check; keerey dikhein to treatment. Regular dekhain.
W2364,test weight aur rate ka rishta kya hai,roman_ur,wheat,market_price,Test weight behtar grain mote saaf; rate premium mills. Kam test weight rate kam. Harvest storage theek rakhein quality ke liye.
W2365,selective insecticide matlab kya keere ke liye,roman_ur,wheat,pest,Selective insecticide matlab keera specific marta hai faida mand keerey bach jate. Broad spectrum sab keerey. Selective use karein jab possible.
W2366,farm pond pani wheat ke liye use karein,roman_ur,wheat,irrigation,Farm pond pani wheat ke liye use kar sakte hain; stored barish ka. Critical stages par; pump ya gravity. Quality check EC zyada na ho.
W2367,strip crop weed control ke liye,roman_ur,wheat,weed_control,Strip crop weed control cultural; different crops strips; weed kam. Wheat mein line sowing population bhi weed kam. Herbicide 25–35 DAS.
W2368,precision sowing wheat kaise karein,roman_ur,wheat,sowing,Precision sowing drill calibration; seed rate depth spacing theek. Speed constant; field test uniform stand. GPS agar ho.
W2369,slow rusting variety kaun si hoti hai,roman_ur,wheat,disease,Slow rusting variety wo jismein rust dheere failta; resistance durable. List research station agri department se. Zone ke hisaab se.
W2370,phosphorus kab den wheat ko,roman_ur,wheat,fertilizer,Phosphorus bone par den wheat ko; DAP SSP sowing ke sath. Root growth early ke liye zaroori. Soil test se amount.
W2371,weighbridge bechte waqt check karein,roman_ur,wheat,market_price,Weighbridge bechte waqt apna weight check karein; tare bori. Weight slip rakhein. Doosri jagah bhi verify karwa sakte.
W2372,khet scout kitni dafa karein,roman_ur,wheat,general_info,Khet scout 7–10 din mein ek dafa; season mein zyada. Disease pest weed pani sab dekhein. Record rakhein.
W2373,sukha ilaqe ke liye drought variety kaun si,roman_ur,wheat,sowing,Sukha drought ke liye drought tolerant variety list agri department se; barani area. Late sowing bhi kabhi; seed rate thori zyada.
W2374,rust race variety matlab kya hai,roman_ur,wheat,disease,Rust race variety matlab variety kis rust race ke khilaf resistant; race change ho sakta. Naye variety list research se. Resistant variety len.
W2375,phosphorus timing wheat ke liye kab,roman_ur,wheat,fertilizer,Phosphorus timing wheat ko bone par sowing ke sath; DAP SSP. Early root growth ke liye. Soil test dose.
W2376,insurance claim crop loss par kaise karein,roman_ur,wheat,subsidy_loan,Insurance claim: loss turant report photos; survey form policy mutabiq. Time limit dekhein. Agri office company se form.
W2377,salam gandum ke bare mein batayein,roman_ur,wheat,greeting,Wa alaikum assalam. Gandum ke bare mein bata sakte hain: bone khaad pani bimari keera kattai bechne. Kya poochna hai bataein.
W2378,bhai meri fasal mein keera lag gaya,roman_ur,wheat,pest,Bhai keera pehchan karein chust termite armyworm; extension se mutabiq spray. Dose subah sham; coverage achha. Field clean bhi karein.
W2379,pani kab den gandum ko pehli dafa,roman_ur,wheat,irrigation,Pehli dafa pani 20–25 din baad crown-root stage par den. Nami variety 2–3 din farq. Phir tillering booting flower grain fill.
W2380,patte zard ho rahe hain kya karun,roman_ur,wheat,nutrient_deficiency,Patte zard N kami ya zinc. Purane zard urea topdress tillering; naye pe safed lakeeren zinc spray. Pehchan kar ilaaj.
W2381,jhariyan marne ka spray kab chhidkain,roman_ur,wheat,weed_control,Jhariyan marne ka spray 25–35 DAS jab chhoti hon; post emergence. Product weed type grass ya broad leaf. Dose label; hawa calm.
W2382,gandum kab tak bo len,roman_ur,wheat,sowing,Gandum late Oct–mid Nov tak bo len; region se 1–2 hafta. Der bone seed rate barha full khaad pani. Yield thori kam expect.
W2383,bimari lag gayi patton pe daag,roman_ur,wheat,disease,Patton pe daag rust blight ho sakta; peeli zang kali zang. Systemic fungicide jald; coverage. Resistant variety agle saal.
W2384,khaad kab dalni hai urea DAP,roman_ur,wheat,fertilizer,Urea DAP: DAP bone par 1–2 bag; urea split bone par thora pehle pani tillering doosri booting. Local recommendation per acre.
W2385,kattai kab karein ready hai ya nahi,roman_ur,wheat,harvest,Kattai jab grain sakht ho naakhun se toot na sake bhoosa zard. Check karein; jaldi better than late. Nami 14–15% se neeche.
W2386,gandum ka aaj rate kya hai,roman_ur,wheat,market_price,Gandum ka aaj rate mandi SMS app news se check karein. Bechne se pehle same din rate. Do jagah compare karein.
W2387,keerey aa gaye kaun si dawai,roman_ur,wheat,pest,Keerey ke liye pehchan chust aphid termite; recommended insecticide extension. Spray subah sham; dose label. Threshold pe control.
W2388,pehla pani kab dena hai,roman_ur,wheat,irrigation,Pehla pani 20–25 din baad crown-root. Phir tillering booting flower grain fill. Gap 12–20 din.
W2389,zard patte nitrogen kami hai kya,roman_ur,wheat,nutrient_deficiency,Zard patte purane nitrogen kami; naye pe safed zinc. N ke liye urea tillering; zinc foliar spray. Pehchan karein.
W2390,weedicide kab chhidkain,roman_ur,wheat,weed_control,Weedicide 25–35 din after sowing chhidkain jab jhariyan chhoti hon. Grass ya broad leaf product; dose label. Hawa calm.
W2391,chawal ke baad gandum kab boen,roman_ur,wheat,sowing,Chawal ke baad gandum Oct–Nov boen; jald bone behtar. Certified beej treatment. Stubble zero till ya happy seeder.
W2392,zang lag gaya spray kaun si,roman_ur,wheat,disease,Zang peeli kali ke liye systemic fungicide wheat par. Pehli nishani jald; coverage. Resistant variety next year.
W2393,DAP kab dalen kitni per acre,roman_ur,wheat,fertilizer,DAP bone par 1–2 bag per acre; urea split pehle pani tillering. Local recommendation. Soil test se adjust.
W2394,dana store kaise karein keerey na lagain,roman_ur,wheat,harvest,Dana store sukha 12–14% nami; fumigation ya insecticide; clean boriyon dry jagah. Keerey check; regular dekhain.
W2395,support price kya hai,roman_ur,wheat,market_price,Support price sarkar har saal announce; news agri food department. Procurement par milti hai. List center agri office se.
W2396,termite jaden kha rahe kaise bachain,roman_ur,wheat,pest,Termite jaden ke liye soil insecticide seed treatment; recommended product. Field moisture kam; sanitation. Extension se product.
W2397,do paniyon ka gap kitna rakhein,roman_ur,wheat,irrigation,Do paniyon ka gap 12–20 din rakhein; critical stages mat chhoren. Raiti 10–15 din. Tillering booting grain fill zaroor.
W2398,zinc kami patton pe safed lakeeren,roman_ur,wheat,nutrient_deficiency,Zinc kami patton pe safed lakeeren; foliar zinc tillering par. Zinc sulphate dose label. Repeat agar rahein.
W2399,jhariyan kaise hatain,roman_ur,wheat,weed_control,Jhariyan 25–35 DAS post emergence spray se hatain; chhoti hon to. Grass broad leaf product alag. Hand weeding bhi option.
W2400,kitna beej dalna hai per acre,roman_ur,wheat,sowing,Beej 40–50 kg per acre aam; raiti late 45–55 kg. Certified line sowing. Local variety.
W2401,peeli zang fungicide kaun si,roman_ur,wheat,disease,Peeli zang triazole systemic fungicide; wheat par label. Jald spray coverage. Resistant agle saal.
W2402,urea topdress kab den,roman_ur,wheat,fertilizer,Urea topdress tillering par 20–25 din first pani ke baad; doosri booting. Per acre recommendation. Pani ke sath.
W2403,bhoosa kattai ke baad kya karein,roman_ur,wheat,harvest,Bhoosa charay bechna baling mulch; animal feed. Dry rakhein; local demand. Baler ho to bale.
W2404,mandi rate kaise check karein,roman_ur,wheat,market_price,Mandi rate rozana mandi SMS app news; bechne se pehle same din. Do teen jagah compare. Quality theek rakhein.
W2405,keeron se fasal nuqsan ho rahi,roman_ur,wheat,pest,Keeron se nuqsan pehchan threshold; recommended spray jald. Selective jab possible. Field clean.
W2406,nehr band pani kaise manage karein,roman_ur,wheat,irrigation,Nehr band kam ho to stored pani tube well pond; critical par hi. Beds furrows wastage kam. Gap barha.
W2407,urea kami kab topdress karein,roman_ur,wheat,fertilizer,Urea kami topdress tillering par; pehle pani 20–25 din baad. Doosri booting. Recommendation per acre.
W2408,broad leaf jhari ka spray kaun sa,roman_ur,wheat,weed_control,"Broad leaf jhari 2,4-D wheat approved 25–35 DAS. Chhoti jhariyan; dose label. Hawa calm."
W2409,der bone theek hai ya nahi,roman_ur,wheat,sowing,Der bone theek nahi ideal; agar ho to seed rate 5–10% barha resistant variety. Full khaad pani. Yield kam expect.
W2410,kali zang ilaaj kaun si dawai,roman_ur,wheat,disease,Kali zang stem rust systemic fungicide stem rust label. Jald coverage saron. Resistant next.
W2411,gobar khaad chemical ke sath dein,roman_ur,wheat,fertilizer,Gobar galay 2–4 ton chemical ke sath; chemical kam mat karein. Bone se pehle mix. Zameen behtar.
W2412,combine nuqsan kam kaise karein,roman_ur,wheat,harvest,Combine nuqsan kam: drum concave setting grain ready; speed theek; thandi subah sham. Loss check karein.
W2413,bechne ka behtar waqt kab,roman_ur,wheat,market_price,Bechne ka waqt rate theek ho quality ready; jaldi cash chahiye ya store. Rate compare; quality saaf rakhein.
W2414,aphid zyada ho gaye spray kab karein,roman_ur,wheat,pest,Aphid zyada 5–10 per tiller par spray karein; recommended dose. Subah sham niche coverage. Threshold extension.
W2415,crown root stage pani kab den,roman_ur,wheat,irrigation,Crown root stage pani 20–25 din baad pehla; phir tillering booting flower grain fill. Critical.
W2416,zard patte zinc ya nitrogen kami,roman_ur,wheat,nutrient_deficiency,Zard patte purane N naye pe safed zinc. N urea tillering; zinc foliar. Pehchan ilaaj.
W2417,post emergence weedicide kaun sa,roman_ur,wheat,weed_control,Post emergence 25–35 DAS grass ya broad leaf product; wheat approved. Dose label. Chhoti jhariyan.
W2418,zero till bone ka faida kya hai,roman_ur,wheat,sowing,Zero till faida waqt diesel nami bachti soil behtar. Chawal baad stubble. Drill setting residue.
W2419,smut beej se kaise bachain,roman_ur,wheat,disease,Smut se certified beej ya saved ko fungicide treatment. Smut wali beej reuse na. Treatment sukha boen.
W2420,basal khaad kya kya dalen,roman_ur,wheat,fertilizer,Basal khaad DAP 1–2 bag potash soil test; urea hissa. Baqi N pehle pani tillering booting. Recommendation.
W2421,grain sukha kar store kaise karein,roman_ur,wheat,harvest,Grain sukha 12–14% patli layer dhoop; store clean dry. Fumigation keerey. Regular check.
W2422,procurement center kahan hai,roman_ur,wheat,market_price,Procurement center list food agri office Kisan helpline; online bhi. Zone ke hisaab. Quality documents ready.
W2423,armyworm plants kaat raha kya spray,roman_ur,wheat,pest,Armyworm recommended insecticide wheat extension; spray jald. Coverage plants. Subah sham.
W2424,kitni dafa pani dena hai,roman_ur,wheat,irrigation,Kitni dafa pani 4–6 critical par; crown tillering booting flower grain fill. Gap 12–20 din.
W2425,sulphur kami kaise pehchanen,roman_ur,wheat,nutrient_deficiency,Sulphur kami young peele growth kam; gypsum sulphur. Soil test confirm. Wheat ko sulphur zaroori.
W2426,tank mix urea weedicide chalega,roman_ur,wheat,weed_control,Tank mix urea weedicide sirf label allow ho to; alag spray safe. Mix se damage risk. Extension confirm.
W2427,seed treatment kaun sa fungicide,roman_ur,wheat,sowing,Seed treatment systemic fungicide smut bunt; per kg rate label. Shade sukha boen. Certified behtar.
W2428,leaf blight fungicide batao,roman_ur,wheat,disease,Leaf blight fungicide triazole ya strobilurin wheat approved; coverage jald. Extension se product. Resistant agle.
W2429,soil test ke baad khaad plan kaise banayein,roman_ur,wheat,fertilizer,Soil test ke baad P K N dose report; kami jo ho. NPK target yield; zinc boron. Lab se plan.
W2430,storage keerey ka ilaaj kaun sa,roman_ur,wheat,harvest,Storage keerey fumigation ya contact insecticide; grain sukha clean. Boriyon check; regular. Product label.
W2431,When should I sow my crops,en,general,sowing,Sowing time depends on crop and season. Rabi crops like wheat: Oct–Nov. Kharif crops like rice cotton: May–July. Check with your local agriculture office or extension worker for exact dates in your area.
W2432,Which crop is best for my land,en,general,general_info,"Best crop depends on your soil type, water, and season. Sandy soil: pulses, maize. Clay: rice, wheat. Get soil tested and ask extension for varieties suited to your area."
W2433,How to prepare soil before sowing,en,general,general_info,"Plough 1–2 times, harrow 2–3 times, then level the field. Do this 1–2 weeks before sowing. Remove weeds and stubble. Ensure soil has enough moisture at sowing."
W2434,When to give first irrigation to any crop,en,general,irrigation,First irrigation is usually 20–25 days after sowing when crop is at crown-root stage. Exact days vary by crop and variety. Do not delay too much.
W2435,How much fertilizer per acre for crops,en,general,fertilizer,"Fertilizer per acre varies by crop and soil. General: 1–2 bag DAP at sowing, urea in splits. Get soil test and local recommendation for exact amount."
W2436,My crop has pests what to spray,en,general,pest,Identify the pest first. Then use recommended insecticide for that pest from extension. Spray in morning or evening; cover leaves. Do not over-spray.
W2437,Leaves turning yellow what is wrong,en,general,nutrient_deficiency,Yellow leaves can be nitrogen or zinc deficiency. Old leaves yellow: add urea top dress. New leaves with white streaks: zinc spray. Check water and drainage too.
W2438,When to harvest crop ready or not,en,general,harvest,Harvest when grain is hard and does not break with nail. Straw turns yellow; moisture drops. Slightly early is better than too late to avoid shattering.
W2439,Where to sell crop for better rate,en,general,market_price,Sell at mandi or procurement center. Check daily rate before selling. Compare 2–3 places. Better quality grain gets better price. Group selling can help.
W2440,Government support price for crops,en,general,market_price,Government announces support price every year. Check news or agriculture department. Procurement is done at listed centers; get list from agri office.
W2441,How to control weeds in field,en,general,weed_control,Use herbicide when weeds are small 25–35 days after sowing. Grass and broad leaf need different products. Hand weeding also works. Keep field clean.
W2442,Soil is hard how to improve,en,general,general_info,"Hard soil: add organic manure, do deep ploughing once, improve drainage. Avoid too much tillage when soil is wet. Green manure or compost helps."
W2443,Canal water less how to manage irrigation,en,general,irrigation,When canal water is less use tube well or pond. Give water only at critical stages. Use beds or furrows to save water. Increase gap between irrigations.
W2444,Which fertilizer for nitrogen deficiency,en,general,fertilizer,For nitrogen deficiency use urea. Apply as top dress when deficiency is seen. First give water then urea. Split dose is better than all at once.
W2445,Crop disease spots on leaves what spray,en,general,disease,Spots on leaves can be fungal disease. Use fungicide recommended for that crop. Spray early when first spots appear. Resistant variety next season if possible.
W2446,When to give second dose of urea,en,general,fertilizer,Second dose of urea is usually at tillering or before flowering. First dose at crown-root stage. Check crop and local recommendation for exact timing.
W2447,How to store grain without insects,en,general,harvest,Dry grain to 12–14% moisture. Store in clean dry bags or bin. Use fumigation or insecticide if needed. Check regularly for insects.
W2448,Mandi rate how to check today,en,general,market_price,"Check mandi rate on SMS service, mandi office, or agri app daily. Check same day rate before selling. Compare 2–3 mandis."
W2449,Best time for rabi crop sowing,en,general,sowing,Rabi sowing: late October to mid November for wheat; region varies. Other rabi crops: check local dates. Do not sow too late.
W2450,Best time for kharif crop sowing,en,general,sowing,Kharif sowing: May–July for rice cotton maize. Exact month depends on region and rain. Early sowing is better where possible.
W2451,Crop rotation what to plant after wheat,en,general,sowing,"After wheat you can sow rice, maize, cotton, or pulses depending on water and season. Crop rotation keeps soil healthy. Ask extension for your area."
W2452,Crop rotation what after rice,en,general,sowing,"After rice you can sow wheat, mustard, potato, or vegetables. Prepare field quickly after rice harvest. Wheat in Oct–Nov is common."
W2453,My land is sandy what to grow,en,general,general_info,"Sandy soil: grow pulses, maize, groundnut, or sorghum. Add organic matter. Irrigate more often. Avoid heavy clay-loving crops."
W2454,Clay soil which crops suit,en,general,general_info,"Clay soil: rice, wheat, sugarcane suit. Improve drainage. Do not over irrigate. Organic matter helps structure."
W2455,How many irrigations needed for crops,en,general,irrigation,"Most crops need 4–6 irrigations. Critical stages: early growth, flowering, grain filling. Gap 12–20 days depending on soil and weather."
W2456,Gap between two irrigations how many days,en,general,irrigation,Gap between irrigations: 12–20 days common. Sandy soil: shorter gap. Clay: longer gap. Do not skip critical stages.
W2457,DAP and urea when to apply,en,general,fertilizer,"DAP at sowing; urea split: some at sowing, rest at tillering or before flowering. Water after top dress. Local recommendation for amount."
W2458,Organic manure with chemical can we use,en,general,fertilizer,Yes you can use organic manure with chemical. Apply 2–4 ton FYM or compost at sowing. Do not reduce chemical dose too much; balance both.
W2459,Aphids on crop which insecticide,en,general,pest,For aphids use recommended insecticide from extension. Spray in morning or evening. Cover under leaves. Repeat if needed after 7–10 days.
W2460,Natural way to control insects,en,general,pest,"Natural control: keep field clean, use neem oil or garlic spray, encourage beneficial insects. Spray chemical only when pest crosses threshold."
W2461,Weeds resistant to spray what to do,en,general,weed_control,If weeds are resistant change herbicide to different mode of action. Rotate products. Do hand weeding if needed. Ask extension for new options.
W2462,Pre emergence or post emergence which better,en,general,weed_control,Pre emergence: right after sowing when soil has moisture. Post: when weeds are small 25–35 days. Both work; post is needed if pre is missed.
W2463,Frost damage to crop how to save,en,general,weather_risk,Frost: light irrigation before frost can help. Avoid early sowing in frost area. Resistant variety if available. Damaged crop may recover partly.
W2464,Rain too much waterlogging what to do,en,general,irrigation,Waterlogging: drain water as soon as possible. Make drains. Do not add more water. Next time improve drainage and avoid over irrigation.
W2465,Drought variety which crop,en,general,sowing,"Drought tolerant varieties exist for wheat, maize, sorghum. Ask agriculture department for list. Use slightly higher seed rate in dry area."
W2466,Seed rate per acre how much,en,general,sowing,Seed rate per acre: 40–50 kg for wheat; varies by crop. Check recommendation for your crop and variety. Slightly more if late sowing.
W2467,Seed treatment why important,en,general,sowing,Seed treatment controls seed-borne disease and some pests. Use recommended fungicide or insecticide. Treat then dry in shade before sowing.
W2468,Zero tillage benefit what is,en,general,sowing,Zero tillage saves time fuel and moisture. Sow without full ploughing. Good after rice for wheat. Need suitable drill and residue management.
W2469,When to give water first time after sowing,en,general,irrigation,First water 20–25 days after sowing for most crops. When crown-root stage. Exact days depend on crop; check recommendation.
W2470,Tube well water enough for crop,en,general,irrigation,Tube well is enough if you can give 4–6 irrigations at right time. Critical stages must get water. Store some water if supply is irregular.
W2471,Nitrogen deficiency symptoms what are,en,general,nutrient_deficiency,"Nitrogen deficiency: old leaves turn yellow, growth is slow. Add urea as top dress. Water after application."
W2472,Phosphorus deficiency how to identify,en,general,nutrient_deficiency,"Phosphorus deficiency: purple or dark leaves, poor root growth. Add DAP or SSP at sowing. Soil test confirms."
W2473,Potash when to give to crop,en,general,fertilizer,Potash give at sowing with DAP if soil test shows low K. Some crops need split. Check recommendation for your crop.
W2474,Zinc deficiency leaves white streaks,en,general,nutrient_deficiency,White streaks on new leaves are zinc deficiency. Use zinc sulphate in soil or foliar zinc spray. Repeat if symptoms remain.
W2475,Soil test how to do and when,en,general,general_info,"Soil test: take sample from field, send to lab or give to extension. Best before each season. Test every 2–3 years."
W2476,Crop loan where to get from,en,general,subsidy_loan,Crop loan from bank under Kisan scheme. Take land papers and CNIC. Agri office has list of schemes and eligibility.
W2477,Seed subsidy how to apply,en,general,subsidy_loan,Seed subsidy: apply at agriculture department. Forms and quota every season. Apply on time. Get eligibility details from agri office.
W2478,Crop insurance claim how to do,en,general,subsidy_loan,Crop insurance claim: report loss soon with photos. Survey will be done. Submit form as per policy. Keep documents.
W2479,Combine harvest when to use,en,general,harvest,Use combine when grain is fully ripe and hard. Set drum and concave correctly. Harvest in morning or evening to reduce loss.
W2480,Threshing loss how to reduce,en,general,harvest,"Reduce threshing loss: let grain ripen fully, set combine properly, speed not too high. Manual: thresh gently."
W2481,Moisture level for safe storage,en,general,harvest,Safe moisture for storage 12–14% or less. Higher moisture brings insects and fungus. Dry in sun in thin layer then store.
W2482,Better price tips for selling crop,en,general,market_price,Better price: keep grain clean and well graded. Good test weight. Check rate before selling. Sell in group if possible. Avoid selling in rush.
W2483,Procurement center where is,en,general,market_price,Procurement center list from food department or agriculture office. Also on Kisan helpline. Check for your zone.
W2484,Quality grain how to get premium rate,en,general,market_price,"Premium rate: clean uniform grain, good test weight. Dry and store properly. Grade well. Some mills pay more for quality."
W2485,Termite in field how to control,en,general,pest,Termite: use soil insecticide at sowing or seed treatment. Improve drainage. Remove old stubble. Ask extension for product.
W2486,Cutworm damaging plants what spray,en,general,pest,Cutworm: use soil insecticide at sowing or early spray. Cover base of plants. Control when damage is first seen.
W2487,Fungicide for leaf spots which one,en,general,disease,Leaf spots: use fungicide recommended for that crop. Spray when first spots appear. Good coverage. Resistant variety next time.
W2488,Root rot how to identify and control,en,general,disease,"Root rot: roots turn brown or black, plant dies. Improve drainage; avoid waterlogging. Resistant variety and rotation help."
W2489,Over irrigation harms crop is it true,en,general,irrigation,"Yes over irrigation causes waterlogging, root rot, lodging. Keep gap 12–20 days. Water only when needed at critical stages."
W2490,Sprinkler good for crops or not,en,general,irrigation,Sprinkler is good for uniform water and saving. Use in morning or evening. Pressure and nozzle should be correct.
W2491,Drip irrigation for field crops,en,general,irrigation,Drip irrigation saves water and gives uniform moisture. Good for vegetables and some field crops. Cost and maintenance to be considered.
W2492,Bed planting saves water how,en,general,irrigation,"Bed planting: water runs in furrows, less waste. Better aeration. Need bed planter. Saves 20–30% water in many cases."
W2493,FYM how much per acre,en,general,fertilizer,FYM 2–4 ton per acre well rotten. Apply before sowing with chemical. Do not reduce chemical dose much. Mix in soil.
W2494,Compost how to make and use,en,general,fertilizer,"Compost: pile crop residue, leaves, dung; keep moist; turn. Ready in 2–3 months. Use 2–4 ton per acre before sowing."
W2495,Green manure which crop before sowing,en,general,fertilizer,"Green manure: grow mung, mash or sesbania before main crop. Cut and mix 3–4 weeks before sowing. Adds nitrogen and organic matter."
W2496,Micronutrient spray when to give,en,general,fertilizer,"Micronutrient spray when deficiency is seen: zinc, boron, etc. Foliar at tillering or before flowering. Dose on label. Morning or evening spray."
W2497,Herbicide rotation why important,en,general,weed_control,Herbicide rotation prevents weed resistance. Use different mode of action each season. Same product again and again makes weeds resistant.
W2498,Grass and broad leaf weed one spray,en,general,weed_control,One spray for both only if product label allows tank mix for that crop. Otherwise spray grass herbicide then broad leaf separately.
W2499,Scouting field how often to do,en,general,general_info,Scout field every 7–10 days in season. Check pest disease weed and water. More often when problem is seen. Keep record.
W2500,Best practices for higher yield,en,general,general_info,"Best practices: good seed, timely sowing, balanced fertilizer, water at critical stages, control weed and pest. Scout and follow recommendation."
W2501,When is kharif season start,en,general,sowing,Kharif season starts May–June with first rain. Sowing from May to July depending on crop and region.
W2502,When is rabi season start,en,general,sowing,Rabi season starts October–November. Wheat sowing late Oct–mid Nov. Other rabi crops around same time.
W2503,Late sowing what to do,en,general,sowing,"Late sowing: use slightly more seed, choose early or tolerant variety. Give full fertilizer and water on time. Yield may be less."
W2504,Seed depth how much for sowing,en,general,sowing,Seed depth 3–5 cm for most crops. Too deep delays germination. Moisture should be at that depth.
W2505,Line sowing better than broadcast,en,general,sowing,"Line sowing is better: uniform stand, less seed, easy weeding and harvest. Broadcast uses more seed and is uneven."
W2506,First irrigation timing for any crop,en,general,irrigation,First irrigation 20–25 days after sowing for most crops. When plants have 2–3 leaves and crown-root stage.
W2507,Critical stages when crop needs water,en,general,irrigation,"Critical stages: early growth, tillering, flowering, grain or fruit filling. Do not skip water at these stages."
W2508,Farm pond water use for irrigation,en,general,irrigation,Farm pond water can be used. Store rain water. Use at critical stages. Check quality if water is brackish.
W2509,Saline soil which crops can grow,en,general,general_info,"Saline soil: barley, wheat some varieties, cotton, sorghum can tolerate. Improve drainage. Gypsum if needed. Soil test first."
W2510,Soil pH how to check and improve,en,general,general_info,Soil pH: test at lab. Below 6 add lime; above 8 improve drainage and use gypsum. Organic matter helps.
W2511,Drainage poor how to improve,en,general,general_info,"Poor drainage: make drains, level field, avoid over irrigation. Add organic matter. Laser leveling helps where possible."
W2512,NPK ratio what for different crops,en,general,fertilizer,NPK ratio varies by crop. Wheat 4:2:1; rice 3:1:1 roughly. Soil test gives exact. P and K at sowing; N in splits.
W2513,Basal dose what to apply at sowing,en,general,fertilizer,"Basal dose: DAP or SSP for P, some K if needed. Little N. Full dose as per soil test and crop."
W2514,Top dressing when and how much,en,general,fertilizer,"Top dressing: first at tillering, second before flowering. Urea common. Amount from recommendation. Water after application."
W2515,Insect pest threshold when to spray,en,general,pest,Spray when pest crosses threshold: e.g. 5–10 aphids per plant. Extension gives threshold. Do not spray too early.
W2516,IPM what is and how to do,en,general,pest,"IPM: scout, use threshold, prefer natural control, spray only when needed. Keep field clean. Resistant variety. Saves cost and environment."
W2517,Selective insecticide meaning what,en,general,pest,Selective insecticide kills only target pest; beneficial insects survive. Broad spectrum kills all. Use selective when available.
W2518,Rodent in field how to control,en,general,pest,Rodent: use trap or poison bait in safe place. Keep grain and field clean. Protect from children and animals.
W2519,Leaf blight which fungicide,en,general,disease,Leaf blight: use fungicide with triazole or strobilurin for that crop. Spray when first seen. Good coverage.
W2520,Powdery mildew which spray,en,general,disease,Powdery mildew: sulphur or triazole fungicide. Spray when white powder appears. Resistant variety next season.
W2521,Seed borne disease how to avoid,en,general,disease,Use certified or treated seed. Do not use seed from diseased crop. Seed treatment with fungicide. Clean storage.
W2522,Resistant variety what does it mean,en,general,disease,Resistant variety does not get that disease or gets less. List from research station. Change variety if disease is common.
W2523,Harvest time how to know crop ready,en,general,harvest,"Crop ready: grain hard, straw yellow, moisture down. Thumbnail test for grain. Slightly early better than late."
W2524,Early harvest loss or not,en,general,harvest,"Early harvest: grain not full, yield less. Only if you have to save crop from pest or weather. Wait for right time when possible."
W2525,Grain drying how to do properly,en,general,harvest,Dry grain in thin layer in sun 3–7 days. Stir. Moisture 12–14%. Cool before storing. Avoid condensation in store.
W2526,Straw after harvest what to do,en,general,harvest,"Straw: use as fodder, sell, or mulch. Baling if baler available. Do not burn; use for compost or animal."
W2527,Sell when rate high or store,en,general,market_price,Sell when you need cash or when rate is good. Store if you have safe place and expect higher rate. Check market trend.
W2528,Forward contract for crop selling,en,general,market_price,Forward contract: fix price before harvest. Less risk if price falls. No gain if price rises. Clear terms and payment.
W2529,Test weight and rate relation,en,general,market_price,"Higher test weight means better grain; mills pay more. Improve by good variety, harvest at right time, proper storage."
W2530,Weighbridge check when selling,en,general,market_price,"Check weighbridge when selling: correct weight, no cheating. Keep weight slip. Can verify at another weighbridge."
W2531,Hail damage crop what to do,en,general,weather_risk,Hail damage: report for insurance. Photos. Do not add extra N. Light irrigation if soil is dry. Crop may partly recover.
W2532,Heat wave at flowering crop damage,en,general,weather_risk,Heat at flowering: less grain. Timely sowing and last irrigation at grain fill help. Heat tolerant variety if available.
W2533,Rainfed area when to sow,en,general,sowing,Rainfed: sow when soil has enough moisture after rain. Often late Oct for rabi; May–June for kharif. Use drought variety.
W2534,Multiple crops same year possible,en,general,sowing,"Two crops per year possible: e.g. wheat after rice, maize then potato. Depends on water and season length. Plan with extension."
W2535,Intercropping benefit what is,en,general,general_info,Intercropping: two crops together use space and nutrients better. e.g. maize with bean. Plan spacing and harvest.
W2536,Laser leveling benefit for field,en,general,general_info,"Laser leveling: even field, less water, better yield. Hire or rent. One time cost. Good for irrigation efficiency."
W2537,Tractor for land preparation,en,general,machinery,"Tractor: 1–2 ploughing, 2–3 harrowing, then level. When soil is not too wet. Prepare 1–2 weeks before sowing."
W2538,Sprayer nozzle which type best,en,general,machinery,Flat fan nozzle for most sprays. Pressure 2–3 bar. Height and speed even. Reduces drift and gives good coverage.
W2539,Drill calibration for sowing,en,general,machinery,Calibrate drill: set seed rate and depth. Check on sheet. Uniform speed. Test in field for stand.
W2540,Hello I have question about farming,en,general,greeting,"Assalam o alaikum. You can ask about sowing, irrigation, fertilizer, pest, disease, harvest, or selling. What do you need?"
W2541,Salam need advice on crops,en,general,greeting,"Assalam o alaikum. Tell me your crop and problem: sowing, water, fertilizer, pest, disease, or market. I will guide."
W2542,Which month to plant cotton,en,general,sowing,Cotton: sow April–May when temperature is warm. Region varies. Early sowing better where bollworm is high.
W2543,Which month to plant maize,en,general,sowing,Maize: kharif May–June; spring Feb–March. Depends on region. Avoid very late sowing.
W2544,Which month to plant sugarcane,en,general,sowing,Sugarcane: Feb–March planting. Ratoon after harvest. Full water and fertilizer needed.
W2545,Which month to plant potato,en,general,sowing,Potato: Oct–Nov in plains; Feb–March in hills. Cool weather crop. Good soil and water needed.
W2546,Which month to plant onion,en,general,sowing,Onion: Oct–Nov for rabi; Feb for spring. Can do in both seasons. Seed or sets.
W2547,Which month to plant tomato,en,general,sowing,Tomato: Feb–March spring; July–Aug monsoon. Avoid peak heat. Staking and spray for disease.
W2548,Which month to plant chili,en,general,sowing,Chili: Feb–March or July–Aug. Warm crop. Need good drainage and spray for virus.
W2549,Which month to plant sunflower,en,general,sowing,Sunflower: Feb–March spring; July kharif. Short duration. Good for rotation.
W2550,Which month to plant chickpea,en,general,sowing,Chickpea: Oct–Nov rabi. Rainfed or one irrigation. Avoid late sowing.
W2551,Water requirement for cotton,en,general,irrigation,Cotton needs 6–8 irrigations. Critical: flowering and boll formation. Gap 10–15 days. Drip or furrow saves water.
W2552,Water requirement for maize,en,general,irrigation,"Maize needs 6–8 irrigations. Critical: knee high, tasseling, grain fill. Gap 10–14 days. Sensitive to drought at flowering."
W2553,Water requirement for sugarcane,en,general,irrigation,Sugarcane needs regular water throughout. 15–20 irrigations. Most in summer. Stop before harvest.
W2554,Fertilizer for cotton how much,en,general,fertilizer,"Cotton: 2–3 bag DAP, 3–4 bag urea per acre in splits. More in better soil. Boron and zinc if deficient."
W2555,Fertilizer for maize how much,en,general,fertilizer,"Maize: 1–2 bag DAP, 2–3 bag urea per acre. Full at sowing, top dress at knee high and tasseling."
W2556,Fertilizer for rice how much,en,general,fertilizer,"Rice: 1–2 bag DAP, 2–3 bag urea. Split N at tillering and panicle. Zinc in many areas."
W2557,Major pests of cotton,en,general,pest,"Cotton pests: bollworm, aphid, whitefly. Use recommended insecticide at threshold. Bt cotton reduces bollworm."
W2558,Major pests of maize,en,general,pest,"Maize pests: stem borer, aphid, armyworm. Spray when damage seen. Resistant variety and clean field help."
W2559,Major diseases of rice,en,general,disease,"Rice diseases: blast, blight, sheath blight. Resistant variety. Fungicide when needed. Seed treatment."
W2560,Major diseases of potato,en,general,disease,"Potato diseases: late blight, virus. Fungicide for blight. Certified seed. Rotate crop."
W2561,Weed control in rice field,en,general,weed_control,Rice weeds: pre or post emergence herbicide. Hand weeding 25–35 days. Keep field flooded as per practice.
W2562,Weed control in maize field,en,general,weed_control,Maize weeds: atrazine or post emergence. 25–35 days after sowing when weeds small. Hand weeding also.
W2563,Rice harvest when to cut,en,general,harvest,Rice: harvest when 80% grain is ripe. Straw yellow. Moisture 20–25%. Combine or manual.
W2564,Cotton picking when to start,en,general,harvest,Cotton: pick when bolls open. Pick in intervals. Do not leave open boll long. Store in dry place.
W2565,Maize harvest time,en,general,harvest,Maize: harvest when grain is hard and black layer forms. Usually 90–120 days. Combine or hand.
W2566,Cotton rate today mandi,en,general,market_price,Cotton rate: check mandi SMS or market. Varies daily. Quality and staple length affect price.
W2567,Rice rate today mandi,en,general,market_price,Rice rate: check mandi or procurement. Quality and variety. Government procurement in season.
W2568,Maize rate today mandi,en,general,market_price,Maize rate: check local mandi. Used for feed and industry. Price varies by season.
W2569,Soil preparation for kharif,en,general,general_info,"Kharif preparation: after rabi harvest, plough, harrow, level. Remove weeds. Ready by May–June."
W2570,Soil preparation for rabi,en,general,general_info,"Rabi preparation: after kharif, one or two ploughing, harrow, level. Timely for wheat Oct–Nov."
W2571,Ploughing how many times needed,en,general,general_info,Ploughing 1–2 times enough for most crops. Deep plough once a year if soil is hard. Then harrow.
W2572,Harrowing when to do,en,general,general_info,Harrowing after ploughing to break clods and level. 2–3 passes. When soil is not too wet.
W2573,Land leveling why important,en,general,general_info,"Level field so water spreads evenly. Less waste, better stand. Laser leveler best; manual also possible."
W2574,Certified seed benefit what,en,general,sowing,"Certified seed: tested, pure, good germination. Less disease. Worth the cost for yield and quality."
W2575,Saved seed when can use,en,general,sowing,Saved seed: use if from healthy crop and treat with fungicide. Do not use if disease was in crop.
W2576,Seed storage how to keep safe,en,general,sowing,Store seed in dry cool place. In bags or bin. Treat before next season. Keep away from insects.
W2577,Germination poor what to do,en,general,sowing,"Poor germination: check seed quality, depth, moisture. Re-sow if gap is large. Use certified next time."
W2578,Plant population per acre ideal,en,general,sowing,Plant population: wheat 40–50 plants per sq m; maize 6–7 per sq m. Varies by crop. Check recommendation.
W2579,Spacing between plants how much,en,general,sowing,Spacing: wheat 20–25 cm row; maize 60–75 cm. Depends on crop and variety. Uniform spacing better.
W2580,Flood damage crop recovery,en,general,weather_risk,Flood: drain water soon. Light top dress when dry. Next time improve drainage and bunds.
W2581,Wind damage lodged crop,en,general,weather_risk,"Lodging: harvest early if possible. Next time less N, resistant variety. Support not practical in field."
W2582,Cold injury to young plants,en,general,weather_risk,Cold injury: avoid very early sowing in cold area. Light irrigation before frost. Resistant variety if available.
W2583,Boron deficiency symptoms,en,general,nutrient_deficiency,"Boron deficiency: growth points die, poor grain set. Add borax or boron. Soil test confirms."
W2584,Sulphur deficiency symptoms,en,general,nutrient_deficiency,"Sulphur: young leaves pale, growth slow. Use gypsum or sulphur fertilizer. Yellow in mustard often sulphur."
W2585,Iron deficiency in crop,en,general,nutrient_deficiency,Iron deficiency: young leaves yellow between veins. Foliar iron or improve drainage. Common in high pH.
W2586,Magnesium deficiency signs,en,general,nutrient_deficiency,Magnesium: old leaves yellow from edge. Epsom salt or magnesium in fertilizer. Soil test.
W2587,Foliar spray when to give,en,general,fertilizer,"Foliar spray when soil application is late or deficiency is seen. Zinc, urea, micronutrients. Morning or evening."
W2588,Urea spray on leaves safe or not,en,general,fertilizer,Urea spray on leaves: 2% can be used as supplement. Not substitute for soil N. Avoid in hot sun.
W2589,Tank mix fertilizer with pesticide,en,general,weed_control,Tank mix only if both labels allow. Some mixes damage crop. Safer to spray separately. Ask extension.
W2590,Post emergence spray timing,en,general,weed_control,Post emergence spray when weeds are small 25–35 days after sowing. Product as per weed type. Calm weather.
W2591,Broad leaf weed which herbicide,en,general,weed_control,"Broad leaf: 2,4-D or similar for that crop. Check crop safety. Dose on label. When weeds small."
W2592,Grass weed which herbicide,en,general,weed_control,"Grass weed: grass-specific herbicide for that crop. Clodinafop, quizalofop etc. Dose and timing on label."
W2593,Hand weeding when to do,en,general,weed_control,Hand weeding when 25–35 days old. Before weeds seed. Second weeding if needed. Cheaper if labour available.
W2594,Stale seedbed for weed control,en,general,weed_control,"Stale seedbed: prepare field, let weeds grow, kill with spray or light tillage. Then sow. Reduces weed load."
W2595,Storage insect control which treatment,en,general,harvest,Storage insects: fumigation or contact insecticide. Grain must be dry and clean. Follow safety. Repeat if needed.
W2596,Fumigation for grain when needed,en,general,harvest,Fumigation when insects are inside grain. Seal store; use recommended fumigant. Ventilate after. Professional help better.
W2597,Safe moisture for wheat storage,en,general,harvest,Wheat storage moisture 12–14% or less. Dry in sun. Store in clean dry place. Fumigate if insects seen.
W2598,Safe moisture for rice storage,en,general,harvest,Rice storage: dry to 12–14%. Same as wheat. Parboiled keeps longer. Protect from moisture.
W2599,Bag storage or bulk which better,en,general,harvest,"Bags: easy to handle and sell. Bulk: need bin, less labour. Both ok if dry and protected from pest."
W2600,Government procurement for which crops,en,general,market_price,"Government procurement: wheat, rice, cotton sometimes. List from food department. Quality standards apply."
W2601,Kisan card what benefits,en,general,subsidy_loan,"Kisan card: identity, loan, subsidy, insurance linked. Apply at bank or agri office. Documents as required."
W2602,Interest free loan for farmers,en,general,subsidy_loan,Interest free loan: government scheme for farmers. Bank and agri office. Eligibility and limit as per scheme.
W2603,Subsidy on fertilizer how to get,en,general,subsidy_loan,Fertilizer subsidy: through dealer or scheme. Keep identity and land record. Quota as per policy.
W2604,Subsidy on machinery,en,general,subsidy_loan,"Machinery subsidy: on purchase of tractor, drill, etc. Apply through agri or bank. Scheme and amount vary."
W2605,Insurance premium for crop,en,general,subsidy_loan,Crop insurance premium: part paid by government. Rest by farmer. Sum insured and crop. Details from company or agri office.
W2606,New farmer where to get advice,en,general,general_info,"New farmer: contact extension worker, agri department, or helpline. Join training. Start with one crop and learn."
W2607,Extension worker contact where,en,general,general_info,Extension worker: at agriculture department or field office. Helpline number often on board. Visit or call.
W2608,Agriculture department helpline,en,general,general_info,"Agriculture helpline: number from agri department or Kisan portal. Call for advice, complaint, or scheme info."
W2609,Weather forecast for farming,en,general,weather_risk,"Weather: check forecast before spray and harvest. Plan irrigation. Frost and hail warning help. Radio, SMS, app."
W2610,When to irrigate after rain,en,general,irrigation,After rain: if soil is wet wait. If crop needs water and rain was less give irrigation. Check field.
W2611,Brackish water for irrigation,en,general,irrigation,Brackish water: use if EC is not too high. Mix with good water if possible. Gypsum and drainage help. Test water.
W2612,Mulch to save soil moisture,en,general,irrigation,"Mulch: straw or plastic on soil saves moisture, reduces weed. After sowing. Remove or leave as per crop."
W2613,Residue management after harvest,en,general,harvest,"Residue: leave on surface for zero till, or incorporate. Do not burn. Happy seeder uses residue. Compost if possible."
W2614,Burning crop residue good or bad,en,general,general_info,"Burning residue: bad for soil and air. Loss of organic matter. Use for mulch, compost, or incorporate."
W2615,Zero burn alternative what,en,general,general_info,"Zero burn: use happy seeder, incorporate, or remove residue. Government discourages burning. Penalty in some areas."
W2616,Happy seeder what is,en,general,machinery,Happy seeder: drill that sows in standing stubble. No burn. Saves time and moisture. For wheat after rice.
W2617,Ridge planting for which crops,en,general,sowing,"Ridge planting: for potato, sugarcane, some vegetables. Better drainage and earthing up. Ridge maker or manual."
W2618,Furrow irrigation how to do,en,general,irrigation,Furrow irrigation: water in furrows between rows. Less than flood. Level field needed. Saves water.
W2619,Flood irrigation problem,en,general,irrigation,"Flood irrigation: more water use, some runoff. Where water is plenty. Beds and furrows better where water is less."
W2620,Deficiency in soil how to know,en,general,nutrient_deficiency,"Deficiency: soil test and leaf symptoms. Yellow, purple, spots. Extension can help identify. Then add right nutrient."
W2621,Leaf sample for nutrient test,en,general,nutrient_deficiency,"Leaf sample: take from same stage plants, healthy and affected. Send to lab or extension. Guides fertilizer."
W2622,Soil health card what is,en,general,general_info,Soil health card: record of soil test result and recommendation. From government scheme. Use for fertilizer decision.
W2623,Organic farming possible for me,en,general,general_info,"Organic farming: possible but needs more labour and time. Compost, green manure, bio pesticide. Market for organic produce."
W2624,Mixed farming benefit,en,general,general_info,Mixed farming: crop and livestock together. Fodder from crop; manure for field. Income from both.
W2625,Livestock with crop farming,en,general,general_info,"Livestock with crop: cattle, goat, poultry. Manure for field. Crop residue as fodder. Balanced plan."
W2626,Pesticide safety how to spray,en,general,pest,Spray safety: wear mask and gloves. Do not eat or smoke. Wash after. Keep away from children and animals. Follow label.
W2627,Waiting period after pesticide spray,en,general,pest,Waiting period: days between last spray and harvest. On pesticide label. Do not harvest before that. Safe for consumer.
W2628,Harvest after spray how many days,en,general,pest,Harvest after spray: wait for waiting period on label. 7–21 days common. Depends on pesticide and crop.
W2629,Bio pesticide what is,en,general,pest,"Bio pesticide: from plant or microbe. Safer than chemical. Neem, Bt, etc. Use as per recommendation."
W2630,Neem oil for insect control,en,general,pest,Neem oil: mix and spray as per dose. Repels and kills some insects. Safe. Repeat after 7–10 days if needed.
W2631,mujy fasal kab kasht karni chahiye,roman_ur,general,sowing,Fasal kasht ka waqt crop aur mausam par depend karta hai. Rabi faslen Oct–Nov; kharif May–July. Apne ilaqe ki tarikh agri office ya extension se puchen.
W2632,meri zameen ke liye kaun si fasal achi hai,roman_ur,general,general_info,"Zameen ki qisam, pani aur mausam dekh kar fasal chunein. Reti zameen: dalen makki. Chikni: chawal gandum. Zameen test karwain; extension se mutabiq variety len."
W2633,bone se pehle zameen ki tayari kaise karein,roman_ur,general,general_info,"Bone se 1–2 haftay pehle 1–2 jot, 2–3 sulah, phir level karein. Jhariyan aur purani fasal hataen. Bone ke waqt nami theek ho."
W2634,kisi bhi fasal ko pehla pani kab den,roman_ur,general,irrigation,Pehla pani aksar bone ke 20–25 din baad jab crown-root stage ho. Crop se farq hota hai. Zyada der mat karein.
W2635,ek acre mein kitna khaad dalna chahiye,roman_ur,general,fertilizer,"Per acre khaad crop aur zameen par; aam 1–2 bag DAP bone par, urea split. Soil test aur local recommendation se miqdar len."
W2636,meri fasal mein keera lag gaya kya chhidkain,roman_ur,general,pest,Pehle keera pehchanen phir us ke mutabiq extension se recommended insecticide len. Subah ya sham chhidkain; patton par coverage. Zyada mat chhidkain.
W2637,patte zard ho rahe hain kya masla hai,roman_ur,general,nutrient_deficiency,Zard patte nitrogen ya zinc kami se ho sakte hain. Purane zard hon to urea topdress; naye par safed lakeeren hon to zinc spray. Pani bhi theek rakhein.
W2638,fasal kaatne ka sahi waqt kaise pata chale,roman_ur,general,harvest,Jab dana sakht ho naakhun se toot na sake; bhoosa zard; nami kam. Thora jaldi kaatna der se behtar; tootne ka nuqsan na ho.
W2639,fasal kahan bechein zyada rate mile,roman_ur,general,market_price,Mandi ya procurement center pe bechein. Bechne se pehle rate check karein. Do teen jagah compare karein. Achi quality zyada rate.
W2640,sarkari support price kya hai faslon ki,roman_ur,general,market_price,Sarkar har saal support price announce karti hai. News ya agri department se check karein. Khareed center ki list food department se.
W2641,khet mein jhariyan kaise control karein,roman_ur,general,weed_control,Jhariyan chhoti hon to bone ke 25–35 din baad herbicide chhidkain. Ghaas aur chauri alag product. Haath se bhi nikaal sakte hain.
W2642,zameen sakht hai kaise behtar banayein,roman_ur,general,general_info,"Sakht zameen: organic khaad, gehraee jot ek dafa, pani nikasi behtar. Gili zameen par zyada jot na karein. Green manure ya compost faida."
W2643,nehr ka pani kam hai pani kaise manage karein,roman_ur,general,irrigation,Nehr ka pani kam ho to tube well talaab use karein. Critical stages par hi pani dein. Beds ya furrows se pani bachayein. Gap barhaen.
W2644,nitrogen kami ke liye kaun sa khaad,roman_ur,general,fertilizer,Nitrogen kami ke liye urea use karein. Kami dikhe to topdress. Pehle pani phir urea. Split dose behtar.
W2645,patton pe daag bimari hai kaun si spray,roman_ur,general,disease,Patton pe daag fungus bimari ho sakti hai. Us crop ke liye recommend fungicide chhidkain. Pehli nishani par jald. Resistant variety agli bar.
W2646,urea ki doosri dose kab den,roman_ur,general,fertilizer,Urea doosri dose tillering ya phool se pehle; pehli crown-root par. Crop aur local recommendation dekhein.
W2647,dana keerey se bach kar kaise store karein,roman_ur,general,harvest,Dana 12–14% nami tak sukhaen. Saaf sukhi boriyon ya bin mein rakhein. Keerey dikhein to fumigation ya dawai. Regular check.
W2648,aaj mandi rate kaise check karein,roman_ur,general,market_price,"Mandi rate SMS, mandi office ya agri app se roz check karein. Bechne se pehle aaj ka rate. Do jagah compare."
W2649,rabi fasal kab boen behtar waqt,roman_ur,general,sowing,Rabi bone: gandum late Oct–mid Nov; region se farq. Doosri rabi faslen bhi waqt par. Der na karein.
W2650,kharif fasal kab boen behtar waqt,roman_ur,general,sowing,Kharif bone: May–July chawal kapas makki. Ilaqa aur barish. Jahan mumkin jaldi boen.
W2651,gandum ke baad kya fasal boen,roman_ur,general,sowing,Gandum ke baad chawal makki kapas ya dalen pani aur mausam ke hisaab se. Rotation zameen behtar rakhti hai. Extension se puchen.
W2652,chawal ke baad kya fasal boen,roman_ur,general,sowing,"Chawal ke baad gandum, sarson, aaloo ya sabziyan. Chawal kattai ke baad jald tayari. Gandum Oct–Nov aam hai."
W2653,meri zameen reti hai kya ugaen,roman_ur,general,general_info,"Reti zameen: dalen, makki, mung, moonghi. Organic matter dalen. Thori zyada pani. Bhari mitti wali faslen avoid."
W2654,chikni mitti mein kaun si faslen achi,roman_ur,general,general_info,Chikni zameen: chawal gandum ganna suit. Pani nikasi theek rakhein. Zyada pani mat dein. Organic matter faida.
W2655,fasal ko kitni dafa pani chahiye,roman_ur,general,irrigation,"Aksar faslon ko 4–6 pani chahiye. Critical: shuruat, phool, dana bharne. Gap 12–20 din zameen mausam ke hisaab se."
W2656,do paniyon ke beech kitna gap rakhein,roman_ur,general,irrigation,Do paniyon ka gap 12–20 din aam. Raiti zameen kam gap; bhari zameen zyada. Critical stages mat chhoren.
W2657,DAP aur urea kab dalen,roman_ur,general,fertilizer,"DAP bone par; urea split bone par thora, baqi tillering ya phool se pehle. Pani topdress ke baad. Miqdar recommendation se."
W2658,gobar khaad chemical ke sath de sakte hain,roman_ur,general,fertilizer,Gobar khaad chemical ke sath de sakte hain. 2–4 ton galay gobar bone se pehle. Chemical kam mat karein; dono balance karein.
W2659,chust fasal par kaun si dawai,roman_ur,general,pest,Chust ke liye extension se recommended insecticide. Subah ya sham chhidkain. Patton ke niche coverage. 7–10 din baad repeat agar zarurat.
W2660,keeron ko natural tarike se kaise rokain,roman_ur,general,pest,"Keeron ko natural: khet saaf, neem oil lehsun spray, faida mand keerey bachayein. Chemical sirf threshold par."
W2661,jhariyan spray se mar nahi rahi kya karein,roman_ur,general,weed_control,Jhariyan resistant hon to alag mode wala herbicide use karein. Rotation zaroori. Haath se nikaalen agar ho. Extension se nayi product.
W2662,pre emergence ya post emergence kaun sa use karein,roman_ur,general,weed_control,Pre emergence bone ke turant baad nami par; post jab jhariyan chhoti hon 25–35 din. Dono kaam; post pre miss ho to zaroor.
W2663,sardi se fasal nuqsan ho rahi bachayein kaise,roman_ur,general,weather_risk,Sardi: pehle light pani dein. Frost ilaqe mein jaldi bone avoid. Resistant variety. Nuqsan zada crop thora recover ho sakta hai.
W2664,barish zyada pani bhar gaya kya karein,roman_ur,general,irrigation,Pani bhar gaya turant nikaalen. Naaliyan banaen. Aur pani mat dein. Agli bar drainage behtar karein.
W2665,sukhe ilaqe ke liye kaun si fasal,roman_ur,general,sowing,Sukha ilaqe: gandum makki jwar ki drought variety. Agri department se list. Seed rate thori zyada.
W2666,per acre kitna beej dalna chahiye,roman_ur,general,sowing,Beej per acre 40–50 kg gandum; crop se farq. Apni fasal variety ke hisaab se. Der bone ho to thora zyada.
W2667,beej treatment kyun zaroori hai,roman_ur,general,sowing,Beej treatment beej se bimari aur kuch keerey rokta hai. Fungicide ya insecticide recommend. Treat karke shade mein sukha kar boen.
W2668,zero tillage ka faida kya hai,roman_ur,general,sowing,Zero tillage: waqt diesel bachta nami bachti. Bina puri jot bone. Chawal ke baad gandum ke liye acha. Drill aur residue theek chahiye.
W2669,bone ke kitne din baad pehla pani den,roman_ur,general,irrigation,Pehla pani bone ke 20–25 din baad zyada tar faslon ko. Jab crown-root stage. Crop se 2–3 din farq ho sakta hai.
W2670,tube well ka pani fasal ke liye kaafi hai,roman_ur,general,irrigation,Tube well kaafi hai agar 4–6 pani sahi waqt par de saken. Critical stages par pani zaroor. Supply irregular ho to stored pani rakhein.
W2671,nitrogen kami ki nishaniyan kya hain,roman_ur,general,nutrient_deficiency,"Nitrogen kami: purane patte zard, growth kam. Urea topdress dalen. Pani dein application ke baad."
W2672,phosphorus kami kaise pehchanen,roman_ur,general,nutrient_deficiency,"Phosphorus kami: patte gulaabi ya kaale, jaden kamzor. DAP ya SSP bone par. Soil test confirm karega."
W2673,potash fasal ko kab den,roman_ur,general,fertilizer,Potash bone par DAP ke sath dein agar soil test mein K kam. Kuch faslon ko split. Apni fasal recommendation dekhein.
W2674,zinc kami patton pe safed lakeeren,roman_ur,general,nutrient_deficiency,Naye patton pe safed lakeeren zinc kami. Zinc sulphate zameen ya foliar spray. Repeat agar nishaniyan rahein.
W2675,zameen ka test kaise karwain kab,roman_ur,general,general_info,"Soil test: khet se sample, lab ya extension ko. Har mausam se pehle behtar. Har 2–3 saal test."
W2676,fasal ka karz kahan se milega,roman_ur,general,subsidy_loan,Fasal ka karz bank Kisan scheme se. Zameen aur CNIC. Agri office mein scheme aur eligibility ki list.
W2677,beej subsidy kaise len,roman_ur,general,subsidy_loan,Beej subsidy agri department se apply karein. Form aur quota har mausam. Waqt par apply. Eligibility agri office se.
W2678,fasal insurance claim kaise karein,roman_ur,general,subsidy_loan,Fasal insurance claim: nuqsan jald report karein photos ke sath. Survey hogi. Policy mutabiq form. Documents rakhein.
W2679,combine se kaatne ka sahi waqt kab,roman_ur,general,harvest,Combine jab dana bilkul pakka sakht ho. Drum concave setting theek. Subah sham kaatain loss kam.
W2680,threshing mein nuqsan kam kaise karein,roman_ur,general,harvest,"Threshing loss kam: dana pakka hone dein, combine setting theek, speed zyada na. Manual ho to dheere."
W2681,store ke liye nami kitni honi chahiye,roman_ur,general,harvest,Store ke liye safe nami 12–14% ya kam. Zyada se keerey fungus. Dhoop mein patli layer sukhaen phir store.
W2682,bechne ke tips zyada rate ke liye,roman_ur,general,market_price,Zyada rate: dana saaf grading test weight theek. Bechne se pehle rate. Group mein bechein agar ho. Bhagdar bechne se bachein.
W2683,procurement center kahan hai,roman_ur,general,market_price,Procurement center ki list food department ya agri office se. Kisan helpline par bhi. Apne zone ke liye check karein.
W2684,achi quality ka dana zyada rate kaise mile,roman_ur,general,market_price,Premium rate: dana saaf uniform test weight acha. Sukha store theek. Grading achi. Kuch mills quality par zyada dete hain.
W2685,khet mein termite ka control kaise karein,roman_ur,general,pest,Termite: bone par soil insecticide ya seed treatment. Pani nikasi theek. Purani stubble hataen. Extension se product.
W2686,cutworm nuqsan kar raha kaun si spray,roman_ur,general,pest,Cutworm: bone par soil insecticide ya jaldi spray. Paudon ke paas zameen bhi cover. Nuqsan pehli dafa dikhe to control.
W2687,patton pe daag ke liye kaun si fungicide,roman_ur,general,disease,Patton pe daag: us crop ke liye recommend fungicide. Pehli daag par chhidkain. Coverage achha. Resistant variety agli bar.
W2688,root rot kaise pehchanen aur control karein,roman_ur,general,disease,"Root rot: jaden galti brown kaali, pauda nikal jata. Pani nikasi theek karein; waterlogging na ho. Resistant variety rotation."
W2689,zyada pani fasal ko nuqsan karti hai kya,roman_ur,general,irrigation,Haan zyada pani waterlogging root rot lodging. Gap 12–20 din. Sirf zarurat par critical stages par pani.
W2690,sprinkler faslon ke liye theek hai kya,roman_ur,general,irrigation,Sprinkler pani uniform aur bachav ke liye theek. Subah sham use karein. Pressure nozzle theek. 20–30% pani bachta hai.
W2691,drip irrigation kheti ke liye,roman_ur,general,irrigation,Drip pani bachata hai uniform nami. Sabzi aur kuch faslon ke liye acha. Lagat aur dekhbhal.
W2692,bed planting se pani kaise bachta hai,roman_ur,general,irrigation,Bed planting: pani furrows mein kam zaya. Hawa achi. Bed planter chahiye. Pani 20–30% bachta hai.
W2693,gobar khaad kitna per acre dalen,roman_ur,general,fertilizer,Gobar 2–4 ton per acre galay. Bone se pehle chemical ke sath. Chemical miqdar zyada kam mat karein. Zameen mein milayein.
W2694,compost kaise banayein aur use karein,roman_ur,general,fertilizer,Compost: fasal residue patte gobar pile; nami rakhein; paltein. 2–3 mahine mein tayar. Bone se pehle 2–4 ton.
W2695,bone se pehle green manure kaun si fasal,roman_ur,general,fertilizer,Green manure: mung mash ya sesbania main fasal se pehle. 3–4 haftay pehle kaat kar milayein. Nitrogen aur organic matter.
W2696,micronutrient spray kab chhidkain,roman_ur,general,fertilizer,Micronutrient spray jab kami dikhe: zinc boron. Tillering ya phool se pehle foliar. Dose label par. Subah sham.
W2697,weedicide rotation kyun zaroori hai,roman_ur,general,weed_control,Herbicide rotation se jhariyan resistant nahi hoti. Har mausam alag mode use karein. Wahi bar bar se resistant ho jati hain.
W2698,ghaas aur chauri dono jhari ek spray se,roman_ur,general,weed_control,Dono ek spray sirf jab dono ka label us crop ke liye allow kare. Warna ghaas alag chauri alag chhidkain.
W2699,khet scout kitni dafa karein,roman_ur,general,general_info,Khet scout har 7–10 din mausam mein. Keera bimari jhari pani dekhein. Masla ho to zyada. Record rakhein.
W2700,zyada paidawar ke liye best tips kya hain,roman_ur,general,general_info,Behtar paidawar: acha beej waqt par bone balanced khaad critical pani jhari keera control. Scout recommendation follow karein.
W2701,kharif mausam kab shuru hota hai,roman_ur,general,sowing,Kharif May–June barish ke sath shuru. Bone May se July crop aur ilaqe ke hisaab se.
W2702,rabi mausam kab shuru hota hai,roman_ur,general,sowing,Rabi Oct–Nov shuru. Gandum late Oct–mid Nov. Doosri rabi faslen bhi isi waqt.
W2703,der se bone ho gaya kya karein,roman_ur,general,sowing,"Der bone: seed rate thori zyada, jaldi ya tolerant variety. Khaad pani waqt par. Paidawar thori kam expect."
W2704,beej kitni gehrayi mein boen,roman_ur,general,sowing,Beej gehrayi 3–5 cm zyada faslon ke liye. Zyada gehraee germination late. Nami is gehrayi par honi chahiye.
W2705,line sowing broadcast se behtar hai kya,roman_ur,general,sowing,Line sowing behtar: stand uniform kam beej jhari asaan. Broadcast zyada beej aur ghana patla.
W2706,kisi bhi fasal ko pehla pani kab dena hai,roman_ur,general,irrigation,Pehla pani zyada tar faslon ko 20–25 din baad. Jab 2–3 patte crown-root stage. Recommendation dekhein.
W2707,critical stages kab fasal ko pani zaroori hai,roman_ur,general,irrigation,Critical stages: shuruat tillering phool dana bharne. In par pani mat chhoren.
W2708,talaab ka pani kheti ke liye use karein,roman_ur,general,irrigation,Talaab ka pani use kar sakte hain. Barish ka pani store. Critical par dein. Kharab pani ho to check karein.
W2709,namak wali zameen mein kya uga sakte hain,roman_ur,general,general_info,Namak zameen: jau gandum kuch varieties kapas jwar sah sakte hain. Pani nikasi behtar. Gypsum zarurat ho to. Pehle soil test.
W2710,zameen ka pH kaise check karein behtar karein,roman_ur,general,general_info,Zameen pH: lab test. 6 se kam ho to chuna; 8 se zyada drainage gypsum. Organic matter faida.
W2711,pani nikasi kharab hai kaise theek karein,roman_ur,general,general_info,Pani nikasi kharab: naaliyan level karein zyada pani na dein. Organic matter. Laser jahan ho.
W2712,alag faslon ke liye NPK ratio kya hai,roman_ur,general,fertilizer,Faslon ke hisaab se NPK: gandum 4:2:1 chawal 3:1:1 qareeb. Soil test exact. P K bone par N split.
W2713,bone par basal kya dalen,roman_ur,general,fertilizer,Basal: DAP ya SSP P ke liye K zarurat ho to. Thora N. Miqdar soil test aur crop.
W2714,top dressing kab aur kitni,roman_ur,general,fertilizer,Top dressing: pehli tillering doosri phool se pehle. Urea aam. Recommendation se miqdar. Pani application ke baad.
W2715,keera spray kab karein threshold kya hai,roman_ur,general,pest,Keera spray jab threshold cross ho: maslan 5–10 chust per plant. Extension threshold batata hai. Jaldi mat chhidkain.
W2716,IPM kya hai kaise karein,roman_ur,general,pest,IPM: scout threshold natural control sirf zarurat par spray. Khet saaf. Resistant variety. Lagat aur mahaul dono bachte hain.
W2717,selective insecticide matlab kya hai,roman_ur,general,pest,Selective insecticide sirf us keera ko marta hai; faida mand bach jate. Broad sab. Selective jab ho use karein.
W2718,khet mein chooha control kaise karein,roman_ur,general,pest,Chooha: trap ya zehrili bait safe jagah. Dana khet saaf. Bachon janwar se door. Regular check.
W2719,leaf blight ke liye kaun si fungicide,roman_ur,general,disease,Leaf blight: triazole ya strobilurin fungicide us crop ke liye. Pehli daag par chhidkain. Coverage achha.
W2720,powdery mildew ke liye kaun sa spray,roman_ur,general,disease,Powdery mildew: sulphur ya triazole fungicide. Safed powder dikhe to chhidkain. Resistant variety agli fasal.
W2721,beej se bimari kaise bachain,roman_ur,general,disease,Certified ya treated beej. Bimari wali fasal ka beej na use karein. Fungicide treatment. Saaf storage.
W2722,resistant variety matlab kya hoti hai,roman_ur,general,disease,Resistant variety us bimari se kam ya nahi hoti. Research station se list. Bimari aam ho to variety badlein.
W2723,kaatne ka waqt fasal ready kaise pata chale,roman_ur,general,harvest,Fasal tayar: dana sakht bhoosa zard nami kam. Naakhun test. Thora jaldi der se behtar.
W2724,jaldi kaat lain to nuqsan hota hai kya,roman_ur,general,harvest,Jaldi kaatain: dana bhara nahi paidawar kam. Sirf jab pest ya mausam se bachana ho. Waqt par kaatna behtar.
W2725,dana sukha kar kaise store karein,roman_ur,general,harvest,Dana patli layer dhoop mein 3–7 din sukhaen. Hilaen. Nami 12–14%. Store se pehle thanda. Store mein condensation na ho.
W2726,kaatai ke baad bhoosa kya karein,roman_ur,general,harvest,Bhoosa: charay bechein ya mulch. Baler ho to bale. Jalaen mat; compost ya janwar ke liye use karein.
W2727,rate barhne ka intezar karein ya bech dein,roman_ur,general,market_price,Bechein jab paisa chahiye ya rate acha ho. Store karein agar jagah safe aur rate barhne ka andaza. Market dekhein.
W2728,forward contract bechne se faida kya hai,roman_ur,general,market_price,Forward contract: kaatne se pehle rate fix. Girne ka risk kam. Barhe to faida nahi. Shartain payment clear.
W2729,test weight aur rate ka rishta kya hai,roman_ur,general,market_price,Test weight zyada behtar dana; mills zyada dete hain. Achi variety sahi waqt kattai theek store se behtar.
W2730,weighbridge bechte waqt check karein kya,roman_ur,general,market_price,Bechte waqt weighbridge check: weight sahi ho koi chori na. Weight slip rakhein. Doosri jagah verify karwa sakte hain.
W2731,oala se fasal nuqsan ho to kya karein,roman_ur,general,weather_risk,Oala nuqsan: insurance ke liye report photos. Extra N mat. Zameen sukhi ho to light pani. Crop thora recover ho sakta hai.
W2732,garmi flowering par fasal nuqsan,roman_ur,general,weather_risk,Phool par garmi nuqsan dana kam. Waqt par bone last pani grain fill. Garmi sahne wali variety agar ho.
W2733,barani ilaqe mein kab boen,roman_ur,general,sowing,Barani: jab zameen mein barish se nami enough ho tab boen. Rabi late Oct; kharif May–June. Drought variety.
W2734,ek saal mein do faslen le sakte hain kya,roman_ur,general,sowing,Ek saal do faslen: maslan gandum chawal ke baad; makki aaloo. Pani aur mausam length par. Extension se plan.
W2735,intercropping ka faida kya hai,roman_ur,general,general_info,Intercropping: do faslen sath zameen aur nutrients behtar use. Maslan makki lobia. Spacing aur kaatai plan.
W2736,laser leveler se kya faida,roman_ur,general,general_info,Laser leveler: zameen barabar kam pani zyada paidawar. Rent ya hire. Ek dafa lagat. Pani behtar.
W2737,zameen tayari ke liye tractor,roman_ur,general,machinery,Tractor: 1–2 jot 2–3 sulah phir level. Zameen zyada gili na ho. Bone se 1–2 haftay pehle tayari.
W2738,sprayer nozzle kaun sa theek hai,roman_ur,general,machinery,Spray ke liye flat fan nozzle. Pressure 2–3 bar. Height speed barabar. Drift kam coverage achha.
W2739,drill calibration bone ke liye kaise karein,roman_ur,general,machinery,Drill calibration: seed rate depth set. Sheet par check. Speed barabar. Khet mein test stand dekhein.
W2740,salam kheti ke bare mein sawal hai,roman_ur,general,greeting,Wa alaikum assalam. Bone pani khaad keera bimari kaatai bechne ke sawal pooch sakte hain. Kya chahiye bataein.
W2741,salam faslon par mashwara chahiye,roman_ur,general,greeting,Wa alaikum assalam. Apni fasal aur masla bataein: bone pani khaad keera bimari ya mandi. Main rehnumai karunga.
W2742,kapas kab boen kis mahine,roman_ur,general,sowing,Kapas April–May jab garmi ho boen. Ilaqa se farq. Bollworm zyada ho to jaldi bone behtar.
W2743,makki kab boen kis mahine,roman_ur,general,sowing,Makki kharif May–June; spring Feb–March. Ilaqa. Bahut der bone avoid karein.
W2744,ganna kab boen kis mahine,roman_ur,general,sowing,Ganna Feb–March planting. Kattai ke baad ratoon. Pura pani khaad chahiye.
W2745,aaloo kab boen kis mahine,roman_ur,general,sowing,Aaloo Oct–Nov maidani; paharon Feb–March. Thanda mausam. Achi zameen pani chahiye.
W2746,pyaz kab boen kis mahine,roman_ur,general,sowing,Pyaz Oct–Nov rabi; Feb spring. Dono mausam ho sakte. Beej ya sets.
W2747,tamatar kab boen kis mahine,roman_ur,general,sowing,Tamatar Feb–March spring; July–Aug barish. Tez garmi avoid. Staking bimari spray.
W2748,mirch kab boen kis mahine,roman_ur,general,sowing,Mirch Feb–March ya July–Aug. Garm fasal. Pani nikasi spray virus ke khilaf.
W2749,suraj mukhi kab boen kis mahine,roman_ur,general,sowing,Suraj mukhi Feb–March spring; July kharif. Choti mudat. Rotation ke liye acha.
W2750,chana kab boen kis mahine,roman_ur,general,sowing,Chana Oct–Nov rabi. Barani ya ek pani. Der bone avoid.
W2751,kapas ko kitna pani chahiye,roman_ur,general,irrigation,Kapas ko 6–8 pani. Critical: phool aur goli. Gap 10–15 din. Drip ya furrow pani bachata hai.
W2752,makki ko kitna pani chahiye,roman_ur,general,irrigation,Makki ko 6–8 pani. Critical: ghutne tak tasseling dana. Gap 10–14 din. Phool par sukha nuqsan.
W2753,gane ko kitna pani chahiye,roman_ur,general,irrigation,Gane ko regular pani chahiye. 15–20 pani. Zyada garmi mein. Kattai se pehle band.
W2754,kapas ko kitna khaad per acre,roman_ur,general,fertilizer,Kapas: 2–3 bag DAP 3–4 bag urea per acre split. Behtar zameen zyada. Boron zinc kami ho to.
W2755,makki ko kitna khaad per acre,roman_ur,general,fertilizer,Makki: 1–2 bag DAP 2–3 bag urea. Bone par full topdress ghutne tasseling par.
W2756,chawal ko kitna khaad per acre,roman_ur,general,fertilizer,Chawal: 1–2 bag DAP 2–3 bag urea. N split tillering aur panicle. Zinc zyada tar jagah.
W2757,kapas ke khas keerey kaun se hain,roman_ur,general,pest,Kapas keerey: bollworm chust whitefly. Threshold par recommend insecticide. Bt kapas bollworm kam karta hai.
W2758,makki ke keerey kaun se hain,roman_ur,general,pest,Makki keerey: stem borer chust armyworm. Nuqsan dikhe to spray. Resistant variety khet saaf.
W2759,chawal ki bimariyan kaun si hain,roman_ur,general,disease,Chawal bimari: blast blight sheath blight. Resistant variety. Fungicide zarurat par. Beej treatment.
W2760,aaloo ki bimariyan kaun si hain,roman_ur,general,disease,Aaloo bimari: late blight virus. Blight ke liye fungicide. Certified beej. Crop rotation.
W2761,chawal ke khet mein jhariyan kaise control karein,roman_ur,general,weed_control,Chawal jhari: pre ya post emergence herbicide. 25–35 din haath se. Chara pani practice mutabiq.
W2762,makki ke khet mein jhariyan kaise control karein,roman_ur,general,weed_control,Makki jhari: atrazine ya post emergence. 25–35 din bone ke baad jhariyan chhoti. Haath se bhi.
W2763,chawal kab kaatain,roman_ur,general,harvest,Chawal jab 80% dana pakka. Bhoosa zard. Nami 20–25%. Combine ya haath.
W2764,kapas tootna kab shuru karein,roman_ur,general,harvest,Kapas jab goliyan khulein to tootna shuru. Faasle se totein. Khuli goli zyada din na chhoren. Sukhi jagah store.
W2765,makki kaatne ka waqt kab hai,roman_ur,general,harvest,Makki jab dana sakht black layer. Aam 90–120 din. Combine ya haath.
W2766,aaj kapas ka rate kya hai mandi,roman_ur,general,market_price,Kapas rate mandi SMS market. Roz badalta. Quality staple rate par asar.
W2767,aaj chawal ka rate kya hai mandi,roman_ur,general,market_price,Chawal rate mandi ya procurement. Quality variety. Mausam mein sarkari khareed.
W2768,aaj makki ka rate kya hai mandi,roman_ur,general,market_price,Makki rate local mandi. Charay industry. Mausam se rate badalta hai.
W2769,kharif ke liye zameen ki tayari kaise karein,roman_ur,general,general_info,Kharif tayari: rabi kattai ke baad jot sulah level. Jhariyan hataen. May–June tak tayar.
W2770,rabi ke liye zameen ki tayari kaise karein,roman_ur,general,general_info,Rabi tayari: kharif ke baad 1–2 jot sulah level. Gandum Oct–Nov ke liye waqt par.
W2771,jot kitni dafa lagani chahiye,roman_ur,general,general_info,Jot 1–2 dafa zyada tar faslon ke liye kaafi. Zameen sakht ho to ek dafa gehraee. Phir sulah.
W2772,sulah kab karein,roman_ur,general,general_info,Sulah jot ke baad dheere level. 2–3 dafa. Zameen zyada gili na ho.
W2773,zameen level kyun zaroori hai,roman_ur,general,general_info,Level zameen taake pani barabar. Kam zaya behtar stand. Laser behtar; haath se bhi.
W2774,certified beej ka faida kya hai,roman_ur,general,sowing,Certified beej: test pure germination achi. Bimari kam. Paidawar quality ke liye lagat kee.
W2775,apna beej kab use kar sakte hain,roman_ur,general,sowing,Apna beej sehatmand fasal ka use kar sakte; fungicide se treat. Bimari wali fasal ka na use karein.
W2776,beej ko kaise safe rakhein,roman_ur,general,sowing,Beej sukhi thandi jagah boriyon ya bin. Agle mausam se pehle treat. Keeron se bachayein.
W2777,germination kam hai kya karein,roman_ur,general,sowing,Germination kam: beej quality gehrayi nami check. Khaliyan zyada hon to dubara boen. Agli bar certified.
W2778,per acre kitne plants hon chahiye,roman_ur,general,sowing,Plants per acre: gandum 40–50 per sq m; makki 6–7. Crop se farq. Recommendation dekhein.
W2779,paudon ke beech spacing kitni,roman_ur,general,sowing,Spacing: gandum 20–25 cm line; makki 60–75 cm. Crop variety. Barabar spacing behtar.
W2780,barish pani se fasal nuqsan recovery kaise karein,roman_ur,general,weather_risk,Barish pani: jald nikaalen. Sukhi hone par light topdress. Agli bar drainage bund.
W2781,hava se fasal gir gayi lod ho gayi,roman_ur,general,weather_risk,Lodging: ho to jald kaat lain. Agli bar kam N resistant variety. Sahan khet mein mushkil.
W2782,sardi se naye paude nuqsan,roman_ur,general,weather_risk,Sardi nuqsan: sardi ilaqe mein bahut jaldi bone avoid. Sardi se pehle light pani. Resistant variety agar ho.
W2783,boron kami ki nishaniyan kya hain,roman_ur,general,nutrient_deficiency,Boron kami: growth points maren grain kam. Borax boron. Soil test confirm.
W2784,sulphur kami ki nishaniyan kya hain,roman_ur,general,nutrient_deficiency,Sulphur: naye patte peele growth kam. Gypsum sulphur. Sarson mein zard aksar sulphur.
W2785,fasal mein iron kami hai,roman_ur,general,nutrient_deficiency,Iron kami: naye patton pe peeliyan nas ke beech. Foliar iron ya drainage. High pH mein aam.
W2786,magnesium kami ki nishaniyan,roman_ur,general,nutrient_deficiency,Magnesium: purane patte kinare se zard. Epsom ya magnesium khaad. Soil test.
W2787,foliar spray kab chhidkain,roman_ur,general,fertilizer,Foliar jab zameen late ya kami dikhe. Zinc urea micronutrient. Subah sham.
W2788,patton par urea chhidkain safe hai kya,roman_ur,general,fertilizer,Patton par urea 2% supplement ho sakta. Zameen N ka badal nahi. Dhoop tez avoid.
W2789,khaad aur weedicide ek sath mix karein,roman_ur,general,weed_control,Tank mix sirf jab dono label allow. Kuch mix crop nuqsan. Alag chhidkana safe. Extension se puchen.
W2790,post emergence spray kab chhidkain,roman_ur,general,weed_control,Post emergence jab jhariyan chhoti 25–35 din bone ke baad. Product jhari ke hisaab. Hawa calm.
W2791,chauri jhari ke liye kaun sa herbicide,roman_ur,general,weed_control,"Chauri: 2,4-D jaisa us crop ke liye. Crop safety. Dose label. Jhariyan chhoti hon."
W2792,ghaas jhari ke liye kaun sa herbicide,roman_ur,general,weed_control,Ghaas: us crop ke liye grass herbicide. Clodinafop quizalofop. Dose waqt label.
W2793,haath se jhariyan kab nikalein,roman_ur,general,weed_control,Haath se jhariyan 25–35 din. Jhariyan beej banayen se pehle. Doosri zarurat ho to. Mazdoori ho to sasta.
W2794,stale seedbed jhariyon ke liye kaise karein,roman_ur,general,weed_control,Stale seedbed: tayari karein jhariyan ugen maarein spray ya halki jot. Phir boen. Jhari kam.
W2795,store keerey ka control kaun sa ilaaj,roman_ur,general,harvest,Store keerey: fumigation ya contact insecticide. Dana sukha saaf. Safety. Zarurat ho to repeat.
W2796,fumigation dane ke liye kab zaroori hai,roman_ur,general,harvest,Fumigation jab keerey andar hon. Store band karein recommend fumigant. Baad hawa. Professional behtar.
W2797,gandum store ke liye nami kitni safe hai,roman_ur,general,harvest,Gandum store nami 12–14% ya kam. Dhoop sukhaen. Saaf sukhi jagah. Keerey dikhein to fumigate.
W2798,chawal store ke liye nami kitni safe hai,roman_ur,general,harvest,Chawal store: 12–14% sukhaen. Gandum jaisa. Parboiled zyada der. Nami se bachayein.
W2799,boriyon mein store karein ya bulk mein,roman_ur,general,harvest,Boriyan: uthana bechna asaan. Bulk: bin chahiye kam mazdoori. Dono sukha pest se bachav.
W2800,sarkar kis kis fasal ki procurement karti hai,roman_ur,general,market_price,Sarkari khareed: gandum chawal kabhi kapas. Food department list. Quality standard.
W2801,kisan card se kya faida milega,roman_ur,general,subsidy_loan,Kisan card: pehchan karz subsidy insurance. Bank ya agri office. Documents mutabiq.
W2802,kisan ke liye sood free qarz kahan se,roman_ur,general,subsidy_loan,Sood free qarz sarkari scheme kisan. Bank agri office. Eligibility limit scheme.
W2803,khaad par subsidy kaise len,roman_ur,general,subsidy_loan,Khaad subsidy dealer ya scheme. Pehchan zameen. Quota policy.
W2804,machinery par subsidy milti hai kya,roman_ur,general,subsidy_loan,Machinery subsidy tractor drill. Agri ya bank. Scheme amount.
W2805,fasal insurance premium kitni hai,roman_ur,general,subsidy_loan,Fasal insurance premium sarkar hissa. Baqi kisan. Sum insured crop. Company agri office.
W2806,naye kisan ko mashwara kahan se milega,roman_ur,general,general_info,Naya kisan: extension agri department helpline. Training. Ek fasal se shuru seekhein.
W2807,extension worker ka number kya hai,roman_ur,general,general_info,Extension worker agri department field office. Helpline board par. Milen ya call.
W2808,agriculture department helpline number,roman_ur,general,general_info,Agri helpline agri department Kisan portal. Mashwara complaint scheme. Call karein.
W2809,mausam ki taqweem kheti ke liye,roman_ur,general,weather_risk,Mausam: spray kaatai se pehle forecast. Pani plan. Frost oala warning. Radio SMS app.
W2810,barish ke baad pani kab den,roman_ur,general,irrigation,Barish ke baad: zameen gili ho to intezar. Crop ko pani chahiye barish kam ho to pani dein. Khet check.
W2811,kharab pani kheti ke liye use kar sakte hain,roman_ur,general,irrigation,Kharab pani: EC zyada na ho to use. Achhe pani mix. Gypsum drainage. Pani test.
W2812,mulch se nami kaise bachayein,roman_ur,general,irrigation,Mulch: straw ya plastic zameen par nami bachati jhari kam. Bone ke baad. Crop ke hisaab hataen ya chhoren.
W2813,kaatai ke baad residue ka kya karein,roman_ur,general,harvest,Residue: surface par zero till ke liye ya mix. Jalaen mat. Happy seeder residue use. Compost bhi.
W2814,fasal jala dena acha hai ya bura,roman_ur,general,general_info,Residue jalaana zameen aur hawa dono ke liye bura. Organic matter loss. Mulch compost mix.
W2815,jalao ke bajay kya tareeqa hai,roman_ur,general,general_info,Zero burn: happy seeder mix ya hataen. Sarkar jalao hata rahi. Kuch jagah penalty.
W2816,happy seeder kya hai,roman_ur,general,machinery,Happy seeder: khari stubble mein drill. Jalao nahi. Waqt nami bachti. Chawal ke baad gandum.
W2817,ridge par kaun si faslen boen,roman_ur,general,sowing,Ridge: aaloo ganna kuch sabzi. Drainage earthing. Ridge maker ya haath.
W2818,furrow irrigation kaise karein,roman_ur,general,irrigation,Furrow irrigation: khadon mein pani. Flood se kam. Level zameen. Pani bachta hai.
W2819,chara pani se masla kya hai,roman_ur,general,irrigation,Chara pani: zyada use kuch beh jata. Pani plenty ho. Beds furrows kam pani wale ilaqe.
W2820,zameen mein kami kaise pata chale,roman_ur,general,nutrient_deficiency,Kami: soil test aur patton ki nishaniyan. Zard gulaabi daag. Extension pehchan. Phir sahi nutrient.
W2821,patte ka sample test ke liye kaise bhejein,roman_ur,general,nutrient_deficiency,Patte ka sample: same stage sehatmand aur masla. Lab ya extension. Khaad decision.
W2822,soil health card kya hoti hai,roman_ur,general,general_info,Soil health card: soil test result aur recommendation. Sarkari scheme. Khaad decision ke liye.
W2823,organic kheti main kar sakta hoon kya,roman_ur,general,general_info,Organic kheti: ho sakti hai zyada mazdoori waqt. Compost green manure bio pesticide. Organic ki market.
W2824,mixed farming se kya faida,roman_ur,general,general_info,Mixed farming: fasal aur janwar. Fasal se chara janwar se gobar. Dono se aamdani.
W2825,janwar aur fasal dono sath mein,roman_ur,general,general_info,Janwar fasal sath: gaay bakri poultry. Gobar khet. Fasal residue charay. Balance plan.
W2826,pesticide chhidkate waqt safety kaise rakhein,roman_ur,general,pest,Spray safety: mask gloves. Khana sigret na. Baad dhoen. Bachon janwar door. Label follow.
W2827,spray ke baad kitne din kaatain,roman_ur,general,pest,Waiting period: last spray aur kaatai ke beech din. Pesticide label par. Is se pehle na kaatein. Consumer safe.
W2828,chhidkai ke kitne din baad fasal kaat sakte hain,roman_ur,general,pest,Spray ke kitne din baad kaatain: label par waiting period. 7–21 din aam. Pesticide crop par.
W2829,bio pesticide kya hota hai,roman_ur,general,pest,Bio pesticide: pauday ya microbe se. Chemical se safe. Neem Bt. Recommendation mutabiq.
W2830,neem oil se keeron ka control,roman_ur,general,pest,Neem oil: dose mutabiq mix chhidkain. Kuch keeron ko rokta marta. Safe. 7–10 din baad repeat zarurat ho to.
W2831,mujy kis mausam mein fasal kasht karni chahiye,roman_ur,general,sowing,Fasal kasht ka mausam crop par. Rabi Oct–Nov kharif May–July. Ilaqa ki tarikh agri extension.
W2832,meri zameen ki qisam ke hisaab se fasal batao,roman_ur,general,general_info,Zameen qisam: reti chikni pani. Reti dalen makki. Chikni chawal gandum. Test karein variety len.
W2833,khet jotne ka tareeqa kya hai,roman_ur,general,general_info,Khet jot: 1–2 dafa gehraee phir sulah level. Bone se 1–2 haftay pehle. Nami bone waqt.
W2834,pehli dafa pani dene ka sahi waqt kya hai,roman_ur,general,irrigation,Pehli dafa pani 20–25 din baad zyada tar faslon. Crown-root stage. Recommendation.
W2835,sabhi faslon ke liye khaad ki amount,roman_ur,general,fertilizer,Faslon ke liye khaad crop zameen. Aam 1–2 DAP urea split. Soil test local recommendation.
W2836,keera lag gaya hai kaun si dawai use karun,roman_ur,general,pest,Keera pehchanen phir us ke liye insecticide extension. Subah sham coverage. Threshold.
W2837,patte zard kyun ho rahe hain,roman_ur,general,nutrient_deficiency,Zard patte N ya zinc kami. Purane zard urea; naye safed zinc. Pehchan karein.
W2838,fasal pakka hone ka pata kaise chale,roman_ur,general,harvest,Fasal pakka dana sakht bhoosa zard nami. Naakhun test. Jaldi kaatna behtar.
W2839,bechne ke liye behtar jagah kahan,roman_ur,general,market_price,Bechna mandi procurement. Rate pehle check. Do jagah compare. Quality zyada rate.
W2840,sarkari rate kya hai,roman_ur,general,market_price,Sarkari rate har saal announce. News agri. Khareed center list.
W2841,jhariyan hataane ka spray kab marun,roman_ur,general,weed_control,Jhariyan 25–35 din chhoti hon to herbicide. Product jhari. Hawa calm.
W2842,zameen behtar karne ka tareeqa,roman_ur,general,general_info,Zameen behtar organic gehraee jot drainage. Gili par zyada jot na. Compost green manure.
W2843,pani kam hai sahi se kaise dein,roman_ur,general,irrigation,Pani kam critical par hi dein. Tube well stored. Beds furrows. Gap barhaen.
W2844,nitrogen badhane ke liye kya dalen,roman_ur,general,fertilizer,Nitrogen badhane urea. Kami dikhe topdress. Pani phir urea. Split.
W2845,bimari lag gayi patton pe daag,roman_ur,general,disease,Patton pe daag fungus. Us crop fungicide. Pehli nishani jald. Resistant agli.
W2846,doosri urea kab dalni hai,roman_ur,general,fertilizer,Doosri urea tillering ya phool se pehle. Pehli crown-root. Crop recommendation.
W2847,keerey bina dana kaise rakhein,roman_ur,general,harvest,Dana keerey bina 12–14% sukha saaf store fumigation. Regular check.
W2848,rate check karne ka tareeqa,roman_ur,general,market_price,Rate mandi SMS app. Bechne se pehle aaj. Compare.
W2849,rabi kasht ka behtar mahina,roman_ur,general,sowing,Rabi kasht Oct–Nov behtar. Ilaqa 1–2 hafta.
W2850,kharif kasht ka behtar mahina,roman_ur,general,sowing,Kharif kasht May–July. Ilaqa barish.
W2851,gandum ke baad rotation kya ho,roman_ur,general,sowing,Gandum baad chawal makki kapas dalen pani mausam. Rotation. Extension.
W2852,chawal ke baad rotation kya ho,roman_ur,general,sowing,Chawal baad gandum sarson aaloo. Jald tayari. Gandum Oct–Nov.
W2853,reti zameen suitable faslen,roman_ur,general,general_info,Reti: dalen makki mung. Organic. Kam pani gap.
W2854,chikni zameen suitable faslen,roman_ur,general,general_info,Chikni: chawal gandum ganna. Drainage. Zyada pani na.
W2855,total kitni irrigations deni hain,roman_ur,general,irrigation,Total 4–6 pani. Critical stages. Gap 12–20.
W2856,pani dene ka gap kitna rakhein,roman_ur,general,irrigation,Pani gap 12–20 din. Raiti kam bhari zyada. Critical na chhoren.
W2857,khaad dene ka sahi waqt kya hai,roman_ur,general,fertilizer,Khaad bone par DAP; urea split crown tillering phool. Recommendation.
W2858,organic aur chemical dono de sakte hain kya,roman_ur,general,fertilizer,Organic chemical dono 2–4 ton gobar bone. Chemical kam mat. Balance.
W2859,chust ke liye spray kaun si,roman_ur,general,pest,Chust recommended insecticide. Subah sham niche. 7–10 din repeat.
W2860,keeron ko bina chemical rok sakte hain,roman_ur,general,pest,Keerey bina chemical natural neem khet saaf. Chemical threshold par.
W2861,jhariyan spray se nahi mar rahi,roman_ur,general,weed_control,Jhariyan resistant alag herbicide rotation. Haath. Extension.
W2862,pehle chhidkain ya baad mein weedicide,roman_ur,general,weed_control,Pre bone ke baad nami. Post 25–35 din chhoti. Dono; post pre miss to.
W2863,sardi se bachav kaise karein,roman_ur,general,weather_risk,Sardi light pani pehle. Frost ilaqe jaldi na. Resistant.
W2864,pani bhar gaya drain kaise karein,roman_ur,general,irrigation,Pani bhar turant nikaalen. Naali. Aur mat. Aage drainage.
W2865,sukha ilaqe ki fasal kaun si,roman_ur,general,sowing,Sukha ilaqe drought variety. List agri. Seed zyada.
W2866,beej ki miqdar per acre,roman_ur,general,sowing,Beej per acre 40–50 kg crop. Der thora zyada.
W2867,beej ko treat karna kyun zaroori hai,roman_ur,general,sowing,Beej treatment bimari keerey. Fungicide. Shade sukha boen.
W2868,bina jot bone ka faida,roman_ur,general,sowing,Bina jot zero till waqt nami. Chawal baad. Drill residue.
W2869,bone ke baad pehla pani kab,roman_ur,general,irrigation,Pehla pani 20–25 din. Crown-root. 2–3 din farq.
W2870,tube well se pani kaafi hai kya,roman_ur,general,irrigation,Tube well 4–6 sahi waqt. Critical. Store irregular.
W2871,N kami ki pehchan kya hai,roman_ur,general,nutrient_deficiency,N kami purane zard. Urea topdress. Pani baad.
W2872,P kami ki pehchan kya hai,roman_ur,general,nutrient_deficiency,P kami gulaabi jaden kamzor. DAP bone. Test.
W2873,K kab den fasal ko,roman_ur,general,fertilizer,K bone par DAP sath agar test low. Split kuch. Crop.
W2874,zinc ki kami safed lakeeren patton pe,roman_ur,general,nutrient_deficiency,Zinc safed lakeeren naye. Zinc sulphate foliar. Repeat.
W2875,zameen test karwane ka waqt,roman_ur,general,general_info,Zameen test mausam se pehle. Lab extension. 2–3 saal.
W2876,karz kahan se milega kisan ko,roman_ur,general,subsidy_loan,Karz bank Kisan. Zameen CNIC. Agri scheme.
W2877,beej subsidy apply kaise karein,roman_ur,general,subsidy_loan,Beej subsidy agri form. Waqt quota. Eligibility.
W2878,nuqsan par insurance claim kaise,roman_ur,general,subsidy_loan,Nuqsan report photos. Survey. Policy form. Documents.
W2879,combine se kaatne ka waqt,roman_ur,general,harvest,Combine dana pakka. Setting. Subah sham.
W2880,threshing loss kam karne ka tareeqa,roman_ur,general,harvest,Threshing loss dana pakka setting. Dheere manual.
W2881,store ki safe nami kitni,roman_ur,general,harvest,Safe nami 12–14%. Sukha store. Check.
W2882,zyada rate lene ke tips,roman_ur,general,market_price,Zyada rate quality saaf test weight. Rate compare group.
W2883,sarkari khareed center kahan,roman_ur,general,market_price,Sarkari khareed list food agri. Zone. Documents.
W2884,premium rate ke liye quality kaise banayein,roman_ur,general,market_price,Premium quality saaf test weight dry. Grade. Mills zyada.
W2885,termite rokne ka tareeqa,roman_ur,general,pest,Termite soil insecticide seed treatment. Drainage. Stubble. Extension.
W2886,cutworm ka ilaaj kaun sa,roman_ur,general,pest,Cutworm soil jaldi spray. Base cover. Pehli nuqsan.
W2887,daag wali bimari ke liye fungicide,roman_ur,general,disease,Daag crop fungicide. Pehli jald. Resistant.
W2888,jaden galti root rot pehchan aur ilaaj,roman_ur,general,disease,Root rot jaden galti. Drainage. Resistant rotation.
W2889,zyada pani nuqsan deti hai kya,roman_ur,general,irrigation,Zyada pani waterlogging. Gap 12–20. Critical hi.
W2890,sprinkler theek hai kheti ke liye,roman_ur,general,irrigation,Sprinkler uniform bachav. Subah sham. Pressure nozzle.
W2891,drip se pani dene ka faida,roman_ur,general,irrigation,Drip pani bachata. Sabzi. Lagat.
W2892,bed par bone se pani bachta hai kaise,roman_ur,general,irrigation,Bed furrows kam zaya. Hawa. Planter.
W2893,gobar kitni dalni hai per acre,roman_ur,general,fertilizer,Gobar 2–4 ton bone pehle chemical. Kam mat. Mix.
W2894,compost banane ka tareeqa,roman_ur,general,fertilizer,Compost pile nami palat. 2–3 mahine. 2–4 ton.
W2895,bone se pehle green manure fasal,roman_ur,general,fertilizer,Green manure mung mash 3–4 haftay pehle. Kaat mix. N organic.
W2896,chhote nutrients ki spray kab,roman_ur,general,fertilizer,Micronutrient kami dikhe foliar. Tillering phool. Label. Subah sham.
W2897,herbicide badal badal ke use kyun karein,roman_ur,general,weed_control,Herbicide rotation resistance. Alag mode. Wahi bar bar na.
W2898,ghaas chauri ek hi spray se mar sakti hai,roman_ur,general,weed_control,Dono ek sirf label allow. Warna alag grass chauri.
W2899,khet check kitni bar karein,roman_ur,general,general_info,Scout 7–10 din. Keera bimari jhari. Zyada masla. Record.
W2900,paidawar barhane ke tips,roman_ur,general,general_info,Paidawar beej waqt khaad pani jhari keera. Scout recommendation.
W2901,kharif kab shuru hota hai,roman_ur,general,sowing,Kharif May–June barish. May–July bone.
W2902,rabi kab shuru hota hai,roman_ur,general,sowing,Rabi Oct–Nov. Gandum late Oct.
W2903,der bone ho gaya to kya karein,roman_ur,general,sowing,Der seed zyada variety. Khaad pani. Kam yield.
W2904,beej ki gehrayi kitni rakhein,roman_ur,general,sowing,Gehrayi 3–5 cm. Zyada late. Nami.
W2905,line mein bone behtar hai kya,roman_ur,general,sowing,Line behtar uniform kam beej. Broadcast zyada.
W2906,pehla pani dene ka waqt,roman_ur,general,irrigation,Pehla pani 20–25 din. Crown-root.
W2907,pani zaroori hone wale stages kaun se hain,roman_ur,general,irrigation,Critical shuruat tillering phool dana. In par.
W2908,talaab pani khet ke liye,roman_ur,general,irrigation,Talaab store critical. Quality check.
W2909,namak zameen pe kya ugaen,roman_ur,general,general_info,Namak jau gandum kapas jwar. Drainage gypsum. Test.
W2910,zameen pH theek karne ka tareeqa,roman_ur,general,general_info,pH test chuna 6 se kam. 8 drainage gypsum. Organic.
W2911,pani nikasi behtar kaise karein,roman_ur,general,general_info,Nikasi naali level. Zyada pani na. Organic.
W2912,faslon ke hisaab se NPK,roman_ur,general,fertilizer,NPK crop gandum 4:2:1. Test. P K bone N split.
W2913,bone par kya khaad dalen,roman_ur,general,fertilizer,Basal DAP K zarurat. N thora. Test crop.
W2914,uper se khaad kab aur kitni,roman_ur,general,fertilizer,Top tillering phool. Urea. Recommendation. Pani.
W2915,keera spray ki had kya hai,roman_ur,general,pest,Spray threshold 5–10 per plant. Extension. Jaldi na.
W2916,IPM kaise karein,roman_ur,general,pest,IPM scout threshold natural. Sirf zarurat. Saaf resistant.
W2917,selective dawai matlab,roman_ur,general,pest,Selective sirf target. Faida bach jate. Selective use.
W2918,chooha control khet mein,roman_ur,general,pest,Chooha trap poison safe. Saaf. Bachon door.
W2919,leaf blight ki dawai,roman_ur,general,disease,Leaf blight triazole. Pehli. Resistant.
W2920,powdery mildew ki spray,roman_ur,general,disease,Powdery sulphur triazole. Safed. Resistant.
W2921,beej se bimari na aaye kaise,roman_ur,general,disease,Certified treated. Bimari beej na. Treatment.
W2922,resistant variety kya hoti hai,roman_ur,general,disease,Resistant us bimari kam. List. Badlein.
W2923,kaatne ka sahi waqt kaise janein,roman_ur,general,harvest,Tayar dana sakht zard nami. Naakhun. Jaldi behtar.
W2924,jaldi kaat lain to kya hota hai,roman_ur,general,harvest,Jaldi dana kam. Sirf bachav. Waqt behtar.
W2925,dana sukha kar store kaise karein,roman_ur,general,harvest,Sukha 12–14% patli dhoop. Saaf store. Fumigate.
W2926,bhoosa ka kya karein kaatai ke baad,roman_ur,general,harvest,Bhoosa charay mulch. Jalaen na. Compost.
W2927,bechein ya rate ka intezar karein,roman_ur,general,market_price,Bechein paisa rate. Store safe barhe. Market.
W2928,forward contract kya faida,roman_ur,general,market_price,Forward fix. Girna kam. Barha nahi. Terms.
W2929,test weight zyada to rate behtar,roman_ur,general,market_price,Test weight zyada rate. Variety waqt store.
W2930,bechte waqt weight check karein kya,roman_ur,general,market_price,Weighbridge weight sahi. Slip. Verify.
W2931,What is fumigation I do not know please explain,en,general,term_explanation,Fumigation is a way to kill insects inside stored grain or in a closed place. A fumigant is a gas or chemical that is released in the closed store; the gas fills the space and kills insects that are inside the grain or bags. It is used when insects are already inside and spray cannot reach them. The store must be closed properly so the gas does not leak; after some days the store is opened and aired. Always use fumigation as per label and keep children and animals away.
W2932,What is tillering stage in crop,en,general,term_explanation,Tillering is the stage when a wheat or rice plant grows extra stems from the base. One seed gives one main stem first; then small branches called tillers grow from the bottom. More tillers usually mean more grain later because each tiller can have an ear or panicle. This stage comes after crown-root stage and before booting. First irrigation and first top dress of urea are often given at tillering for good number of tillers.
W2933,What is DAP fertilizer,en,general,term_explanation,DAP stands for Di-Ammonium Phosphate. It is a chemical fertilizer that gives two main nutrients: nitrogen (N) and phosphorus (P). Phosphorus helps roots grow strong and early growth; nitrogen helps green leaves and growth. Farmers use DAP at sowing time as basal dose; it is spread or drilled with the seed. In Pakistan one bag is often 50 kg; per acre 1–2 bags are common for wheat and many crops. It is not used for top dressing; urea is used for that.
W2934,What is urea and when to use,en,general,term_explanation,"Urea is a white granule fertilizer that gives nitrogen (N) to the crop. Nitrogen makes leaves green and helps the plant grow and give more yield. Urea is not put in large amount at sowing; it is given in splits: a little at sowing and then as top dressing at tillering and sometimes at booting. It is spread on the soil and then irrigation is given so it dissolves and goes to the roots. If too much is given at once, some can be lost; so split dose is better."
W2935,What is herbicide and weedicide same or different,en,general,term_explanation,"Herbicide and weedicide mean the same thing: a chemical that kills or stops weeds (unwanted plants in the field). Herbicide is the common English word; weedicide is also used in India and Pakistan. Both are sprays used in the crop to control weeds so that the crop gets more space, light and food. You must use the right product for your crop and type of weed (grass or broad leaf). Dose and timing are on the label; wrong use can damage the crop."
W2936,What is fungicide explain simply,en,general,term_explanation,"A fungicide is a chemical that kills or stops fungus. Fungus causes many crop diseases like rust (zang), blight, powdery mildew, and smut. The fungicide is mixed in water and sprayed on leaves or applied to seed. Some fungicides work on the surface; others go inside the plant (systemic) and protect new growth too. You must use the one recommended for your crop and disease. Spray when disease is first seen; repeat as per label to protect the crop."
W2937,What is foliar spray meaning,en,general,term_explanation,"Foliar spray means spraying fertilizer or medicine on the leaves of the plant instead of putting it in the soil. The leaves take in the nutrient or chemical through their surface. It is used when the crop needs a nutrient quickly (e.g. zinc, urea) or when soil application is late. The mix is made as per dose (e.g. 2% urea in water) and sprayed with a sprayer in morning or evening. Hot sun and strong wind are avoided so that leaves do not burn and spray does not drift."
W2938,What is zero tillage in farming,en,general,term_explanation,"Zero tillage means sowing the next crop without ploughing or turning the soil. The field is not ploughed; a special drill puts seed and fertilizer directly into the soil through the leftover straw and stubble of the previous crop. It saves time, diesel and labour; it also keeps soil moisture and improves soil over time. It is common for wheat after rice when there is little time. You need a zero-till drill or happy seeder and the residue should not be burned."
W2939,What is IPM in crop pest control,en,general,term_explanation,"IPM means Integrated Pest Management. It is a way to control pests (insects, diseases, weeds) by using several methods together instead of only chemical spray. Steps include: (1) Scout the field regularly to see if pest is there and how much. (2) Use threshold—spray only when pest number crosses a limit. (3) Keep field clean and use resistant variety. (4) Use natural or biological control where possible. (5) Use chemical when needed with right dose. This saves cost and is safer for health and environment."
W2940,What is test weight in grain,en,general,term_explanation,"Test weight is the weight of a fixed volume of grain, usually one litre or one bushel. It is measured in kg per hectolitre or kg per 40 litres. Heavier (denser) grain has higher test weight; it means grain is well filled and mature. Buyers and mills pay more for higher test weight. To get good test weight, use good variety, harvest at right time when grain is hard, and store properly. Low test weight can be due to late sowing, disease or poor filling."
W2941,What is topdress or top dressing,en,general,term_explanation,Top dressing means putting fertilizer on the soil surface after the crop has already been sown and is growing. It is not mixed in soil at sowing like basal dose. Urea is the most common top dress: it is spread by hand or machine on the field and then irrigation is given so it dissolves and reaches the roots. It is done at important stages like tillering and booting when the crop needs more nitrogen. Amount per acre is as per recommendation; split in 2–3 times is better than all at once.
W2942,What is crop residue meaning,en,general,term_explanation,"Crop residue is the part of the plant left in the field after harvest: straw, stubble, leaves and roots. For example after wheat harvest the straw and cut stems are residue; after rice the standing stubble and straw are residue. It can be left on the surface (for zero till), mixed in soil, or removed. Burning residue is not good for soil and air; better is to use it as mulch, compost or sow next crop with happy seeder in the residue. It adds organic matter and saves moisture."
W2943,What is procurement center,en,general,term_explanation,"Procurement center is a place run by the government (e.g. food department) where farmers can sell their crop (like wheat, rice) at the official support price. The government buys grain for storage and distribution. The list of centers is given by the agriculture or food department; farmers bring grain, it is weighed and tested, and payment is made as per policy. It gives a sure market and fixed price. You need to bring required documents and meet quality standards."
W2944,What is threshold when to spray insecticide,en,general,term_explanation,"Threshold means the level or number of pest at which you must take action (e.g. spray). Below threshold, the pest is not enough to cause much loss and spray may not be needed. For example aphid threshold in wheat may be 5–10 aphids per tiller; when you see that many, you spray. Extension workers or recommendation guides give threshold for each pest and crop. Spraying before threshold wastes money and can harm beneficial insects; after threshold you may lose yield."
W2945,What is systemic fungicide,en,general,term_explanation,"Systemic fungicide is a medicine that enters the plant and moves inside it (in sap). So it not only protects the place where you spray but also new leaves and parts that grow later. It is used for diseases like rust and blight where the fungus is inside the leaf. You spray on leaves; the chemical goes in and helps control the disease for some days. Non-systemic (contact) fungicide only stays on the surface. For rust and serious disease, systemic is often recommended."
W2946,What is seed treatment,en,general,term_explanation,"Seed treatment means putting a chemical (fungicide or insecticide) on the seed before sowing. The seed is mixed with the chemical or dipped in a solution so that the seed is coated. It protects the seed and young plant from seed-borne diseases (like smut, bunt) and some soil pests. It is done a few days before sowing; after treatment seed is dried in shade and then used. Certified seed is often already treated; if you use your own seed, treatment is very important."
W2947,What is basal dose in fertilizer,en,general,term_explanation,"Basal dose means the fertilizer that you apply at the time of sowing, once at the start. It is put in or on the soil with the seed or just after sowing. Usually it includes phosphorus (e.g. DAP, SSP) and sometimes part of nitrogen and potash. Basal dose helps the young plant and roots to grow well. The rest of nitrogen is given later as top dressing. So basal = first dose at sowing; top dress = later doses when crop is growing."
W2948,What is crown root stage,en,general,term_explanation,"Crown-root stage is the early growth stage when the wheat or similar crop has 2–3 leaves and the crown (base) and roots are developing. It comes about 20–25 days after sowing. First irrigation is usually given at this stage so that roots go deep and tillers can form. If water is delayed too much, the crop may not tiller well. So crown-root stage is the time for first water and sometimes a little urea."
W2949,What is grain filling stage,en,general,term_explanation,"Grain filling stage is when the crop has flowered and the grain (seed) is forming and filling with starch. The grain grows in size and weight. For wheat it is after flowering; for rice after panicle comes. This stage needs enough water and no big stress (heat, disease). If water or nutrition is missing at grain filling, yield and test weight go down. Last irrigation is often given during grain filling."
W2950,What is pre emergence herbicide,en,general,term_explanation,"Pre-emergence herbicide is a weedicide that is applied before the weeds have come out of the soil. It is put on the soil right after sowing (or before) when the crop and weeds have not emerged. The chemical stays in the soil and kills weed seeds when they germinate. So weeds are controlled early. It is used when the label says pre-emergence; you need soil moisture for it to work. If you miss this, you use post-emergence later."
W2951,What is post emergence herbicide,en,general,term_explanation,"Post-emergence herbicide is a weedicide that is applied after the crop and weeds have come out of the soil. It is sprayed when weeds are small (e.g. 25–35 days after sowing). The product is chosen so it kills the weed but not the crop (selective). You must use the right dose and stage; if weeds are too big, control is poor. Post-emergence is used when you did not use pre-emergence or when pre was not enough."
W2952,What is tank mix in spraying,en,general,term_explanation,"Tank mix means mixing two or more chemicals (e.g. two pesticides, or pesticide and fertilizer) in the same spray tank and spraying together. It saves time and one round of spray. But you must only mix if both product labels allow it. Some mixes can damage the crop or reduce effect. So check label or ask extension: 'Can I mix this urea with this weedicide?' If not sure, spray separately. Wrong tank mix can burn crop or waste money."
W2953,What is FYM farmyard manure,en,general,term_explanation,"FYM means Farmyard Manure. It is organic manure made from cattle dung and urine mixed with straw or crop residue, kept in a pit or heap for months until it is rotten (decomposed). It adds organic matter and some nutrients to the soil and improves soil structure. Farmers apply 2–4 ton per acre before sowing, often with chemical fertilizer. It is not a replacement for full chemical dose but is used along with it. Well-rotten FYM is better than fresh dung."
W2954,What is waterlogging in field,en,general,term_explanation,"Waterlogging is when the field has too much water and the soil is full of water for a long time. Roots cannot get air and may rot; crop turns yellow and can die. It happens when there is heavy rain or too much irrigation and poor drainage. To fix it, drain the water out through drains or pumps. To avoid it, do not over-irrigate and improve drainage (level field, make channels). Waterlogging is a common problem in low or flat areas."
W2955,What is drainage in agriculture,en,general,term_explanation,"Drainage means the way extra water leaves the field. Good drainage is when rain or irrigation water does not stand on the surface; it goes away through channels, slopes or pipes. Poor drainage means water stays, leading to waterlogging. To improve drainage you make drains (naaliyan), level the field so water flows, and sometimes use pipes or raised beds. Good drainage is important for healthy roots and to avoid root rot and lodging."
W2956,What is resistant variety,en,general,term_explanation,"Resistant variety is a crop variety that does not get a certain disease or pest easily, or gets it less. For example a rust-resistant wheat variety will have less or no rust even when the disease is in the area. Scientists breed such varieties. You should use resistant variety when that disease or pest is common in your area. It reduces the need for spray and saves cost. Resistant does not mean immune; under heavy pressure some infection may still occur."
W2957,What is combine harvester,en,general,term_explanation,"Combine harvester (combine) is a machine that does three jobs in one go: it cuts the crop (reaping), threshes it (separates grain from straw), and cleans the grain. So in one pass the crop is harvested and you get grain and straw. It is used for wheat, rice, maize etc. It saves labour and time. You need to set it properly (drum, speed) to reduce loss. It is used when crop is fully ripe and grain is hard."
W2958,What is threshing meaning,en,general,term_explanation,"Threshing means separating the grain from the straw and chaff. After cutting the crop, the ear or panicle has grain; threshing is beating or rubbing so that grain comes out. It can be done by hand (beating with stick), by animal, or by machine (thresher or combine). Threshing loss is the grain that is lost (broken, left in straw) during this. To reduce loss, thresh when grain is fully dry and use correct machine setting."
W2959,What is support price from government,en,general,term_explanation,"Support price is the minimum price announced by the government for a crop (e.g. wheat, rice). The government says it will buy at least at this price from farmers at procurement centers. It helps farmers get a fair price when market rate is low. Support price is declared before the season. When you sell at procurement center you get this price if your grain meets quality. It is also called minimum support price (MSP) in some countries."
W2960,What is forward contract in selling crop,en,general,term_explanation,"Forward contract means an agreement to sell your crop at a fixed price at a future date (e.g. after harvest). You and the buyer agree on price and quantity now; you deliver later. Benefit is you know the price and are safe if market price falls. Drawback is you do not get more if price rises. It is used by some traders and mills. Terms (quality, payment, date) should be clear and written. It can reduce risk for the farmer."
W2961,What is stubble in field,en,general,term_explanation,"Stubble is the lower part of the plant stem left standing in the field after the crop is cut. For example after wheat or rice harvest, the cut stems that remain in the field are stubble. It is a type of residue. In zero tillage, the next crop is sown in the same field without removing stubble; the drill passes through it. Burning stubble is harmful; better to leave it or use happy seeder. Stubble helps keep soil and moisture."
W2962,What is mulch in farming,en,general,term_explanation,"Mulch is a layer of material spread on the soil surface (e.g. straw, leaves, plastic). It reduces evaporation so soil stays moist longer; it also reduces weeds and keeps soil cool. Organic mulch (straw, residue) later mixes in and adds organic matter. In dry areas mulch helps save water. After sowing you can spread straw as mulch. Plastic mulch is used in some vegetables. Mulch is good for moisture and soil health."
W2963,What is micronutrient,en,general,term_explanation,"Micronutrient is a nutrient that the crop needs in small amount compared to N, P, K. Examples are zinc, iron, boron, sulphur, manganese. Without them crop can show deficiency (e.g. zinc: white streaks on leaves; boron: poor grain set). They are given in small dose: in soil or as foliar spray. Soil test can tell if soil is low in micronutrient. Using only urea and DAP without micronutrients can limit yield when soil is deficient."
W2964,What is NPK in fertilizer,en,general,term_explanation,"NPK means the three main nutrients in fertilizer: N = Nitrogen, P = Phosphorus, K = Potash (Potassium). Nitrogen gives green growth and yield; phosphorus helps roots and flowering; potash helps grain quality and strength. Fertilizer bags show NPK ratio e.g. 20-20-0 or 46-0-0 (urea). Soil test tells how much N, P, K to add. Basal dose often has P and K; N is given in splits. Balanced NPK gives better yield than only urea."
W2965,What is soil pH,en,general,term_explanation,"Soil pH is a number that shows whether soil is acidic, neutral or alkaline. Scale is 0–14: 7 is neutral; below 7 is acidic; above 7 is alkaline. Most crops like 6–7.5. If pH is too low (acidic) or too high (alkaline), nutrients are less available and crop does not grow well. You can test pH in a lab. To correct: add lime if too acidic; add gypsum and improve drainage if too alkaline. pH affects fertilizer use and crop choice."
W2966,What is saline soil,en,general,term_explanation,"Saline soil is soil that has too much salt (e.g. sodium, chloride). It is common in dry areas and where irrigation water has salt. High salt harms roots and growth; plants may wilt and leaves can burn. You can measure salinity with EC (electrical conductivity). To manage: use good quality water, improve drainage, add gypsum if needed, and grow salt-tolerant crops (e.g. barley, some wheat, cotton). Saline soil is also called namak zameen or kharab zameen."
W2967,What is crop rotation,en,general,term_explanation,"Crop rotation means growing different crops on the same field in different seasons or years. For example wheat after rice, or maize after wheat. It breaks the cycle of pests and diseases, uses soil nutrients better, and can improve soil (e.g. legume adds nitrogen). Same crop again and again (monocrop) can increase disease and reduce yield. So rotation is a good practice. Choice of next crop depends on water, season and market."
W2968,What is green manure,en,general,term_explanation,"Green manure is a crop that is grown not for harvest but to be cut and mixed into the soil while green or after a little drying. Legumes like mung, mash, or sesbania are common. They add nitrogen and organic matter when mixed in. You grow them for 1–2 months, then cut and plough in 3–4 weeks before sowing the main crop. It improves soil and reduces need for some chemical N. It is an old and useful practice."
W2969,What is scouting in field,en,general,term_explanation,"Scouting means going through the field regularly to look at the crop and notice problems. You check for pests (insects, disease), weeds, water stress, and growth. So you see early if something is wrong and can act in time. Scouts do it every 7–10 days or more when there is a problem. You can note what you see (record). It is the first step in IPM. Without scouting you may spray too late or too much."
W2970,What is booting stage in wheat,en,general,term_explanation,"Booting stage is when the wheat plant has formed the ear (head) inside the stem but it is not yet out. The stem is swollen at the top like a boot; the ear will come out soon. It comes after tillering and before flowering. It is a critical stage for water and sometimes for second dose of urea. If water or nitrogen is missing at booting, number of grains and yield can go down. So irrigation and top dress at booting are important."
W2971,fumigation kya hai samjhaen mujhe pata nahi,roman_ur,general,term_explanation,Fumigation woh tareeqa hai jis se store kiye hue dane ke andar keerey maare jate hain. Fumigant ek gas ya chemical hota hai jo band godown ya store mein chhoda jata hai; gas puri jagah bhar jati hai aur andar ke keerey mar jate hain. Jab keerey dane ke andar hon aur spray andar tak na pahunche tab fumigation ki zarurat hoti hai. Store bilkul band hona chahiye taake gas bahar na nikle; kuch din baad store khol kar hawa dete hain. Label aur safety follow karein; bachon janwar door rakhein.
W2972,tillering stage matlab kya hai faslon mein,roman_ur,general,term_explanation,Tillering woh stage hai jab gandum ya chawal ka pauda neeche se extra tane (tillers) nikalta hai. Ek beej se pehle ek main tana; phir neeche se chhoti shaakhein tillers kehlati hain. Zyada tillers ka matlab baad mein zyada dana kyunke har tiller par bal ya panicle aa sakta hai. Ye stage crown-root ke baad aur booting se pehle aata hai. Pehla pani aur pehli urea topdress aksar tillering par diye jate hain taake tillers achey niklein.
W2973,DAP kya hai khaad ka naam,roman_ur,general,term_explanation,DAP ka matlab Di-Ammonium Phosphate hai. Ye chemical khaad hai jo do ahem nutrients deta hai: nitrogen (N) aur phosphorus (P). Phosphorus jaden mazboot karta hai aur shuruat ki growth; nitrogen hara patta aur growth. Kisan ise bone ke waqt basal dose ke tor par dalte hain; beej ke sath ya turant baad zameen mein milate hain. Pakistan mein ek bag aam 50 kg; per acre gandum aur zyada tar faslon ke liye 1–2 bag. Isse top dressing nahi karte; urea use hoti hai.
W2974,urea kya hai kab use hoti hai,roman_ur,general,term_explanation,Urea safed dana khaad hai jo fasal ko nitrogen (N) deti hai. Nitrogen patte hara karta hai aur paude ko barhne aur zyada paidawar dene mein madad karta hai. Urea bone par zyada nahi dali jati; split mein di jati hai: thori bone par phir tillering par topdress aur kabhi booting par. Zameen par chirak kar pani dete hain taake ghul kar jaden tak jaye. Ek dafa zyada dene se kuch waste ho sakti hai; is liye split dose behtar.
W2975,herbicide weedicide kya hai dono same hain,roman_ur,general,term_explanation,Herbicide aur weedicide dono ka matlab same hai: woh chemical jo jhariyan (ghaas chauri waghaira) ko marta hai ya rokta hai. Herbicide English mein zyada; weedicide bhi Pakistan India mein bolte hain. Dono spray hain jo fasal mein jhariyan kam karne ke liye chhidke jate hain taake fasal ko zyada jagah roshni aur khuraak mile. Apni fasal aur jhari ki qism (ghaas ya chauri) ke mutabiq product len. Dose aur waqt label par; ghalat use se fasal nuqsan ho sakti hai.
W2976,fungicide kya hai simple bataen,roman_ur,general,term_explanation,"Fungicide woh chemical hai jo fungus ko marta hai ya rokta hai. Fungus se zang, blight, powdery mildew, smut jaisi bimariyan hoti hain. Fungicide pani mein mila kar patton par chhidka jata hai ya beej par lagaya jata hai. Kuch sirf surface par; kuch andar jate hain (systemic) aur naye patton ko bhi bachate hain. Apni fasal aur bimari ke liye recommend wala use karein. Pehli nishani par chhidkain; label ke mutabiq dohraen."
W2977,foliar spray ka matlab kya hai,roman_ur,general,term_explanation,"Foliar spray ka matlab patton par khaad ya dawai chhidkana, zameen mein dalne ke bajay. Patton ke zariye nutrient ya chemical andar jata hai. Jab fasal ko jald nutrient chahiye (maslan zinc, urea) ya zameen ki khaad der se di ho tab use karte hain. Dose ke mutabiq mix (maslan 2% urea pani mein) bana kar sprayer se subah ya sham chhidkate hain. Dhoop tez aur tundi hawa avoid karein taake patte na jalein aur spray idhar udhar na ho."
W2978,zero tillage kya hai kheti mein,roman_ur,general,term_explanation,Zero tillage ka matlab agli fasal bina jot ke bone. Zameen hilti nahi; khaas drill se beej aur khaad purani fasal ka bhoosa aur stubble ke andar seed drill karta hai. Is se waqt diesel mazdoori bachti hai aur zameen ki nami bhi; waqt ke sath zameen behtar hoti hai. Chawal ke baad gandum ke liye aam hai jab waqt kam ho. Zero-till drill ya happy seeder chahiye; residue jalaen mat.
W2979,IPM kya hai keeron ke liye,roman_ur,general,term_explanation,IPM ka matlab Integrated Pest Management hai. Ye keeron bimariyon jhariyan ko control karne ka tareeqa hai jismein sirf chemical nahi balke kayi tareeke ek sath use hote hain. (1) Khet scout karein ke pest kitna hai. (2) Threshold use karein—jab hadd cross ho tab spray. (3) Khet saaf resistant variety. (4) Natural ya biological control jahan ho. (5) Chemical jab zarurat ho sahi dose. Is se lagat bachti hai aur sehat mahaul dono behtar.
W2980,test weight kya hoti hai dane ki,roman_ur,general,term_explanation,Test weight woh weight hai jo ek fixed size (maslan ek litre) dane ka hota hai. Isse kg per hectolitre ya kg per 40 litre mein naapte hain. Bhari (dense) dane ki test weight zyada hoti hai; matlab dana bhara hua aur pakka. Kharedar aur mills zyada test weight par zyada dete hain. Achi test weight ke liye achi variety sahi waqt kaatai aur theek store. Kam test weight der bone bimari ya kam bharne se ho sakti hai.
W2981,topdress top dressing kya hai,roman_ur,general,term_explanation,Topdress ya top dressing ka matlab fasal bone ke baad jab pauda ugg aa chuka ho tab zameen ki surface par khaad dalna. Ye basal dose ki tarah bone par ek sath nahi dali jati. Urea sab se aam topdress: haath ya machine se khet par chirak kar phir pani dete hain taake ghul kar jaden tak jaye. Tillering aur booting jaisi ahem stages par di jati hai jab fasal ko zyada nitrogen chahiye. Per acre miqdar recommendation; 2–3 dafa split ek sath se behtar.
W2982,residue matlab kya hai fasal ka,roman_ur,general,term_explanation,"Residue matlab fasal kaatne ke baad khet mein bacha hua hissa: bhoosa, stubble, patte, jaden. Maslan gandum kaatne ke baad bhoosa aur kaate hue tane residue; chawal ke baad khari stubble aur bhoosa. Isse surface par chhora ja sakta hai (zero till), zameen mein milaya ya hataaya. Residue jalaana zameen aur hawa dono ke liye bura; behtar hai mulch compost ya happy seeder se agli fasal bone. Is se organic matter aur nami bachti hai."
W2983,procurement center kya hota hai,roman_ur,general,term_explanation,"Procurement center woh jagah hai jahan sarkar (maslan food department) kisan se fasal (gandum chawal) support price par khareedti hai. Sarkar dana store aur taqseem ke liye khareedti hai. Center ki list agriculture ya food department deti hai; kisan dana le kar aate hain, tarazu aur test hota hai, policy ke mutabiq payment. Is se pakka bazar aur fix rate milta hai. Documents aur quality standard poore karne hote hain."
W2984,threshold kya hai jab spray karna zaroori ho,roman_ur,general,term_explanation,Threshold woh hadd ya number hai jahan pest itna ho gaya ke aapko action (maslan spray) karna zaroori ho. Threshold se neeche nuqsan kam hota hai aur spray ki zarurat nahi. Maslan gandum mein chust ka threshold 5–10 per tiller ho sakta hai; itne dikhein to spray. Extension ya recommendation mein har pest crop ke liye threshold diya hota hai. Pehle spray karna paisa zaya aur faida mand keerey nuqsan; baad mein yield kam.
W2985,systemic fungicide kya hai,roman_ur,general,term_explanation,Systemic fungicide woh dawai hai jo paude ke andar chali jati hai aur sap ke sath move karti hai. Is liye sirf jahan spray kiya wahan nahi balke naye patte aur baad ki growth bhi bachti hai. Zang blight jaisi bimariyon ke liye use hoti hai jahan fungus patte ke andar hota hai. Patton par chhidkate hain; chemical andar jata hai aur kuch din bimari control karta hai. Contact fungicide sirf surface par rehta hai. Zang jaisi bimari ke liye aksar systemic recommend hoti hai.
W2986,seed treatment kya hota hai,roman_ur,general,term_explanation,Seed treatment ka matlab bone se pehle beej par chemical (fungicide ya insecticide) lagana. Beej chemical ke sath milaya jata hai ya solution mein dip kiya jata hai taake coat ho jaye. Is se beej aur chhote paude ko beej se aane wali bimari (smut bunt) aur kuch mitti ke keeron se bachaya jata hai. Bone se kuch din pehle karte hain; treatment ke baad beej shade mein sukha kar use karte hain. Certified beej aksar pehle se treated hota hai; apna beej ho to treatment zaroori hai.
W2987,basal dose matlab kya hai khaad ki,roman_ur,general,term_explanation,Basal dose matlab woh khaad jo bone ke waqt ek dafa shuruat mein dali jati hai. Beej ke sath ya bone ke turant baad zameen mein ya upar dali jati hai. Aam tor par isme phosphorus (DAP SSP) hota hai aur kabhi nitrogen potash ka hissa. Basal dose chhote paude aur jaden ko barhne mein madad karti hai. Baqi nitrogen baad mein topdress. To basal = bone par pehli dose; topdress = baad ki doseein jab fasal barh rahi ho.
W2988,crown root stage kya hai,roman_ur,general,term_explanation,Crown-root stage woh shuruat ki growth stage hai jab gandum jaisi fasal ke 2–3 patte nikle hon aur crown (neeche ka base) aur jaden ban rahi hon. Bone ke lagbhag 20–25 din baad aata hai. Pehla pani aksar isi stage par diya jata hai taake jaden gehraee jayein aur tillers ban saken. Pani zyada der ho to tillering kam ho sakti hai. Is liye crown-root stage pehle pani aur kabhi thori urea ka waqt hai.
W2989,grain filling stage kya hai,roman_ur,general,term_explanation,Grain filling stage woh waqt hai jab fasal phool chuki hai aur dana (beej) banna aur bhar raha hai. Dana size aur weight mein barhta hai. Gandum ke liye phool ke baad; chawal ke liye panicle ke baad. Is stage par pani aur koi bada stress (garmi bimari) na ho. Grain filling par pani ya nutrition kami ho to yield aur test weight kam. Last pani aksar grain filling ke dauran diya jata hai.
W2990,pre emergence herbicide kya hai,roman_ur,general,term_explanation,Pre-emergence herbicide woh weedicide hai jo jhariyan uggne se pehle chhidki jati hai. Bone ke turant baad (ya pehle) zameen par dali jati hai jab na fasal na jhariyan nikli hon. Chemical zameen mein rehta hai aur jhariyan jab uggen to unhe maarta hai. Is se jaldi control. Jab label par pre-emergence ho tab use karein; kaam ke liye zameen mein nami chahiye. Ye miss ho to baad mein post-emergence use karte hain.
W2991,post emergence herbicide kya hai,roman_ur,general,term_explanation,Post-emergence herbicide woh weedicide hai jo tab chhidki jati hai jab fasal aur jhariyan dono ugg chuki hon. Jab jhariyan chhoti hon (maslan bone ke 25–35 din baad) tab spray. Product aisa hota hai ke jhariyan marein fasal na (selective). Dose aur stage sahi rakhein; jhariyan zyada badi hon to control kam. Post-emergence tab use karte hain jab pre use na kiya ho ya kaafi na ho.
W2992,tank mix kya hai chhidkai mein,roman_ur,general,term_explanation,Tank mix ka matlab do ya zyada chemicals (maslan do pesticides ya pesticide aur khaad) ko ek hi spray tank mein mila kar ek sath chhidkana. Is se ek round bachta hai. Lekin sirf tab mix karein jab dono products ka label allow kare. Kuch mix se fasal nuqsan ya effect kam ho sakta hai. Label ya extension se puchen: ye urea is weedicide ke sath mix kar sakte hain? Pakka na ho to alag chhidkain. Ghalat tank mix se fasal jal sakti hai.
W2993,FYM gobar khaad kya hai,roman_ur,general,term_explanation,"FYM ka matlab Farmyard Manure hai. Ye organic khaad gaay bhais ke gobar aur peshab ko straw ya fasal residue ke sath mila kar pit ya dher mein rakhte hain jab tak galay na ho jaye. Zameen ko organic matter aur kuch nutrients milte hain aur structure behtar hota hai. Kisan bone se pehle 2–4 ton per acre dalte hain, aksar chemical khaad ke sath. Ye poori chemical ki jagah nahi lekin sath use hota hai. Galay FYM taza gobar se behtar."
W2994,waterlogging kya hoti hai khet mein,roman_ur,general,term_explanation,Waterlogging ka matlab khet mein pani zyada bhar jata hai aur zameen lambe waqt tak pani se bhari rehti hai. Jaden ko hawa nahi milti aur galti ho sakti hain; fasal zard ho kar mar sakti hai. Zyada barish ya zyada pani aur kam drainage se hota hai. Theek karne ke liye naaliyon ya pump se pani nikaalen. Bachne ke liye zyada pani na dein aur drainage behtar karein (level naaliyan). Neechi ya flat jagah mein aam masla hai.
W2995,drainage kya hai kheti mein,roman_ur,general,term_explanation,"Drainage ka matlab extra pani khet se bahar nikalne ka tareeqa. Achi drainage jab barish ya pani surface par nahi rukta; naaliyon dhal ya pipes se nikal jata hai. Kharab drainage mein pani rukta hai aur waterlogging. Behtar karne ke liye naaliyan banaen, zameen level karein taake pani beh jaye, kabhi pipes ya raised beds. Jaden sehatmand aur root rot lodging se bachne ke liye drainage zaroori hai."
W2996,resistant variety kya hoti hai,roman_ur,general,term_explanation,Resistant variety woh fasal ki qism hai jo kisi bimari ya keere se aasani se nahi lagti ya kam lagti hai. Maslan zang resistant gandum variety zang se kam ya bilkul bach jati hai. Scientists aisi varieties banate hain. Jab woh bimari ya keera aapke ilaqe mein aam ho to resistant variety len. Is se spray ki zarurat kam aur lagat bachti hai. Resistant ka matlab immune nahi; zyada pressure par thora infection ho sakta hai.
W2997,combine harvester kya hota hai,roman_ur,general,term_explanation,"Combine harvester (combine) woh machine hai jo teen kaam ek sath karti hai: fasal kaatna (reaping), dana alag karna (threshing), aur dana saaf karna. Ek pass mein fasal kaat kar aapko dana aur bhoosa mil jata hai. Gandum chawal makki waghaira ke liye. Mazdoori aur waqt bachta hai. Loss kam karne ke liye setting (drum speed) theek karni parti hai. Jab fasal bilkul pakki aur dana sakht ho tab use karte hain."
W2998,threshing ka matlab kya hai,roman_ur,general,term_explanation,"Threshing ka matlab dana bhoosa aur bhoosi se alag karna. Fasal kaatne ke baad bal ya panicle mein dana hota hai; threshing peetna ya ragarna hai taake dana nikal jaye. Haath se (chhari se), janwar se ya machine (thresher ya combine) se ho sakta hai. Threshing loss woh dana jo is dauran kho jata hai (tootna bhoose mein rehna). Loss kam karne ke liye dana pakka sukha hone par threshing karein aur machine setting sahi."
W2999,support price sarkari kya hai,roman_ur,general,term_explanation,Support price woh kam az kam rate hai jo sarkar fasal (gandum chawal) ke liye announce karti hai. Sarkar procurement centers par is rate se kisan se khareedegi. Jab bazar rate kam ho to kisan ko theek rate milta hai. Mausam se pehle announce hoti hai. Procurement center par bechne par quality mutabiq ye rate milta hai. Kuch mulkon mein ise minimum support price (MSP) bhi kehte hain.
W3000,forward contract bechne mein kya hai,roman_ur,general,term_explanation,Forward contract ka matlab aap aur kharedar abhi fix rate par baad mein (maslan kaatai ke baad) fasal bechne ka agreement karte hain. Abhi rate aur miqdar fix; baad mein delivery. Faida ye ke aapko rate pata aur rate girne ka risk kam. Nuqsan ye ke rate barhe to zyada nahi milta. Kuch beopari mills use karte hain. Shartain (quality payment date) clear aur likhi honi chahiye. Kisan ke liye risk kam ho sakta hai.
W3001,stubble kya hoti hai khet mein,roman_ur,general,term_explanation,Stubble woh neeche ka tana hai jo fasal kaatne ke baad khet mein khada reh jata hai. Maslan gandum ya chawal kaatne ke baad kaate hue tane jo zameen mein reh jate hain woh stubble. Ye residue ki ek qism hai. Zero tillage mein agli fasal bina stubble hatae bone; drill isi ke andar se guzarti hai. Stubble jalaana nuqsan deh; behtar chhorna ya happy seeder. Stubble zameen aur nami bachane mein madad karti hai.
W3002,mulch kya hota hai kheti mein,roman_ur,general,term_explanation,Mulch woh layer hai jo zameen ki surface par failayi jati hai (maslan bhoosa patte plastic). Is se evaporation kam aur zameen zyada der nami mein rehti hai; jhariyan bhi kam hoti hain aur zameen thandi. Organic mulch (bhoosa residue) baad mein zameen mein mil jati hai aur organic matter banati hai. Sukhe ilaqe mein mulch pani bachati hai. Bone ke baad bhoosa mulch kar sakte hain. Plastic mulch kuch sabziyon mein. Mulch nami aur zameen ke liye acha.
W3003,micronutrient kya hai,roman_ur,general,term_explanation,Micronutrient woh nutrient hai jo fasal ko N P K se kam miqdar mein chahiye. Maslan zinc iron boron sulphur manganese. In ke bina kami dikh sakti hai (zinc: patton pe safed lakeeren; boron: dana kam). Inhe chhoti dose mein dete hain: zameen mein ya foliar spray. Soil test bata sakta hai zameen mein kami. Sirf urea DAP bina micronutrient se jab zameen kami wali ho to paidawar limit ho sakti hai.
W3004,NPK kya hai khaad mein,roman_ur,general,term_explanation,"NPK matlab khaad mein teen ahem nutrients: N = Nitrogen, P = Phosphorus, K = Potash. Nitrogen hara growth aur yield; phosphorus jaden aur phool; potash dane ki quality aur mazbooti. Khaad ki bori par NPK ratio hota hai maslan 20-20-0 ya 46-0-0 (urea). Soil test batata hai kitna N P K dena. Basal mein aksar P K; N split mein. Balanced NPK sirf urea se behtar yield deti hai."
W3005,soil pH kya hota hai,roman_ur,general,term_explanation,Soil pH woh number hai jo batata hai zameen tezabi (acidic) neutral ya alkaline hai. Scale 0–14: 7 neutral; 7 se neeche acidic; 7 se upar alkaline. Zyada tar faslen 6–7.5 pasand karti hain. pH zyada kam ya zyada zyada ho to nutrients kam milte aur fasal kam barhti. Lab mein pH test. Theek karne ke liye: acidic ho to chuna; alkaline ho to gypsum aur drainage. pH khaad aur fasal choice dono par asar.
W3006,saline zameen namak wali kya hoti hai,roman_ur,general,term_explanation,Saline zameen woh zameen hai jismein namak (sodium chloride waghaira) zyada ho. Sukhe ilaqe aur jahan pani namak wala ho wahan aam. Zyada namak jaden aur growth nuqsan; paude murjha sakte patte jal sakte. EC (electrical conductivity) se salinity naap sakte hain. Theek karne ke liye: acha pani drainage gypsum zarurat ho to namak sahne wali faslen (jau kuch gandum kapas). Saline zameen ko namak zameen bhi kehte hain.
W3007,crop rotation fasal badalna kya hai,roman_ur,general,term_explanation,Crop rotation ka matlab same khet mein alag alag mausam ya saal mein alag faslen ugaina. Maslan chawal ke baad gandum ya gandum ke baad makki. Is se pest aur bimari ka chakkar toot jata hai aur zameen ka istemal behtar; legume nitrogen bhi add karta hai. Wahi fasal bar bar (monocrop) bimari aur kam yield. Is liye rotation acha amal hai. Agli fasal pani mausam bazar ke hisaab se.
W3008,green manure kya hoti hai,roman_ur,general,term_explanation,Green manure woh fasal hai jo kaatne ke liye nahi balke kaat kar zameen mein milane ke liye ugayi jati hai. Mung mash sesbania jaisi dalen aam. Galne par nitrogen aur organic matter milta hai. 1–2 mahine ugate hain phir main fasal bone se 3–4 haftay pehle kaat kar jot mein milate hain. Zameen behtar hoti hai aur chemical N ki thori kami ho sakti hai. Purana aur mufeed amal hai.
W3009,scouting khet ki kya hoti hai,roman_ur,general,term_explanation,Scouting ka matlab khet mein regular ja kar fasal dekhna aur masle notice karna. Keera bimari jhari pani ki kami growth check karte hain. Is se jald pata chal jata hai kuch galat hai to waqt par ilaaj. Har 7–10 din ya masla ho to zyada. Jo dekhein note kar sakte hain. IPM ka pehla step. Bina scouting ke spray der ya zyada ho sakti hai.
W3010,booting stage gandum mein kya hai,roman_ur,general,term_explanation,Booting stage woh waqt hai jab gandum ka pauda andar se bal bana chuka hai lekin abhi bahar nahi aaya. Tane ka upar wala hissa boot jaisa phula hota hai; jald bal niklega. Tillering ke baad aur phool se pehle. Pani aur kabhi doosri urea ke liye critical stage. Booting par pani ya nitrogen kami ho to danon ki tadad aur yield kam. Is liye booting par pani aur topdress zaroori hain.
W3011,broad leaf weed chauri jhari kya hoti hai,roman_ur,general,term_explanation,"Broad leaf weed (chauri jhari) woh jhari hai jinke patte chaur hote hain jaise saag makkai ke patte. Ghaas se different; ghaas ki pattiyan patli hoti hain. Chauri jhariyon ke liye alag herbicide (maslan 2,4-D) use hota hai; ghaas wale alag. Dono ek saath sirf jab product allow kare. Pehchan kar sahi spray len; dose label par. Choti jhariyan hon to control acha."
W3012,grass weed ghaas wali jhari kya hai,roman_ur,general,term_explanation,Grass weed (ghaas wali jhari) woh jhari hai jo ghaas jaisi dikhti hai—patli lambi pattiyan. Chauri (broad leaf) se different. In ke liye grass-selective herbicide use hota hai (clodinafop waghaira). Wheat chawal mein ghaas jhari alag product se control. 25–35 din bone ke baad jab chhoti hon spray. Pehchan: patti patli nas parallel. Label par crop aur dose check karein.
W3013,seed borne disease beej se bimari kya hai,roman_ur,general,term_explanation,Seed borne disease matlab woh bimari jo beej ke zariye agli fasal tak jati hai. Smut bunt jaisi bimariyan beej ke andar ya surface par hoti hain. Bina treat beej boen to agli fasal mein bimari nikal aati hai. Bachne ke liye certified beej ya apne beej ko fungicide se treat karein. Bimari wali fasal ka beej reuse na karein. Seed treatment isi liye zaroori hai.
W3014,waiting period spray ke baad kya hoti hai,roman_ur,general,term_explanation,Waiting period woh din hain jo spray ke baad aur fasal kaatne ke beech zaroori hote hain. Pesticide label par likha hota hai maslan 7 din 14 din 21 din. Is period ke andar agar aap kaat lain to dana mein chemical ki remnant reh sakti hai jo khane wale ke liye nuqsan deh ho. Is liye label follow karein; itne din baad hi kaatain. Consumer safety ke liye zaroori hai.
W3015,calibration drill ki kya hoti hai,roman_ur,general,term_explanation,Calibration ka matlab machine (drill sprayer) ko set karna taake sahi miqdar nikale. Drill calibration: seed rate aur depth set karte hain; ek sheet par check karte hain kitna beej nikal raha; speed barabar. Sprayer: nozzle pressure height se flow check. Galat calibration se beej zyada kam ya spray ghalat ho sakta hai. Bone ya spray se pehle calibrate karein taake stand aur coverage theek ho.
W3016,herbicide rotation badal badal spray kyun,roman_ur,general,term_explanation,Herbicide rotation ka matlab har mausam ya bar alag qism ka herbicide use karna. Agar wahi product bar bar use karein to jhariyan us ke khilaf resistant ho jati hain—phir woh spray kaam nahi karti. Alag mode of action wale products badal badal use karne se resistance kam hoti hai. Is liye rotation zaroori hai. Extension se puchen kaun sa product kis mausam; label par bhi rotation likha hota hai.
W3017,loose smut gandum ki bimari kya hai,roman_ur,general,term_explanation,Loose smut gandum ki woh bimari hai jismein bal (ear) ki jagah kaala powder (fungus ke spores) nikalta hai. Beej ke andar fungus rehta hai; jab fasal ugti hai to fungus bhi sath barhta hai aur phool ki jagah smut banta hai. Bachne ke liye certified beej ya beej ko fungicide se treat karein. Smut wali fasal ka beej kabhi reuse na karein. Seed treatment is bimari ko rokta hai.
W3018,rust zang bimari kya hoti hai,roman_ur,general,term_explanation,Rust (zang) woh bimari hai jismein patton ya tanon par powder jaisi pustulen (chotay dane) nikalte hain—peeli zang (stripe) kali zang (stem) patte pe (leaf). Fungus se hoti hai. Nami aur garmi mein failti hai. Pehli nishani par systemic fungicide chhidkain. Resistant variety agle saal. Teen qismen: leaf stripe stem; sab ke liye fungicide coverage achha rakhein.
W3019,basal khaad bone par kya dalte hain,roman_ur,general,term_explanation,Basal khaad woh hai jo bone par ek sath dali jati hai—shuruat ki dose. Isme aam tor par DAP (P aur thora N) hota hai; kabhi potash bhi. Ye jaden aur shuruat ki growth ke liye. Baqi nitrogen baad mein topdress (tillering booting par). Basal = pehli dose bone par; topdress = baad ki. Soil test se total miqdar; us ka hissa basal hissa topdress.
W3020,critical stage pani kab zaroori hai matlab,roman_ur,general,term_explanation,Critical stage ka matlab woh stage jahan fasal ko pani (ya khaad) na milne se yield zyada nuqsan hota hai. Gandum ke liye aam critical stages: crown-root tillering booting flowering grain filling. In par pani na chhoren. Agar pani kam ho to inhi stages par dein. Har fasal ke liye thora farq; extension ya recommendation mein list hoti hai. Critical par pani dene se paidawar bachti hai.
W3021,moisture level nami store ke liye kya hai,roman_ur,general,term_explanation,Moisture level (nami) store ke liye woh percentage hai jitni nami tak dana sukha hona chahiye taake keerey fungus na lagain. Safe level aam 12–14% ya kam. Zyada nami (15–16%+) se keerey aur fungus. Dhoop mein patli layer sukha kar moisture meter ya weight se check kar sakte hain. Store se pehle sukha kar lain; store dry jagah. Nami theek ho to dana mahino tak safe rehta hai.
W3022,certified beej kya hota hai,roman_ur,general,term_explanation,Certified beej woh beej hai jo sarkari ya authorized agency test karke certify karti hai—purity germination disease-free. Is se paidawar aur uniformity achi; bimari kam. Bazar se certified bag len; packet par certification likhi hoti hai. Apna beej bhi use kar sakte hain lekin treat karein; certified se risk thora kam hota hai. Har saal certified lena behtar amal hai.
W3023,drill sowing line bone kya hai,roman_ur,general,term_explanation,Drill sowing (line bone) ka matlab beej ko machine (drill) se khadon mein ek line mein dalna. Faasla aur gehrayi barabar hoti hai; stand uniform. Broadcast se kam beej lagta hai aur jhariyan control asaan. Zyada tar faslon ke liye recommend. Drill ki calibration karein taake seed rate depth theek. Line sowing paidawar ke liye behtar.
W3024,broadcast bone kya hota hai,roman_ur,general,term_explanation,Broadcast bone ka matlab beej ko haath ya machine se khet par idhar udhar chirakna bina khadon ke. Line nahi hoti; beej har jagah girta hai. Is se beej zyada lagta hai aur stand ghana patla ho sakta hai. Drill (line) bone se kam behtar. Jahan drill na ho wahan broadcast karte hain. Uniformity kam; jhariyan aur kaatai thori mushkil. Line sowing recommend hai.
W3025,selective insecticide kya hota hai,roman_ur,general,term_explanation,Selective insecticide woh dawai hai jo sirf kisi khas keera ko marta hai; doosre faida mand keerey (jo keeron ko khate hain) zyada bach jate hain. Broad spectrum insecticide sab keerey marta hai. Selective use se mahaul aur balance behtar; IPM mein prefer. Maslan chust ke liye selective; label par likha hota hai selective ya broad spectrum. Jab option ho selective len.
W3026,root rot jaden galti bimari kya hai,roman_ur,general,term_explanation,Root rot woh bimari hai jismein jaden galti brown ya kaali ho kar saad jati hain; pauda kamzor ho kar nikal jata hai ya mar jata hai. Fungus ya waterlogging se. Pani bhar jane se zyada hota hai. Bachav: drainage theek waterlogging na hone dein; resistant variety rotation; seed treatment. Pehchan: paude ukharte waqt jaden naqli dikhein. Root rot mein pani nikasi zaroori hai.
W3027,leaf blight patton pe daag bimari kya hai,roman_ur,general,term_explanation,Leaf blight woh bimari hai jismein patton par daag ya lakeeren (brown grey) ban jati hain; patta sookh sakta hai. Fungus se hoti hai. Gandum chawal dono mein. Pehli nishani par fungicide (triazole strobilurin) chhidkain; coverage achha. Resistant variety agli fasal. Septoria tan spot bhi leaf spot hi hain. Extension se product; do spray 10–14 din gap.
W3028,aphid chust keera kya hota hai,roman_ur,general,term_explanation,Aphid (chust) chhota hara ya kaala keera hai jo patton ki nas aur bal ke niche chipka rehta hai; ras chusta hai. Patton pe chipchipa honeydew chhodta hai. Zyada hon to patte murjha jate growth kam. Threshold (maslan 5–10 per tiller) par insecticide chhidkain. Subah sham patton ke niche coverage. Natural enemies bhi inhe khate hain; is liye IPM mein threshold follow karein.
W3029,termite deewar keera khet mein kya hai,roman_ur,general,term_explanation,Termite (deewar keera) chhota safed keera hai jo mitti mein rehta hai aur jaden taiz patte lakdi khata hai. Khet mein jaden kaat kar nuqsan karta hai. Bachav: bone se pehle soil insecticide ya seed treatment; pani nikasi theek; purani stubble hataen. Extension se termite product; jaden ke paas nuqsan dikhe to jald control. Waterlogging wali jagah zyada hota hai.
W3030,armyworm fasal ka keera kya hota hai,roman_ur,general,term_explanation,Armyworm (army worm) larva hai jo patte kaat kar kha jata hai; raat ko zyada nikalta hai. Rang hara ya gora; badan par lakeeren. Zyada hon to puri fasal nuqsan. Pehchan kar recommended insecticide chhidkain; subah sham coverage. Nuqsan jald dikhe to control karein. Maize gandum dono mein aa sakta hai. Field clean rakhein; threshold par spray.
W3031,What is lodging when crop falls,en,general,term_explanation,"Lodging is when the crop (wheat, rice, etc.) falls or bends over instead of standing straight. It happens when stem is weak due to too much nitrogen, heavy rain, wind, or over irrigation. Once lodged, harvest is difficult and grain quality can drop. To reduce lodging use balanced nitrogen (not too much), choose lodging-resistant variety, and avoid excess water at grain filling. Lodging is also called 'girna' or 'lethna' in local language."
W3032,What is panicle in rice crop,en,general,term_explanation,"Panicle is the flower head of rice, sorghum, or similar crops. It is the branch at the top that holds the grains; in rice it is the part that emerges after booting and on which grains (spikelets) form. In wheat we say ear or spike; in rice we say panicle because it is more branched. Grain filling happens in the panicle. Good panicle size and number mean better yield; water and nitrogen at booting and flowering affect panicle."
W3033,What is DAS days after sowing,en,general,term_explanation,"DAS means Days After Sowing. It is the number of days counted from the day you sowed the crop. For example 25 DAS means 25 days after sowing. Recommendations often say 'spray at 25–35 DAS' or 'first irrigation at 20–25 DAS' so farmers know the right time without remembering exact dates. You count from sowing day; it is same for everyone regardless of calendar date. DAS helps in timing herbicide, irrigation and fertilizer."
W3034,What is SSP fertilizer,en,general,term_explanation,"SSP stands for Single Super Phosphate. It is a phosphorus fertilizer like DAP but it has only phosphorus (P) and some sulphur and calcium; it does not have nitrogen. It is used as basal dose at sowing when you want to add P without adding more N, or when soil needs sulphur. In Pakistan DAP is more common; SSP is an alternative. Per acre dose depends on soil test. SSP is sometimes cheaper where available."
W3035,What is contact fungicide,en,general,term_explanation,"Contact fungicide is a fungicide that stays on the surface of the leaf or seed and kills fungus only where it is applied. It does not enter the plant or move to new leaves. So you must spray well so that all infected parts are covered. It is used for some diseases; for rust and blight that spread inside the plant, systemic fungicide is often better. Contact fungicide needs good coverage; rain can wash it off so repeat may be needed."
W3036,What is beneficial insect,en,general,term_explanation,Beneficial insect is an insect that helps the crop by eating pest insects or by pollinating. For example ladybird eats aphids; some wasps lay eggs in pest larvae. So they are friends of the farmer. When you spray broad-spectrum insecticide you kill these too; then pests can come back faster. In IPM we try to save beneficial insects by using selective spray and threshold. Keeping some weeds or flowering plants can attract beneficials.
W3037,What is Bt cotton,en,general,term_explanation,Bt cotton is cotton that has a gene from a bacterium (Bacillus thuringiensis) put into it. This gene makes the plant produce a protein that kills bollworm larvae when they eat the leaf or boll. So Bt cotton needs less insecticide for bollworm. It does not kill other insects. Not all cotton is Bt; buy Bt seed if bollworm is a problem. Resistance to Bt can develop if same area grows Bt every year; follow recommendation.
W3038,What is bollworm in cotton,en,general,term_explanation,Bollworm is the larva (caterpillar) of a moth that attacks cotton. It eats flowers and bolls (fruit) and bores inside; damaged bolls open badly or rot. It is a major pest of cotton. Control by Bt cotton or insecticide when larvae are small. Spray at recommended stage; once inside the boll it is hard to kill. Scout for eggs and small larvae; threshold-based spray saves cost. In non-Bt cotton several sprays may be needed.
W3039,What is laser leveling,en,general,term_explanation,Laser leveling means leveling the field with a machine that uses a laser to guide a scraper or blade so the field surface becomes very even. Water then spreads evenly and there is no waterlogging in low spots or dry patches in high spots. It saves water and improves yield. It is done once; cost can be shared by hiring. Laser leveling is best before laying beds or before sowing; it helps in irrigation and drainage.
W3040,What is bed planting,en,general,term_explanation,"Bed planting means growing the crop on raised beds (long raised strips) with furrows (channels) between them. Water is given in the furrows so it goes to the roots with less waste. Beds improve aeration and drainage; less waterlogging. It is used in wheat, cotton, vegetables. You need a bed planter or bed former. Bed planting saves 20–30% water compared to flood irrigation and often gives better yield."
W3041,What is furrow irrigation,en,general,term_explanation,"Furrow irrigation means applying water in small channels (furrows) between the crop rows. Water runs along the furrow and seeps into the soil to the roots. It uses less water than flooding the whole field. The field must be leveled and rows made. It is common in maize, cotton, sugarcane. Furrow irrigation is better than flood where water is scarce; it reduces runoff and evaporation compared to flood."
W3042,What is evaporation in field,en,general,term_explanation,"Evaporation is when water turns from liquid to vapour and goes into the air. From the field, water evaporates from the soil surface and from the leaves (transpiration). In hot and windy weather evaporation is high so soil dries fast and you may need more irrigation. Mulch (straw on soil) reduces evaporation. Saving water means reducing evaporation and runoff; drip and furrow lose less to evaporation than flood."
W3043,What is EC electrical conductivity in soil,en,general,term_explanation,"EC means Electrical Conductivity. It is a measure of how much salt is in the soil or water. High EC means more salt (saline soil or brackish water). Salt harms roots and growth. EC is measured with a meter; units are dS/m or mS/cm. For most crops EC should be low; if high, improve drainage, use good water, add gypsum if needed. Soil test report often gives EC; it helps decide crop and irrigation water."
W3044,What is organic matter in soil,en,general,term_explanation,"Organic matter is the part of soil that comes from dead plants and animals: roots, leaves, dung, compost. It is not mineral; it is carbon-based. Organic matter makes soil soft, holds water and nutrients, and feeds soil organisms. More organic matter means better soil and better crop. Adding FYM, compost, green manure or residue increases organic matter. Burning residue or too much tillage reduces it. Good soil has 2–5% or more organic matter."
W3045,What is legume crop,en,general,term_explanation,"Legume is a type of crop whose roots have nodules with bacteria (rhizobium) that fix nitrogen from the air into the soil. So legume adds nitrogen without fertilizer. Examples: mung, mash, chana, lentil, groundnut, alfalfa. After legume the next crop gets some free N. Legumes are used as grain, pulse, fodder or green manure. Rotating with legume improves soil and reduces need for urea in the next crop."
W3046,What is nitrogen fixation,en,general,term_explanation,"Nitrogen fixation is when nitrogen gas from the air is converted into a form plants can use (ammonia, then nitrate). In farming it is done by rhizobium bacteria in legume roots; the plant gives them food and gets nitrogen. So legume crop 'fixes' nitrogen without fertilizer. Some blue-green algae also fix nitrogen in rice field. Chemical fertilizer (urea) is another source of N but not called fixation. Rotation with legume uses natural nitrogen fixation."
W3047,What is intercrop or intercropping,en,general,term_explanation,"Intercropping means growing two or more crops in the same field at the same time, usually in alternate rows or strips. For example maize with bean, or wheat with mustard. It uses space and light better; sometimes one crop helps the other (e.g. legume adds N). Planning is needed for spacing, harvest time and spray. Intercropping can give more total yield and reduce risk. It is different from rotation where one crop follows another in time."
W3048,What is sowing window,en,general,term_explanation,"Sowing window is the period of days or weeks when it is best to sow a crop. For example wheat sowing window in Punjab may be late October to mid November. Outside this window (too early or too late) yield can drop. The window depends on variety, region and weather. Extension and recommendation give the window for each crop. Sowing within the window is important for good yield; late sowing often needs higher seed rate and gives less yield."
W3049,What is seed rate meaning,en,general,term_explanation,"Seed rate is the amount of seed used per unit area, usually per acre or per hectare. For example wheat seed rate may be 40–50 kg per acre. It is chosen so that after germination you get the right plant population—not too few (low yield) and not too many (competition, lodging). Seed rate depends on crop, variety, sowing time and method. Late sowing often needs slightly higher seed rate. Recommendation gives the range for your crop."
W3050,What is germination,en,general,term_explanation,"Germination is when the seed wakes up and starts to grow: the root (radicle) and shoot (plumule) come out of the seed. For germination the seed needs water, right temperature and air. Good seed germinates in a few days; poor or old seed may not germinate or germinate late. Germination percentage is how many seeds out of 100 grow; certified seed has high germination. If germination is poor in field, check seed quality, depth and moisture."
W3051,What is seedling stage,en,general,term_explanation,"Seedling stage is the early growth stage just after germination when the plant has only a few leaves and is still small. It is before tillering or branching. The plant is delicate; damage by pest, frost or waterlogging at this stage can reduce stand. First irrigation and weeding are often done when crop is at seedling or early growth. Good seedling stand is the base for good yield; protect from pests and stress."
W3052,What is maturity in crop,en,general,term_explanation,"Maturity is the stage when the crop is fully developed and ready for harvest. For grain crops it is when grain is hard and has reached its full size and weight; straw may turn yellow. Physiological maturity is when grain stops filling; harvest maturity is when it is dry enough to cut and store. Harvesting too early (before maturity) gives less yield; too late may cause shattering and loss. Each crop has signs of maturity (e.g. grain hard, moisture down)."
W3053,What is shattering in harvest,en,general,term_explanation,"Shattering is when ripe grain falls from the ear or panicle before or during harvest. It happens when harvest is too late, or in wind and rain, or in some varieties that shatter easily. Shattering causes loss of yield. To reduce it harvest at right time when grain is hard but not over-dry; use combine with correct setting; avoid delay and strong wind. Some varieties are more shatter-resistant; choose them where shattering is common."
W3054,What is drought tolerant variety,en,general,term_explanation,"Drought tolerant variety is a variety that can give reasonable yield even when water is less or there are dry spells. It may have deeper roots or better water use. Such varieties are used in rainfed or low-irrigation areas. Government and research stations release drought tolerant varieties for different crops (wheat, maize, sorghum). They are not magic—under severe drought yield still drops—but they suffer less than normal varieties. Ask extension for list for your area."
W3055,What is heat stress in crop,en,general,term_explanation,"Heat stress is when high temperature harms the crop. At flowering and grain filling, too much heat can reduce grain number and size. Leaves may burn; pollen may not work. In Pakistan terminal heat (late season heat) often affects wheat. To reduce impact sow at right time so flowering and grain fill are not in peak heat; give last irrigation on time; use heat-tolerant variety if available. Shade and water help in nursery or vegetables."
W3056,What is pesticide meaning,en,general,term_explanation,"Pesticide is a general word for any chemical used to kill or control pests: insects (insecticide), fungus (fungicide), weeds (herbicide), rats (rodenticide), etc. So insecticide and fungicide are types of pesticide. Pesticide is sprayed or applied as per label; wrong use can harm crop, health and environment. Always use recommended dose and wear protection. IPM reduces need for pesticide by using other methods first."
W3057,What is dose in spray,en,general,term_explanation,"Dose is the amount of chemical (fertilizer or pesticide) to use per unit area (per acre, per litre of water) or per unit (per kg seed). For example 'urea dose 50 kg per acre' or 'spray dose 2 ml per litre'. The right dose is on the product label; too little may not work, too much wastes money and can damage crop or cause residue in grain. Measure dose carefully; do not guess. Dose is also called 'miqdar' or 'dawa ki amount'."
W3058,What is spray drift,en,general,term_explanation,"Spray drift is when spray droplets are carried by wind away from the target area to another field, crop or place. So the chemical goes where you did not want it and can damage other crops, water or people. To reduce drift use correct nozzle (e.g. flat fan), low pressure, spray when wind is calm (morning or evening), and keep the sprayer close to the crop. Do not spray in strong wind. Drift can also waste your chemical."
W3059,What is nozzle in sprayer,en,general,term_explanation,"Nozzle is the small tip at the end of the sprayer pipe where the liquid comes out as droplets. Nozzle type and size decide droplet size and pattern (e.g. flat fan, cone). Wrong nozzle can give too fine droplets (more drift) or too coarse (poor coverage). Pressure also affects spray. For most field sprays flat fan nozzle is used; pressure 2–3 bar. Nozzles wear out; change when flow increases. Clean nozzle after use."
W3060,What is weighbridge,en,general,term_explanation,"Weighbridge is a large scale on which a truck or trolley full of grain can be weighed. When you sell grain, the buyer weighs the loaded vehicle on weighbridge, then after unloading the empty vehicle is weighed again; the difference is the weight of your grain. So weighbridge tells how many kg or maund you sold. Check that the weighbridge is correct; keep the weight slip. Some cheating can happen so verify if possible."
W3061,What is grading in grain,en,general,term_explanation,"Grading is sorting grain by quality: size, colour, purity, test weight. Grade A may be clean, bold, high test weight; lower grades have more broken grain, dirt or small grain. Better grade gets better price. Grading is done by hand or machine at home or at mandi. Before selling, clean and grade your grain to get better rate. Government procurement often has minimum grade; reject if below standard."
W3062,What is happy seeder,en,general,term_explanation,"Happy seeder is a machine that sows the next crop (e.g. wheat) directly into the standing stubble and residue of the previous crop (e.g. rice) without burning or removing the residue. It cuts a slot, places seed and fertilizer, and covers. So it combines zero tillage with residue retention. It saves time, saves moisture and improves soil. It is used for wheat after rice in Punjab and elsewhere. You need to set it for seed rate and depth."
W3063,What is ploughing,en,general,term_explanation,"Ploughing (jot) is turning the soil with a plough so that the top layer goes down and the lower layer comes up. It breaks hard soil, buries weeds and residue, and prepares for sowing. Usually done 1–2 times before sowing. Deep ploughing once a year can help in hard soil. Too much ploughing can harm soil structure. Plough when soil is not too wet; then harrow and level."
W3064,What is harrowing,en,general,term_explanation,"Harrowing (sulah) is breaking the ploughed soil into smaller pieces and leveling the surface with a harrow. Harrow has discs or tines that cut the clods. It is done after ploughing, 2–3 times often. Harrowing makes the seedbed fine so seed can be placed well and germination is good. It also helps mix residue and level the field. Do not harrow when soil is too wet or too dry."
W3065,What is minimum tillage,en,general,term_explanation,"Minimum tillage means reducing the number of tillage operations (ploughing, harrowing). Instead of 2–3 ploughing and 2–3 harrowing, you do one pass or use a cultivator. It saves cost, time and fuel; it also keeps soil structure and moisture. Zero tillage is the least tillage (no plough). Minimum tillage is between full tillage and zero till. It is used in conservation agriculture; need suitable drill or equipment."
W3066,What is fertigation,en,general,term_explanation,"Fertigation means applying fertilizer through irrigation water. Soluble fertilizer (e.g. urea, some NPK) is dissolved in water and the water is given to the crop through drip or sprinkler. So crop gets water and nutrient together. It is used in drip-irrigated crops (vegetables, orchards). It allows small frequent doses and efficient use. Not all fertilizers are suitable for fertigation; use soluble ones and avoid clogging the system."
W3067,What is soil test for,en,general,term_explanation,"Soil test is when you take a sample of soil from your field and send it to a lab to find out what nutrients are in the soil (N, P, K, pH, organic matter, micronutrients). The lab gives a report and often a recommendation for how much fertilizer to use. So you add only what is needed and do not waste money. Soil test every 2–3 years or when starting on a new field. Extension or dealer can tell you how to take sample and where to send."
W3068,What is hybrid variety,en,general,term_explanation,"Hybrid variety is a variety made by crossing two different parent lines; the first-generation (F1) seed is the hybrid. It often has higher yield or vigour than open-pollinated varieties. But you cannot save seed from hybrid for next year because the next generation is not uniform. So you have to buy new hybrid seed each time. Maize, rice, vegetables often use hybrids. Hybrid seed is costlier but can give more yield."
W3069,What is sowing depth,en,general,term_explanation,"Sowing depth is how deep the seed is placed in the soil, usually in cm. Too shallow and seed may not get moisture or may be eaten; too deep and germination is delayed or weak. For most crops 3–5 cm is common. Small seed is sown shallower. Depth depends on soil moisture and type. Drill calibration sets the depth; check that it is even across the field. Right depth gives good and uniform germination."
W3070,What is weed pressure,en,general,term_explanation,"Weed pressure means how many weeds are in the field and how much they are competing with the crop. High weed pressure means many weeds; they take light, water and nutrients and reduce yield. Low pressure means fewer weeds. Control weeds when they are small (25–35 DAS) before pressure gets high. Herbicide, hand weeding and clean seed reduce weed pressure. Same field with same weeds every year can build up pressure; rotate and use clean practices."
W3071,What is infestation meaning,en,general,term_explanation,"Infestation means a large number of pest (insects or disease) in the field or on the crop. For example 'aphid infestation' means too many aphids. When infestation is high, damage and loss are high. Scout to see infestation level; if it is above threshold, take action (spray). Early control prevents heavy infestation. Field sanitation and resistant variety reduce chance of infestation. The word is used for both insects and disease."
W3072,lodging kya hota hai fasal gir jati hai,roman_ur,general,term_explanation,Lodging woh waqt hai jab fasal (gandum chawal) sidhi khari ki jagah gir jati hai ya jhuk jati hai. Zyada nitrogen bhari barish hawa ya zyada pani se tana kamzor ho kar hota hai. Girne ke baad kaatai mushkil aur dane ki quality kam. Lodging kam karne ke liye nitrogen balance karein (zyada na) lodging resistant variety len aur grain filling par zyada pani na dein. Is ko girmna ya lethna bhi kehte hain.
W3073,panicle kya hoti hai chawal mein,roman_ur,general,term_explanation,Panicle chawal jwar jaisi fasal ka phool ka upar wala hissa hai. Wo shaakh jo upar hoti hai jis par danay lagte hain; chawal mein booting ke baad jo nikalti hai us par spikelets bante hain. Gandum mein ear ya spike kehte hain; chawal mein panicle kyunke zyada shaakhi. Grain filling panicle mein hoti hai. Achi panicle size aur tadad behtar yield; booting aur phool par pani nitrogen asar karte hain.
W3074,DAS matlab kya bone ke kitne din baad,roman_ur,general,term_explanation,DAS ka matlab Days After Sowing hai—bone ke din se ginne wale din. Maslan 25 DAS matlab bone ke 25 din baad. Recommendation mein aksar '25–35 DAS par chhidkain' ya '20–25 DAS pehla pani' is liye ke kisan ko sahi waqt pata ho. Bone wale din se ginte hain; calendar date se farq nahi. Herbicide pani khaad ka waqt DAS se fix hota hai.
W3075,SSP khaad kya hai,roman_ur,general,term_explanation,SSP ka matlab Single Super Phosphate. Ye DAP jaisa phosphorus khaad hai lekin isme sirf P aur thori sulphur calcium; nitrogen nahi. Jab P chahiye zyada N ke bina ya zameen ko sulphur chahiye tab basal dose ke tor par use karte hain. Pakistan mein DAP zyada; SSP alternative. Per acre dose soil test par. Kabhi SSP sasti milti hai.
W3076,contact fungicide kya hoti hai,roman_ur,general,term_explanation,Contact fungicide woh fungicide hai jo patte ya beej ki surface par rehti hai aur fungus sirf jahan laga wahan marti hai. Paude ke andar nahi jati. Is liye achhi coverage chahiye. Kuch bimariyon ke liye; zang blight ke liye jo andar failti hai systemic zyada behtar. Contact ko coverage achha chahiye; barish dho sakti hai to repeat.
W3077,faida mand keera beneficial insect kya hai,roman_ur,general,term_explanation,Faida mand keera (beneficial insect) woh keera hai jo pest keeron ko kha kar ya pollination karke fasal ki madad karta hai. Maslan ladybird chust khati hai; kuch wasp pest larvae mein ande dete hain. Broad spectrum spray se ye bhi mar jate hain; phir pest jaldi wapas. IPM mein selective spray aur threshold se inhe bachate hain. Kuch jhariyan phool inhe kheenchti hain.
W3078,Bt kapas kya hoti hai,roman_ur,general,term_explanation,Bt kapas woh kapas hai jismein ek bacterium (Bacillus thuringiensis) ka gene daala gaya hota hai. Ye gene paude ko aisa protein banata hai jo bollworm larvae ko kha kar maarta hai. Is liye Bt kapas par bollworm ke liye kam insecticide. Doosre keeron ko nahi marta. Saari kapas Bt nahi; bollworm ho to Bt beej len. Bar bar Bt ugayne se resistance ho sakti hai; recommendation follow karein.
W3079,bollworm kapas ka keera kya hai,roman_ur,general,term_explanation,Bollworm kapas ke boll (phal) aur phool ko khaane wala larva (caterpillar) hai. Andar ghus kar nuqsan karta hai; boll kharab khulte hain. Kapas ka bara pest. Bt kapas ya insecticide chhote larvae par. Recommend stage par chhidkain; andar ghusne ke baad marna mushkil. Ande chhote larvae scout; threshold spray lagat bachati hai.
W3080,laser leveler se kya hota hai,roman_ur,general,term_explanation,Laser leveler ek machine hai jo laser se guide karke zameen ko itna barabar karti hai ke pani har jagah barabar phail jata hai. Neechi jagah pani bhar nahi upar sukhi nahi. Pani bachta yield behtar. Ek dafa karte hain; rent se hissa. Beds ya bone se pehle behtar. Irrigation drainage dono ke liye faida.
W3081,bed planting kya hoti hai,roman_ur,general,term_explanation,Bed planting matlab pauday unchaee par banayi hui pattiyon (beds) par ugaye jate hain; beech mein khadde (furrows). Pani khadon mein de kar jaden tak jata hai kam zaya. Beds hawa aur drainage behtar. Gandum kapas sabziyon mein. Bed planter chahiye. Flood se 20–30% pani bachta hai; yield bhi acha.
W3082,furrow irrigation kya hai,roman_ur,general,term_explanation,Furrow irrigation matlab paudon ki lineon ke beech chhoti naaliyon (furrows) mein pani dena. Pani furrow mein beh kar zameen mein jaden tak. Puri khet bharne se kam pani. Zameen level khadde banane. Makki kapas ganne mein aam. Pani kam ho to flood se behtar; behav aur evaporation kam.
W3083,evaporation kya hoti hai khet mein,roman_ur,general,term_explanation,Evaporation woh hota hai jab pani bhaap ban kar hawa mein chala jata hai. Khet se zameen aur patton se pani ugalta hai (transpiration). Garm tundi hawa mein zyada; zameen jaldi sukhti hai. Mulch (bhoosa) evaporation kam karti hai. Pani bachane ka matlab evaporation aur runoff kam; drip furrow flood se kam evaporation.
W3084,EC electrical conductivity zameen ki kya hai,roman_ur,general,term_explanation,EC ka matlab Electrical Conductivity—zameen ya pani mein kitna namak hai uska naap. Zyada EC matlab zyada namak (saline zameen kharab pani). Namak jaden aur growth nuqsan. EC meter se naapte hain; unit dS/m. Zyada tar faslen kam EC chahiye; zyada ho to drainage acha pani gypsum. Soil test report mein EC; crop aur pani decide karne mein madad.
W3085,organic matter zameen mein kya hoti hai,roman_ur,general,term_explanation,Organic matter zameen ka woh hissa jo murde paudon janwaron se aata hai: jaden patte gobar compost. Mineral nahi carbon base. Zameen narm pani nutrients pakadti hai; soil organisms ko khana. Zyada organic matter behtar zameen. FYM compost green manure residue se barhti hai. Residue jalaana zyada jot kam karti hai. Achi zameen mein 2–5% ya zyada.
W3086,legume fasal kya hoti hai,roman_ur,general,term_explanation,Legume woh fasal hai jis ki jaden mein rhizobium bacteria wale nodules hote hain jo hawa se nitrogen fix karte hain. Is liye legume beej bina nitrogen add karti hai. Mung mash chana masoor moonghi alfalfa. Legume ke baad agli fasal ko free N. Legume grain pulse charay green manure. Legume rotation zameen behtar aur agli fasal ko urea kam.
W3087,nitrogen fixation kya hota hai,roman_ur,general,term_explanation,Nitrogen fixation ka matlab hawa ki nitrogen gas ko paudon ke istemal wale form (ammonia phir nitrate) mein badalna. Kheti mein legume ki jaden mein rhizobium karta hai; pauda unhe khana deta nitrogen leta. To legume 'fix' karti hai bina khaad. Chemical urea bhi N ka source lekin use fixation nahi kehte. Legume rotation natural nitrogen fixation.
W3088,intercropping kya hoti hai,roman_ur,general,term_explanation,Intercropping ka matlab do ya zyada faslen same khet mein same waqt alag lineon ya strips mein ugaina. Maslan makki lobia sath ya gandum sarson. Jagah roshni behtar; kabhi ek dusri ki madad (legume N). Spacing kaatai spray ka plan. Total yield zyada risk kam. Rotation se farq—rotation mein waqt se ek ke baad ek.
W3089,sowing window bone ka waqt kya matlab,roman_ur,general,term_explanation,Sowing window woh muddat hai jis mein fasal bone behtar hoti hai. Maslan Punjab mein gandum late Oct–mid Nov. Is ke bahar (jaldi ya der) yield kam. Variety ilaqa mausam par. Extension recommendation har fasal ki window dete hain. Window ke andar bone paidawar ke liye zaroori; der bone seed zyada yield kam.
W3090,seed rate matlab kya hai,roman_ur,general,term_explanation,Seed rate matlab ek unit area (per acre) par kitna beej use kiya. Maslan gandum 40–50 kg per acre. Is se germination ke baad sahi plant population—na kam na zyada. Crop variety bone waqt tareeqe par. Der bone thori zyada. Recommendation mein range.
W3091,germination ugalna kya hota hai,roman_ur,general,term_explanation,Germination woh waqt hai jab beej jagta hai aur barhna shuru: jad (radicle) aur shoot (plumule) beej se bahar. Beej ko pani sahi garmi hawa chahiye. Acha beej kuch din mein; kharab purana late ya nahi. Germination percentage 100 mein kitne ugen; certified high. Field mein kam ho to beej quality gehrayi nami check karein.
W3092,seedling stage kya hai,roman_ur,general,term_explanation,Seedling stage germination ke turant baad woh stage jab paude mein kuch hi patte chhota. Tillering branching se pehle. Pauda nazuk; is stage par pest sardi waterlogging nuqsan. Pehla pani jhariyan aksar seedling par. Acha seedling stand yield ki buniyad; pest stress se bachayein.
W3093,maturity puknai kya hoti hai,roman_ur,general,term_explanation,Maturity woh stage jab fasal mukammal tayar kaatai ke liye. Grain faslon ke liye jab dana sakht full size weight; bhoosa zard. Physiological maturity jab dana bharna band; harvest maturity jab kaat kar store karne layak. Jaldi kaatne se yield kam; der se tootna. Har fasal ki nishaniyan (dana sakht nami kam).
W3094,shattering dana tootna kya hai,roman_ur,general,term_explanation,Shattering ka matlab pakka dana bal ya panicle se kaatne se pehle ya dauran gir jata hai. Der kaatai hawa barish ya aisi variety jismein aasaan. Yield ka nuqsan. Kam karne ke liye sahi waqt par kaatain dana sakht lekin zyada sukha na; combine setting; der tundi hawa avoid. Kuch varieties shatter resistant.
W3095,drought tolerant variety sukha sahne wali kya hai,roman_ur,general,term_explanation,Drought tolerant variety woh variety jo kam pani ya sukhe dauron mein bhi theek yield de sakti hai. Gehri jaden ya behtar pani use. Barani kam pani wale ilaqe. Sarkar research station sukha sahne wali varieties nikalte hain. Sakht sukhe mein phir bhi yield kam lekin normal se kam nuqsan. Apne ilaqe ki list extension se.
W3096,heat stress garmi se nuqsan kya hai,roman_ur,general,term_explanation,Heat stress ka matlab garmi se fasal nuqsan. Phool aur grain filling par zyada garmi danon ki tadad size kam. Patton jal sakte. Pakistan mein terminal heat gandum par. Kam karne ke liye sahi waqt bone taake phool grain fill peak garmi mein na; last pani waqt par; heat tolerant variety. Nursery sabziyon mein chaan pani.
W3097,pesticide dawai kya hoti hai,roman_ur,general,term_explanation,Pesticide aam lafz hai keera bimari jhariyan ko marne rokne wali chemical ka: insecticide fungicide herbicide rodenticide. To insecticide fungicide pesticide ki qismein. Label mutabiq chhidkain; ghalat use nuqsan. Dose protection. IPM se pesticide ki zarurat kam.
W3098,dose chhidkai mein matlab kya hai,roman_ur,general,term_explanation,Dose matlab chemical (khaad ya pesticide) ki miqdar per unit area (per acre per litre pani) ya per unit (per kg beej). Maslan 'urea 50 kg per acre' ya '2 ml per litre'. Sahi dose product label par; kam kaam na zyada zaya nuqsan. Theek napein. Miqdar dawa ki amount.
W3099,spray drift chhidkai udna kya hai,roman_ur,general,term_explanation,Spray drift ka matlab chhidkai ki boonden hawa ke sath target se ud kar doosri jagah chali jati hain. Chemical jahan nahi chahiye wahan nuqsan. Kam karne ke liye sahi nozzle kam pressure hawa calm (subah sham) sprayer paude ke kareeb. Tundi hawa mein na chhidkain. Drift se chemical bhi zaya.
W3100,nozzle sprayer ki kya hoti hai,roman_ur,general,term_explanation,Nozzle sprayer ki pipe ke aakhir mein woh nok jahan se pani boondon mein nikalta hai. Nozzle type size droplet size pattern (flat fan cone). Ghalat nozzle zyada bareek (drift) ya zyada mota (coverage kam). Pressure bhi asar. Field spray ke liye flat fan 2–3 bar. Nozzle ghis jati hai; flow barhe to badlein. Baad saaf.
W3101,weighbridge tarazu kya hota hai,roman_ur,general,term_explanation,Weighbridge woh bari tarazu hai jis par bhari gari trolley ka weight hota hai. Bechte waqt bhari gari ka weight phir khali ka; farq aapke dane ka weight. Is se kg maund pata. Tarazu sahi ho slip rakhein. Verify karwa sakte hain.
W3102,grading dane ki kya hoti hai,roman_ur,general,term_explanation,Grading dane ko quality se alag karna: size colour purity test weight. Grade A saaf mote zyada test weight; neeche grade toota ganda chhota. Behtar grade zyada rate. Haath ya machine ghar ya mandi. Bechne se pehle saaf grade karein. Sarkari khareed minimum grade; neeche reject.
W3103,happy seeder kya hota hai,roman_ur,general,term_explanation,Happy seeder woh machine hai jo agli fasal (gandum) ko purani fasal (chawal) ki khari stubble residue mein bina jalae bina hatae direct booti hai. Slot kaat kar beej khaad dalti hai. Zero tillage aur residue dono. Waqt nami zameen bachti hai. Chawal ke baad gandum Punjab waghaira. Seed rate depth set karein.
W3104,jot ploughing kya hoti hai,roman_ur,general,term_explanation,Jot (ploughing) zameen ko halka kar ke upar wali layer neeche neeche wali upar lana. Sakht zameen jhariyan residue daba deti hai. Bone se pehle 1–2 dafa. Gehraee ki jot saal mein ek dafa. Zyada jot nuqsan. Gili zameen par na; phir sulah level.
W3105,sulah harrowing kya hoti hai,roman_ur,general,term_explanation,Sulah (harrowing) jot ki hui zameen ko chhote hisson mein tor kar barabar karna. Harrow mein disc ya tine. Jot ke baad 2–3 dafa. Seedbed fine taake beej achha uggay. Residue mix level. Zyada gili ya zyada sukhi par na karein.
W3106,minimum tillage kam jot kya hai,roman_ur,general,term_explanation,Minimum tillage matlab jot (ploughing harrowing) kam karna. 2–3 jot 2–3 sulah ki jagah ek pass ya cultivator. Lagat waqt diesel bachta; zameen structure nami. Zero till sab se kam. Full aur zero ke beech. Conservation agriculture; suitable drill.
W3107,fertigation pani ke sath khaad kya hai,roman_ur,general,term_explanation,Fertigation ka matlab pani ke zariye khaad dena. Soluble khaad (urea kuch NPK) pani mein ghula kar drip ya sprinkler se fasal ko. Pani aur nutrient sath. Drip wali faslon (sabziyan bagh) mein. Chhoti bar bar dose. Har khaad fertigation ke liye nahi; soluble use system band na ho.
W3108,zameen ka test soil test kyun karein,roman_ur,general,term_explanation,Soil test ka matlab khet se zameen ka sample le kar lab bhejna taake pata chale zameen mein kya nutrients hain (N P K pH organic matter micronutrient). Report aur aksar recommendation kitni khaad. Sirf zarurat jitni; paisa zaya nahi. Har 2–3 saal ya naye khet par. Sample kaise len kahan bhejen extension dealer.
W3109,hybrid variety kya hoti hai,roman_ur,general,term_explanation,Hybrid variety do alag parent lines cross karke banayi hoti hai; pehli generation (F1) ka beej hybrid. Yield ya vigour zyada. Lekin hybrid ka beej agle saal bachaya nahi ja sakta kyunke next generation uniform nahi. Har bar naya hybrid beej. Makki chawal sabziyan. Hybrid mehenga lekin zyada yield.
W3110,sowing depth beej ki gehrayi kya hai,roman_ur,general,term_explanation,Sowing depth beej zameen mein kitni gehraee par dala—cm mein. Zyada unchai par nami nahi khana; zyada gehraee par germination der kamzor. Zyada tar 3–5 cm. Chhota beej kam gehraee. Nami zameen par. Drill calibration depth set; khet mein barabar. Sahi depth germination.
W3111,weed pressure jhariyon ka zor kya matlab,roman_ur,general,term_explanation,Weed pressure matlab khet mein kitni jhariyan hain aur fasal se kitni compete. Zyada pressure matlab zyada jhariyan; roshni pani khuraak; yield kam. Chhoti jhariyan 25–35 DAS control; pressure barhne se pehle. Herbicide haath saaf beej. Same jhariyan bar bar pressure barha sakti hai; rotation saaf amal.
W3112,infestation keera bimari ka zor kya hai,roman_ur,general,term_explanation,Infestation ka matlab pest (keera ya bimari) ki zyada tadad khet ya fasal par. Maslan 'chust infestation' matlab bahut chust. Infestation zyada ho to nuqsan zyada. Scout karein threshold se upar ho to action (spray). Jaldi control bhari infestation rokta hai. Saaf resistant variety.
W3113,spray interval do chhidkaiyon ke beech gap kya hai,roman_ur,general,term_explanation,Spray interval matlab do chhidkaiyon ke beech kitne din ka farq. Fungicide insecticide label par likha hota hai maslan 10–14 din. Is interval se bimari keera control rehta hai aur resistance kam. Interval chhota matlab zyada chhidkaina; bara matlab beech mein nuqsan. Recommendation follow karein.
W3114,mode of action dawai kaise kaam karti hai,roman_ur,general,term_explanation,Mode of action matlab dawai andar kaise kaam karti hai—kaun sa enzyme ya system target karti hai. Alag chemicals ka alag mode; is liye rotation zaroori—wahi bar bar use se pest resistant. Label par mode of action group likha hota hai. Rotation mein alag group ki dawai use karein taake resistance na ho.
W3115,mandi kya hoti hai,roman_ur,general,term_explanation,Mandi woh jagah hai jahan kisan apni fasal (gandum chawal kapas) bechte hain. Beopari ya mills khareedte hain; rate roz badalta hai. Mandi mein weighbridge grading rate hota hai. Rate check karne ke liye mandi office SMS app. Do teen mandi compare karein. Mandi ko bazar bhi kehte hain.
W3116,Kisan card kya hota hai,roman_ur,general,term_explanation,Kisan card sarkari card hai jisse kisan ki pehchan hoti hai aur is se karz subsidy insurance scheme judte hain. Bank ya agri office se banwate hain. Documents zameen CNIC. Card se loan scheme mein aasani; subsidy direct. List aur form agri office bank.
W3117,seed viability beej ki umr kya hai,roman_ur,general,term_explanation,Seed viability matlab beej kitne din tak ugalne ki taqat rakhta hai. Purana beej kam viable; germination kam ya nil. Certified beej par expiry ya test date. Beej ko sukhi thandi jagah rakhein taake viability bani rahe. 1–2 saal ke baad test karwa len; kam ho to naya beej.
W3118,ratoon ratoonni kya hoti hai,roman_ur,general,term_explanation,Ratoon (ratoonni) matlab fasal kaatne ke baad same jaden se dubara shoot nikalna aur doosri fasal leni. Ganna mein aam: pehli kaatai ke baad ratoon crop bina nayi planting. 1–2 ratoon le sakte hain. Waqt paisa bachta. Har fasal ratoon nahi deti; ganna bajra jaisi deti hain. Ratoon ko proper khaad pani.
W3119,dough stage dana bharne ka stage kya hai,roman_ur,general,term_explanation,Dough stage woh stage hai jab dana bhar raha hai aur andar soft dough jaisa—abhi sakht nahi. Grain filling ke dauran; milk stage ke baad. Is stage par pani zaroori; kami se dana chhota. Physiological maturity tak dough hard hota hai. Kaatai dough stage ke baad jab grain sakht ho.
W3120,yield paidawar kya hoti hai,roman_ur,general,term_explanation,Yield (paidawar) matlab ek area (per acre per hectare) par kitna fasal (grain ya total) nikla. Zyada yield matlab zyada production. Variety khaad pani keera bimari jhari sab asar. Yield ko maund per acre ya kg per hectare mein naapte hain. Behtar amal se yield barhti hai.
W3121,Karnal bunt gandum ki bimari kya hai,roman_ur,general,term_explanation,Karnal bunt gandum ki woh bimari hai jismein danon par kaala daag aur badboo aati hai; andar ka hissa kala. Fungus se; beej se agli fasal. Certified beej seed treatment; bimari wala beej na use. Next crop safe beej. Nuqsan danon ki quality; ilaaj pehle se.
W3122,stripe rust peeli zang kya hoti hai,roman_ur,general,term_explanation,Stripe rust (peeli zang) gandum ki woh rust hai jo patton par peeli lakeeron (stripes) mein pustulen banati hai. Leaf rust bhi patte pe; stripe rust nas ke sath. Fungus nami garmi. Pehli nishani par systemic fungicide. Resistant variety. Teen rust: leaf stripe stem; peeli stripe.
W3123,stem borer tane ka keera kya hota hai,roman_ur,general,term_explanation,Stem borer woh keera hai jo tane (stem) ke andar ghus kar khaata hai; pauda sookh ya toot jata hai. Chawal makki dono mein. Andar rehne se spray mushkil. Ande chhote larvae par insecticide; jald. Resistant variety field clean. Chawal mein dead heart white ear.
W3124,whitefly safed makhi kya hoti hai,roman_ur,general,term_explanation,Whitefly chhota safed par rang ka keera hai jo patton ke niche chipka rehta hai; ras chusta hai. Kapas sabziyon mein. Virus bhi phailata hai. Honeydew se patte chipchip. Threshold par insecticide; niche coverage. Yellow sticky trap bhi. Zyada garmi mein zyada.
W3125,bhoosa straw kya hota hai,roman_ur,general,term_explanation,Bhoosa (straw) fasal kaatne ke baad bacha hua tana aur patta—jis par bal ya panicle tha. Gandum chawal ka bhoosa charay ke liye bikhrane mulch ya bechne ke kaam. Jalaen mat; residue management. Bhoosa se compost bale. Test weight grain ki; bhoosa alag.
W3126,vegetative stage patte barhne ka stage kya hai,roman_ur,general,term_explanation,Vegetative stage woh stage jab pauda sirf patte aur tane bana raha hai—phool ya dana nahi. Tillering branching isi mein. Is stage par pani khaad se patte tane mazboot. Reproductive (phool dana) se pehle. Wheat mein vegetative tillering tak; phir booting flowering.
W3127,reproductive stage phool dana stage kya hai,roman_ur,general,term_explanation,Reproductive stage woh stage jab fasal phool aur dana bana rahi hai. Flowering grain setting grain filling isi mein. Vegetative (sirf patte) ke baad. Is stage par pani khaad zaroori; nuqsan yield par. Booting heading flowering grain fill sab reproductive. Critical stages zyada tar isi mein.
W3128,split application khaad do dafa dena kya hai,roman_ur,general,term_explanation,Split application ka matlab khaad (aam urea) ko ek dafa ki jagah 2–3 dafa dena. Maslan urea bone par thori tillering par doosri booting par. Is se nitrogen zyada absorb kam waste. Ek sath zyada dene se leaching loss. Topdress bhi split application hi. Recommendation mein split diya hota hai.
W3129,band placement khaad line mein dalna kya hai,roman_ur,general,term_explanation,Band placement ka matlab khaad ko khet mein line ya band mein dalna—sirf khadon ya jagah par—bina pure khet par chirakne ke. Seed ke paas band se efficiency behtar. Drill band bana kar dalta hai. Broadcast placement se band zyada efficient; khaad jaden ke kareeb. P K aksar band; N kabhi.
W3130,runoff pani behna kya hota hai,roman_ur,general,term_explanation,Runoff ka matlab pani zameen soak na karke surface se beh kar bahar chala jata hai. Zyada pani tez barish slope se runoff. Is se pani zaya khad bhi beh sakti hai. Kam karne ke liye zameen level bund; pani thora thora; mulch. Runoff erosion bhi la sakta hai.
W3131,leaching khaad pani mein neeche chala jana kya hai,roman_ur,general,term_explanation,Leaching ka matlab khaad (aam nitrogen) pani ke sath zameen mein neeche chala jata hai jahan jaden tak nahi. Gehri zameen barish zyada pani se. N ka nuqsan zyada. Kam karne ke liye split dose zyada pani na; drip se control. Leaching se groundwater bhi affect; is liye balance zaroori.
W3132,What is Septoria or tan spot in wheat,en,general,term_explanation,Septoria and tan spot are two leaf spot diseases of wheat caused by fungus. Brown or tan spots and blotches appear on leaves; leaves can dry and die. They spread in wet weather. Control with fungicide when first spots appear; good coverage. Resistant variety and crop rotation help. Septoria is also called leaf blotch; tan spot has lens-shaped tan spots. Both reduce yield if not controlled.
W3133,What is powdery mildew,en,general,term_explanation,Powdery mildew is a fungal disease where white or grey powder-like growth appears on leaves and stems. It looks like flour dust. It grows in humid weather. It weakens the plant and can reduce yield. Control with sulphur or triazole fungicide when you see the powder. Resistant variety helps. Keep crop not too dense; good air flow reduces mildew. Common in wheat and many crops.
W3134,What is ear or spike in wheat,en,general,term_explanation,Ear (or spike in wheat) is the top part of the wheat plant that holds the grains. It is the head that comes out after booting; each small part (spikelet) can produce grains. In wheat we say ear or spike; in rice we say panicle. Grain filling happens in the ear. Number and size of ears affect yield. Good nitrogen and water at booting and flowering give more and bigger ears.
W3135,What is heading stage,en,general,term_explanation,Heading stage is when the ear or panicle first comes out from the leaf sheath (emerges). Before heading the ear was inside the stem (booting). So heading = ear visible outside. It is a critical stage for water; missing water at heading can reduce grain number. In wheat heading is when the head is out; in rice when panicle emerges. Irrigation at heading is important.
W3136,What is milk stage in grain,en,general,term_explanation,"Milk stage is the grain filling stage when the inside of the grain is still soft and milky (liquid). If you press the grain, white milk-like liquid comes. It comes after flowering and before dough stage. At milk stage the crop needs water; stress here reduces grain size. Do not harvest at milk stage; grain is not ready. Next stage is dough (soft solid) then hard grain."
W3137,What is physiological maturity,en,general,term_explanation,Physiological maturity is the stage when the grain has stopped filling and has reached its maximum dry weight. No more nutrients go into the grain. In wheat you can see a black layer at the base of the grain. After physiological maturity the grain only dries; it does not grow. Harvest can be done after some drying. It is different from harvest maturity when grain is dry enough to store.
W3138,What is plant population per acre,en,general,term_explanation,"Plant population means how many plants (or tillers in wheat) are there per unit area, usually per acre or per square metre. For wheat it may be 40–50 plants per sq m; for maize 6–7 per sq m. Right population gives good yield; too few means waste of land; too many means competition and lodging. Seed rate and germination decide population. Check stand after emergence; replant if too many gaps."
W3139,What is spacing between rows,en,general,term_explanation,Spacing is the distance between rows and sometimes between plants in a row. For wheat row spacing may be 20–25 cm; for maize 60–75 cm between rows. Uniform spacing gives even stand and less competition. It is set by the drill or by hand. Too narrow spacing can cause lodging and disease; too wide wastes land. Recommendation gives spacing for each crop and variety.
W3140,What is residue burning,en,general,term_explanation,"Residue burning means setting fire to the leftover straw and stubble in the field after harvest. It clears the field quickly but is bad for soil and air. Burning kills organic matter and soil organisms; air pollution harms health. Government discourages it; penalty in some areas. Better options: use happy seeder in residue, or remove for fodder, or incorporate. Zero burn is the recommended practice."
W3141,What is bale and baler,en,general,term_explanation,"A bale is a compact block of straw or hay tied with rope or wire. A baler is the machine that makes bales: it picks up straw, compresses it and ties it. Bales are easy to transport and sell for fodder or bedding. After wheat or rice harvest you can bale the straw and sell. Baler can be owned or hired. Baling is better than leaving straw loose or burning."
W3142,What is chaff,en,general,term_explanation,"Chaff is the thin dry cover (husk, glumes) around the grain that is left after threshing. When you separate grain from straw, the light broken pieces and husk are chaff. It is not grain; it is removed by winnowing or by combine cleaning. Chaff can be used as mulch or animal bedding. Dockage in grain includes chaff; clean grain has less chaff. Chaff is also called bhoosi or bhussi."
W3143,What is compost how to make,en,general,term_explanation,"Compost is organic manure made by piling crop residue, leaves, dung, kitchen waste and letting them rot (decompose) for weeks or months. You keep the pile moist and turn it sometimes. When it is dark and crumbly it is ready. Use 2–4 ton per acre before sowing. Compost adds organic matter and some nutrients; it improves soil. It is different from FYM which is mainly dung and straw."
W3144,What is vermicompost,en,general,term_explanation,Vermicompost is compost made with the help of earthworms. You put organic waste in a pit or bin and add worms; they eat and digest the waste and their castings become rich compost. It is better than normal compost in nutrients and soil health. Use like compost: 1–2 ton per acre or in nursery. It is organic; no chemical. Worm population must be kept moist and fed.
W3145,What is biofertilizer,en,general,term_explanation,"Biofertilizer is a product that has living organisms (bacteria, fungus) that help the plant get nutrients. For example rhizobium inoculant for legumes fixes nitrogen; phosphate-solubilizing bacteria help in P. You apply it to seed or soil; not a chemical. It is used in organic farming and along with chemical. It does not replace full fertilizer but can reduce need. Store in cool place; check expiry."
W3146,What is rhizobium inoculant,en,general,term_explanation,"Rhizobium inoculant is a powder or liquid that has Rhizobium bacteria. You mix it with legume seed before sowing. The bacteria enter the root and form nodules; they fix nitrogen from the air for the plant. So the legume gets free nitrogen. Use for mung, mash, chana, lentil etc. Do not use with chemical seed treatment; use after or with compatible treatment. One packet per recommended area."
W3147,What is MOP muriate of potash,en,general,term_explanation,"MOP means Muriate of Potash. It is a fertilizer that gives potassium (K). The chemical name is potassium chloride. It is used when soil test shows low K. Apply at sowing or in splits as per recommendation. It helps in grain quality, stem strength and disease tolerance. Do not use too much in crops sensitive to chloride. MOP is common and relatively cheap. One bag is often 50 kg."
W3148,What is gypsum used for in soil,en,general,term_explanation,Gypsum is calcium sulphate. It is used in soil when soil is alkaline (high pH) or has too much sodium (sodic soil). Gypsum adds calcium and helps replace sodium so soil structure improves and water can enter. It does not change pH quickly like lime. Apply as per soil test; often 1–2 ton per acre in problem soils. It also gives sulphur. Use in combination with good drainage.
W3149,What is lime used for in soil,en,general,term_explanation,Lime is calcium carbonate (or similar) used when soil is too acidic (low pH). Acidic soil locks up nutrients and harms roots. Lime raises pH so nutrients become available. Apply as per soil test; it can take months to act. Do not mix with urea or phosphate in same application. Lime is used before sowing; mix in soil. In Pakistan less common than gypsum; use when lab recommends.
W3150,What is chlorosis in leaves,en,general,term_explanation,"Chlorosis is when leaves turn yellow or pale because of lack of chlorophyll (green colour). It can be due to nitrogen deficiency (old leaves yellow), iron or zinc (new leaves yellow or white streaks), or other nutrients. So chlorosis is a symptom, not a disease; you must find which nutrient is missing. Soil test and leaf symptoms help. Correct by adding the right nutrient (urea, zinc, iron etc)."
W3151,What is necrosis in plant,en,general,term_explanation,"Necrosis is when plant tissue dies and turns brown or black. It can be spots on leaves, dead leaf tips, or dead roots. It is caused by disease, toxin, salt, or severe deficiency. So necrosis is a symptom of damage. For example root rot causes root necrosis; some fungi cause leaf necrosis. To control find the cause: improve drainage, reduce salt, spray fungicide, or correct nutrient."
W3152,What is wilting,en,general,term_explanation,"Wilting is when leaves and stems droop and become limp because they lose water. The plant is not getting enough water or the roots cannot take it (root rot, waterlogging). Hot sun can cause temporary wilting; if soil is dry, irrigate. If roots are damaged, fix drainage and avoid over irrigation. Wilting can also be due to disease (e.g. wilt disease). So wilting is a sign of water or root problem."
W3153,What is soil structure,en,general,term_explanation,"Soil structure is how soil particles are grouped into lumps (aggregates) and how they hold together. Good structure has small lumps and pores so air and water can move; roots grow well. Bad structure is hard, dense or sticky. Organic matter and less tillage improve structure. Waterlogging and too much tillage damage it. Structure affects drainage, aeration and root growth. It is different from texture (sand, clay)."
W3154,What is soil texture sandy clay loam,en,general,term_explanation,"Soil texture means the proportion of sand, silt and clay in the soil. Sandy soil has more sand; it drains fast and holds less water and nutrients. Clay soil has more clay; it holds water but can be heavy and waterlogged. Loam is a mix of all three and is often best for crops. You cannot change texture easily but you can improve structure with organic matter. Texture affects irrigation and fertilizer practice."
W3155,What is erosion in field,en,general,term_explanation,"Erosion is when soil is carried away by water or wind. Water erosion: rain or irrigation washes soil away; gullies can form. Wind erosion: wind blows soil in dry areas. Erosion removes topsoil (the best part) and reduces yield. To reduce: keep soil covered (residue, cover crop), reduce tillage, make bunds and contours, plant trees. Erosion is a serious problem on slopes and in rainfed areas."
W3156,What is transpiration,en,general,term_explanation,Transpiration is when plants lose water as vapour from the leaves (through small openings called stomata). It is like evaporation from the plant. It helps pull water and nutrients from roots. In hot and windy weather transpiration is high so crop needs more water. You cannot stop it but you can reduce evaporation from soil by mulch. Transpiration plus soil evaporation is total water loss from the field.
W3157,What is flood irrigation,en,general,term_explanation,Flood irrigation means applying water by letting it flow over the whole field so the surface is covered. It is the old and simple method. It uses more water than drip or furrow because some water runs off or evaporates. Where water is plenty it is still used. Problem: uneven level causes some areas waterlogged and some dry. Leveling and beds can improve flood irrigation.
W3158,What is sprinkler irrigation,en,general,term_explanation,Sprinkler irrigation means applying water through pipes and nozzles that spray water in the air so it falls like rain on the crop. It can be movable or fixed. It gives uniform water and can save water compared to flood. Use in morning or evening to reduce evaporation. Good for vegetables and some field crops. You need pump and pipes; cost and maintenance to be considered. It can also be used for fertigation.
W3159,What is drip irrigation,en,general,term_explanation,"Drip irrigation means giving water through pipes and small outlets (drippers) directly to the root zone of each plant or row. Water drips slowly so almost no runoff or evaporation. It saves 30–50% water compared to flood. It is used in vegetables, orchards and some field crops. You need filters and maintenance so drippers do not clog. Fertilizer can be dissolved in water (fertigation). Initial cost is higher."
W3160,What is cover crop,en,general,term_explanation,"Cover crop is a crop grown not mainly for harvest but to cover the soil. It is grown between main crops or when land would be empty. It reduces erosion, adds organic matter, and can fix nitrogen (if legume). Examples: mung, mash, clover, grasses. You cut or plough it in before sowing the main crop. It is like green manure. Cover crop keeps soil and improves next crop."
W3161,What is seed bed,en,general,term_explanation,"Seed bed is the prepared soil where seed will be sown. A good seed bed is loose, level and has enough moisture so seed can germinate and roots can grow. It is made by ploughing, harrowing and leveling. Clods should be broken; not too wet or too dry. Seed bed quality affects germination and stand. 'Seed bed preparation' means all the tillage and leveling before sowing."
W3162,What is storage pest weevil,en,general,term_explanation,"Storage pest is an insect that damages stored grain. Common ones are weevil, moth, beetle. They lay eggs in grain; larvae eat inside so grain is lost or spoiled. Control by keeping grain dry (below 12–14% moisture), clean and in sealed place. Use fumigation or contact insecticide if insects appear. Check regularly. Weevil is a small beetle that bores into grain; it is very common in wheat and rice."
W3163,What is dockage in grain,en,general,term_explanation,"Dockage is any material in the grain that is not the grain itself: dirt, stones, chaff, broken grain, other seeds. Buyers deduct dockage from weight or pay less. So clean grain has less dockage and gets better price. Clean and grade your grain before selling; remove straw, dirt and foreign matter. Government standards set maximum dockage for procurement. Dockage is also called foreign matter or impurity."
W3164,What is extension worker,en,general,term_explanation,"Extension worker is a person who works for the agriculture department or an NGO and gives farmers advice on crops, pest, fertilizer, new practices. He or she visits fields, runs training and answers questions. Extension worker is the link between research and farmer. You can get his or her contact from agriculture office or helpline. In Urdu sometimes called 'extension officer' or 'mashwarati'."
W3165,What is crop recommendation,en,general,term_explanation,"Crop recommendation is the advised practice for a crop: which variety, when to sow, how much fertilizer, when to irrigate, which pesticide, when to harvest. It is based on research and local conditions. You get it from extension, bulletins, or apps. Following recommendation gives better yield and saves cost. Recommendation can be general or for your soil (after soil test). It is not a rule but best practice."
W3166,What is pathogen in disease,en,general,term_explanation,"Pathogen is the organism that causes disease: fungus, bacteria, virus, or others. For example the rust fungus is the pathogen of wheat rust. Pathogen enters the plant, grows and damages tissue. Control aims to stop the pathogen: resistant variety, fungicide, clean seed, field hygiene. Different diseases have different pathogens. Knowing the pathogen helps choose the right medicine and practice."
W3167,What is disease incidence,en,general,term_explanation,Disease incidence means how much of the crop or field is affected by the disease. It can be expressed as percentage of plants with disease or percentage of leaf area affected. High incidence means disease is widespread; low means only a few plants or leaves. Incidence helps decide if you need to spray and how bad the loss is. It is different from severity which is how severe the damage is on each plant.
W3168,What is predator insect,en,general,term_explanation,Predator is an insect (or animal) that kills and eats other insects (prey). For example ladybird eats aphids; so ladybird is a predator. Predators are beneficial insects; they help control pests naturally. When you spray broad-spectrum insecticide you kill predators too; then pests can increase. In IPM we protect predators by using selective spray and threshold. Predator is a natural enemy of pest.
W3169,What is biological control,en,general,term_explanation,"Biological control means controlling pests (insects or diseases) by using their natural enemies or other living things instead of only chemical. For example use ladybird to eat aphids, or use a virus that kills the pest. It is part of IPM. It can reduce cost and is safer. It does not always give full control so sometimes chemical is still needed. Research and extension can tell what is available for your pest."
W3170,What is re-entry interval after spray,en,general,term_explanation,"Re-entry interval (REI) is the time after spraying during which you should not enter the field without protection (or at all). It is on the pesticide label, e.g. 12 hours or 24 hours. It is for safety so you do not breathe or touch the chemical. After REI you can enter but still avoid touching crop if harvest is near. Follow the label; re-entry too early can cause poisoning."
W3171,What is pre-harvest interval,en,general,term_explanation,Pre-harvest interval (PHI) or waiting period is the minimum number of days between the last spray and harvest. It is on the pesticide label. During this time the chemical breaks down so the grain or fruit is safe to eat. Harvesting before PHI can leave residue in food. So PHI is for consumer safety. For example PHI may be 14 days for wheat; then you can harvest only after 14 days from last spray.
W3172,Septoria tan spot gandum ki bimari kya hai,roman_ur,general,term_explanation,Septoria aur tan spot gandum ki do patton wali bimariyan hain jo fungus se hoti hain. Patton par brown ya tan daag lakeeren; patte sookh sakte hain. Nami mausam mein failti hain. Pehli daag par fungicide; coverage achha. Resistant variety rotation. Septoria ko leaf blotch bhi kehte hain; tan spot lens jaisa tan daag. Dono control na hon to yield kam.
W3173,powdery mildew safed powder bimari kya hai,roman_ur,general,term_explanation,Powdery mildew woh fungus bimari hai jismein patton aur tanon par safed ya grey powder jaisi growth. Maida jaisa dikhta hai. Nami mausam. Pauda kamzor yield kam. Powder dikhe to sulphur ya triazole fungicide. Resistant variety. Fasal zyada ghana na ho hawa. Gandum aur zyada tar faslon mein.
W3174,ear spike gandum ka bal kya hota hai,roman_ur,general,term_explanation,Ear (spike) gandum ka upar wala hissa hai jis par danay lagte hain. Booting ke baad jo sar nikalta hai; har spikelet se dana. Chawal mein panicle kehte hain. Grain filling ear mein. Earon ki tadad size yield par. Booting flowering par N pani zyada barey ear.
W3175,heading stage kya hota hai,roman_ur,general,term_explanation,Heading stage woh waqt hai jab bal ya panicle pehli dafa patte ki sheath se bahar nikalta hai. Heading se pehle andar (booting). To heading = bal bahar. Pani ke liye critical; heading par pani na milne se danon ki tadad kam. Gandum mein bal nikalna; chawal mein panicle. Heading par pani zaroori.
W3176,milk stage dane ka kya hota hai,roman_ur,general,term_explanation,Milk stage grain filling ka woh hissa jab dane ke andar abhi naram doodh jaisa (liquid). Dane ko dabayein to safed doodh jaisa. Phool ke baad dough se pehle. Milk stage par pani zaroori; stress se dana chhota. Is stage par na kaatein; dana tayar nahi. Agla dough phir sakht.
W3177,physiological maturity kya hoti hai,roman_ur,general,term_explanation,Physiological maturity woh stage jab dana bharna band ho chuka aur apni maximum dry weight par. Ab aur nutrient andar nahi jate. Gandum mein dane ke neeche black layer. Is ke baad dana sirf sukhta hai. Kuch sukha kar kaat sakte hain. Harvest maturity se farq jab dana itna sukha ke store ho.
W3178,plant population per acre kya hoti hai,roman_ur,general,term_explanation,Plant population matlab ek area (per acre ya per sq m) par kitne paude (gandum mein tillers). Gandum 40–50 per sq m; makki 6–7. Sahi population yield; kam zyada dono nuqsan. Seed rate germination se decide. Emergence ke baad stand check; khaliyan zyada hon to dubara boen.
W3179,spacing lineon ke beech kitni,roman_ur,general,term_explanation,Spacing lineon ke beech (aur kabhi paudon ke beech) ki doori. Gandum 20–25 cm; makki 60–75 cm. Barabar spacing stand aur kam competition. Drill ya haath se set. Tang lodging bimari; chauri zameen zaya. Har fasal variety ke liye recommendation.
W3180,residue jalaana kya hota hai,roman_ur,general,term_explanation,Residue jalaana kaatne ke baad bhoosa stubble ko aag laga kar jalana. Khet jaldi saaf lekin zameen aur hawa dono ke liye bura. Organic matter soil organisms mar jate hain. Sarkar hata rahi hai; kuch jagah penalty. Behtar: happy seeder residue mein ya hata kar chara ya mix. Zero burn recommend.
W3181,bale baler kya hota hai,roman_ur,general,term_explanation,Bale bhoosa ya charay ka dabaya hua block jo rassi ya wire se banda. Baler woh machine jo bale banati hai: bhoosa utha kar dabati aur bandti. Bale uthana bechna aasan. Gandum chawal ke baad bhoosa bale bana kar bech sakte. Baler apni ya rent. Baling chhorna ya jalaane se behtar.
W3182,chaff bhoosi kya hoti hai,roman_ur,general,term_explanation,Chaff (bhoosi) kaatne ke baad dane ka patla sukha cover (husk glumes). Grain alag karte waqt halke tootay hisse chaff. Ye grain nahi; winnowing ya combine se alag. Chaff mulch ya bedding. Dockage mein chaff; saaf dana kam chaff. Bhoosi bhussi.
W3183,compost kaise banti hai,roman_ur,general,term_explanation,Compost organic khaad hai jo residue patte gobar kitchen waste ko dher karke galane se banti hai. Nami rakhein paltein. Jab kali bhoomi jaisi ho jaye tayar. Bone se pehle 2–4 ton. Organic matter aur kuch nutrients; zameen behtar. FYM se farq jo gobar straw.
W3184,vermicompost kya hoti hai,roman_ur,general,term_explanation,Vermicompost woh compost hai jo kechwayon ki madad se banti hai. Waste pit ya bin mein kechwe daalein; woh khate hain aur unki castings rich compost. Normal compost se behtar. Compost jaisa 1–2 ton ya nursery. Organic. Kechwe nami aur khana.
W3185,biofertilizer kya hota hai,roman_ur,general,term_explanation,Biofertilizer woh cheez hai jismein zinda organisms (bacteria fungus) jo paude ko nutrients dilwate hain. Maslan rhizobium legume ke liye N fix; phosphate solubilizing P. Beej ya zameen par; chemical nahi. Organic ya chemical ke sath. Poori khaad ki jagah nahi. Thandi jagah expiry.
W3186,rhizobium inoculant kya hota hai,roman_ur,general,term_explanation,Rhizobium inoculant powder ya liquid jismein Rhizobium bacteria. Legume beej ke sath mila kar bone se pehle. Bacteria jad mein nodule banate N fix. Legume ko free N. Mung mash chana masoor. Chemical seed treatment ke sath na; baad ya compatible. Ek packet recommendation.
W3187,MOP potash khaad kya hai,roman_ur,general,term_explanation,MOP ka matlab Muriate of Potash—potassium (K) dene wala khaad. Chemical potassium chloride. Soil test mein K kam ho to. Bone par ya split recommendation. Grain quality tana mazbooti bimari tolerance. Chloride sensitive faslon mein zyada na. Aam sasta. 50 kg bag.
W3188,gypsum zameen mein kyun dalte hain,roman_ur,general,term_explanation,Gypsum calcium sulphate. Zameen alkaline (pH zyada) ya sodium zyada (sodic) ho to use karte hain. Calcium milta sodium replace structure behtar pani andar. Lime jaisa turant pH nahi. Soil test 1–2 ton problem zameen. Sulphur bhi. Drainage ke sath.
W3189,chuna lime zameen mein kyun dalte hain,roman_ur,general,term_explanation,Chuna (lime) calcium carbonate jab zameen acidic (pH kam). Acidic nutrients lock roots nuqsan. Lime pH barhati nutrients available. Soil test; mahine lagte hain. Urea phosphate sath na. Bone se pehle zameen mein. Pakistan mein gypsum se kam; lab recommend kare to.
W3190,chlorosis patte zard kyun hote hain,roman_ur,general,term_explanation,Chlorosis patton ka zard ya peela hona chlorophyll kami. N kami (purane zard) iron zinc (naye zard safed lakeeren) ya aur nutrient. To chlorosis nishani hai; bimari nahi; kaun nutrient kami. Soil test patte. Sahi nutrient (urea zinc iron) dalen.
W3191,necrosis patte kaala sookhna kya hai,roman_ur,general,term_explanation,Necrosis paude ka tissue mar kar brown kaala. Patton pe daag patte ki nok jaden. Bimari zehr namak kami. Nuqsan ki nishani. Root rot jad necrosis; fungus patte. Wajah pehchanen: drainage namak fungicide nutrient.
W3192,wilting pauda murjhana kya hai,roman_ur,general,term_explanation,Wilting patte tane jhuk kar naram—pani loss. Pauda pani nahi le pa raha ya jaden nahi (root rot waterlogging). Dhoop temporary wilting; zameen sukhi ho to pani. Jaden nuqsan to drainage zyada pani na. Wilt bimari bhi. Pani ya jad ka masla.
W3193,soil structure zameen ki saakht kya hai,roman_ur,general,term_explanation,Soil structure zameen ke particles ka dheron (aggregates) mein jorna aur pores. Achi structure chhote dhere pores hawa pani; jaden. Kharab sakht chipchip. Organic matter kam tillage. Waterlogging zyada tillage nuqsan. Drainage aeration. Texture (ret chikni) se farq.
W3194,soil texture reti chikni mitti kya hai,roman_ur,general,term_explanation,Soil texture zameen mein ret (sand) silt mitti (clay) ka hissa. Raiti zyada ret; tez drain kam pani khuraak. Chikni zyada mitti; pani pakad lekin bhari waterlog. Loam teeno ka mix aam behtar. Texture aasaan nahi badalti; structure organic matter se. Texture pani khaad par asar.
W3195,erosion zameen ka behna kya hai,roman_ur,general,term_explanation,Erosion zameen ka pani ya hawa se behna udna. Pani: barish pani dharti beha le; naaliyan. Hawa: sukhe ilaqe. Upar wali zameen (behtar) chali jati yield kam. Kam karne: residue cover crop kam tillage bund contour ped. Dhal aur barani ilaqe mein masla.
W3196,transpiration patton se pani ugalna kya hai,roman_ur,general,term_explanation,Transpiration paudon ka pani patton se bhaap (stomata) ke zariye. Paude se evaporation jaisa. Pani nutrients jaden se. Garm tundi mein zyada; fasal ko zyada pani. Rok nahi sakte lekin mulch se zameen evaporation kam. Transpiration + zameen evaporation total pani zaya.
W3197,flood irrigation chara pani kya hai,roman_ur,general,term_explanation,Flood irrigation (chara pani) pure khet par pani bhar kar dena. Purana aasan tareeqa. Drip furrow se zyada pani—behav evaporation. Pani plenty ho to. Level na ho to kahi bhari kahi sukhi. Leveling beds se behtar.
W3198,sprinkler irrigation kya hoti hai,roman_ur,general,term_explanation,Sprinkler irrigation pipe nozzle se pani hawa mein chhidkana taake barish jaisa crop par. Movable ya fixed. Barabar pani bachav. Subah sham evaporation kam. Sabziyan kuch faslen. Pump pipe lagat. Fertigation bhi.
W3199,drip irrigation kya hoti hai,roman_ur,general,term_explanation,Drip irrigation pipe aur chhotay outlets (dripper) se pani seedha jad tak. Drip se kam runoff evaporation. Flood se 30–50% bachav. Sabziyan bagh kuch faslen. Filter dekhbhal taake band na hon. Khaad pani mein (fertigation). Shuruat mein mehenga.
W3200,cover crop kya hoti hai,roman_ur,general,term_explanation,Cover crop woh fasal jo kaatne ke liye nahi balke zameen dhakne ke liye. Main faslon ke beech ya khaali zameen par. Erosion kam organic matter legume N. Mung mash clover ghaas. Main fasal bone se pehle kaat kar milayein. Green manure jaisi. Zameen bachati agli fasal behtar.
W3201,seed bed beej ki tayari kya hai,roman_ur,general,term_explanation,Seed bed woh tayar zameen jahan beej daalenge. Achi seed bed narm barabar nami taake germination jaden. Jot sulah level. Clod tootay na gili na sukhi. Seed bed germination stand. Seed bed preparation bone se pehle tillage leveling.
W3202,storage pest store ke keerey kya hain,roman_ur,general,term_explanation,Storage pest woh keera jo store grain nuqsan karta hai. Weevil moth beetle. Ande grain mein larve andar khate. Grain sukha (12–14% se kam) saaf band jagah. Keerey dikhein to fumigation contact. Regular check. Weevil chhota beetle jo grain mein; gandum chawal mein aam.
W3203,dockage dane mein gandagi kya hoti hai,roman_ur,general,term_explanation,Dockage grain mein woh cheez jo grain nahi: gandagi pathar chaff toota dana doosri faslen. Kharedar weight se kata dete ya kam rate. Saaf grain kam dockage zyada rate. Bechne se pehle saaf grade. Sarkari standard max dockage. Foreign matter impurity.
W3204,extension worker kya hota hai,roman_ur,general,term_explanation,Extension worker agriculture department ya NGO ka wo shaks jo kisan ko fasal keera khaad naye tareeqe par mashwara deta hai. Khet training sawal. Research aur kisan ka link. Agri office helpline se number. Extension officer mashwarati.
W3205,recommendation mashwara kya hota hai,roman_ur,general,term_explanation,Recommendation (mashwara) woh amal jo fasal ke liye advise: variety kab boen kitna khaad kab pani kaunsi dawai kab kaatein. Research aur local hisaab se. Extension bulletin app. Recommendation se yield bachat. General ya soil test ke baad. Rule nahi best practice.
W3206,pathogen bimari ka keeda kya hota hai,roman_ur,general,term_explanation,Pathogen bimari ka woh organism: fungus bacteria virus. Maslan zang ka fungus wheat rust ka pathogen. Pathogen paude mein barhta nuqsan. Control: resistant fungicide saaf beej hygiene. Alag bimari alag pathogen. Pathogen jaan kar sahi dawai.
W3207,disease incidence bimari kitni faili kya matlab,roman_ur,general,term_explanation,Disease incidence matlab fasal ya khet ka kitna hissa bimari se. Paudon ka percentage ya patte ka area. Zyada incidence matlab bimari faili; kam matlab thode. Spray zaroori ya nuqsan kitna. Severity se farq jo har paude par kitna nuqsan.
W3208,predator keera kya hota hai,roman_ur,general,term_explanation,Predator woh keera jo doosre keeron (prey) ko marta khata hai. Ladybird chust; to ladybird predator. Faida mand. Broad spectrum spray se predator bhi mar jate pest barh jate. IPM mein selective threshold se bachate. Pest ka natural enemy.
W3209,biological control natural ilaaj kya hai,roman_ur,general,term_explanation,Biological control matlab pest ko un ke natural dushman ya zinda cheezon se control—sirf chemical nahi. Ladybird chust; virus pest. IPM ka hissa. Lagat kam safe. Hamesha full control nahi kabhi chemical. Research extension aapke pest ke liye.
W3210,re-entry interval spray ke baad khet mein kab aayein,roman_ur,general,term_explanation,Re-entry interval (REI) chhidkai ke baad woh waqt jis ke andar bina protection khet mein na aayein. Pesticide label par maslan 12 ya 24 ghante. Safety—chemical na saans na chhuein. REI ke baad aa sakte lekin kaatai kareeb ho to crop na chhuein. Label follow.
W3211,pre-harvest interval kaatne se pehle kitne din,roman_ur,general,term_explanation,Pre-harvest interval (PHI) ya waiting period last spray aur kaatai ke beech kam az kam din. Label par. Is dauran chemical toot jati grain safe. PHI se pehle kaatne se residue. Consumer safety. Maslan gandum 14 din; 14 din baad kaatein.
W3212,seed drill bone wali machine kya hoti hai,roman_ur,general,term_explanation,Seed drill woh machine jo beej (aur kabhi khaad) khet mein khadon mein dalati hai. Seed rate depth spacing set. Line sowing uniform. Hand broadcast se kam beej zyada control. Calibration karein. Zero till drill alag jo residue mein booti hai.
W3213,cultivator machine kya hoti hai,roman_ur,general,term_explanation,Cultivator woh machine jo zameen hilti hai lekin plough jitni gehraee nahi. Clods tootay weeds kaatay. Jot aur sulah ke beech. Minimum tillage mein use. Seed bed banane ya jhariyan katne. Tines ya blades.
W3214,land leveling zameen barabar karna kya hai,roman_ur,general,term_explanation,Land leveling zameen ko barabar karna taake pani har jagah barabar phile. Uneven se kahi pani zyada kahi kam. Leveling se irrigation behtar yield. Haath se ya laser leveler. Bone se pehle. Bund contour bhi.
W3215,bund band khet ki kya hoti hai,roman_ur,general,term_explanation,Bund (band) khet ke kinare ya andar mitti ki unchaee jo pani rok kar behne se bachaye. Chhota pani store. Erosion kam. Neechi jagah bund. Contour bund dhal ke sath. Band banana khet ki deewar.
W3216,brackish water kharab pani kya hota hai,roman_ur,general,term_explanation,Brackish water woh pani jismein namak (salt) thora zyada ho. Tube well ya kuch wells brackish. EC zyada. Zyada brackish nuqsan. Limit se kam ho to use; achhe pani mix gypsum drainage. Pani test karein.
W3217,crop stand fasal ka khara hona kya hai,roman_ur,general,term_explanation,Crop stand matlab khet mein paudon ka khara hona—kitne uge kitne zinda. Acha stand uniform kam khaliyan. Germination seed rate depth. Stand kharab ho to yield kam; replant ya agli bar behtar beej. Stand check emergence ke baad.
W3218,replanting dubara bone kya hoti hai,roman_ur,general,term_explanation,Replanting matlab ugalne ke baad agar stand bahut kam ho to dubara beej dena. Khaliyan zyada hon to. Naya beej same jagah. Waqt aur beej zaya. Is liye pehli bone theek karein; germination check. Kabhi partial replant.
W3219,weevil dane ka keera kya hota hai,roman_ur,general,term_explanation,Weevil chhota beetle jo store grain ke andar ghus kar khaata hai. Larva andar; grain kho jata. Storage pest. Sukha (12–14%) saaf fumigation. Gandum chawal dono. Check karein. Weevil ka larva andar se grain khaata hai.
W3220,foreign matter dane mein gandagi kya hoti hai,roman_ur,general,term_explanation,Foreign matter grain mein woh cheez jo grain nahi: gandagi pathar doosri faslen ka beej toota. Dockage jaisa. Kam foreign matter behtar rate. Bechne se pehle saaf karein. Quality parameter. Reject zyada hon to.
W3221,subsidy sarkari madad kya hoti hai,roman_ur,general,term_explanation,Subsidy sarkari madad jo kisan ko kisi cheez (beej khaad machinery insurance) par milti hai taake lagat kam ho. Apply karna parta; eligibility. Beej khaad tractor par scheme. Agri office bank se list form. Quota limit.
W3222,crop insurance fasal ka insurance kya hai,roman_ur,general,term_explanation,Crop insurance fasal ka nuqsan (oala barish bimari) hone par claim se paisa lene ka scheme. Premium hoti; sarkar hissa deti. Nuqsan par report survey claim. Policy terms. Bank company agri. Bachav ke liye.
W3223,soil health card zameen ka card kya hota hai,roman_ur,general,term_explanation,Soil health card sarkari card jismein aapki zameen ka test result aur khaad recommendation likhi hoti. Scheme se milta. Is se khaad decision. Har 2–3 saal test. Lab se report. Zameen ki sehat ka record.
W3224,symptom bimari ki nishani kya hoti hai,roman_ur,general,term_explanation,Symptom bimari ki woh nishani jo paude par dikhti hai—zard daag sookhna murjhana. Symptom se bimari pehchante hain. Sign pathogen khud (fungus pustule). Symptom = paude ka reaction. Pehchan kar ilaaj.
W3225,blight bimari patte sookhna kya hai,roman_ur,general,term_explanation,Blight bimari jismein patte jaldi sookh mar jate hain; daag bade. Fungus bacteria. Leaf blight wheat chawal. Pehli nishani fungicide. Resistant. Blight tez failti hai.
W3226,blast chawal ki bimari kya hai,roman_ur,general,term_explanation,Blast chawal ki bimari jismein patte bal par daag; bal sookh sakta. Fungus. Nami. Resistant variety fungicide. Critical flowering. Rice blast aam; nuqsan zyada.
W3227,larva keerey ka bachha kya hota hai,roman_ur,general,term_explanation,Larva keerey ka bachha (caterpillar grub) stage—ande se nikla jo khata barhta hai. Phir pupa phir adult. Armyworm cutworm bollworm sab larva. Larva stage par insecticide zyada asar. Pehchan karein.
W3228,lifecycle keerey ka chakkar kya hota hai,roman_ur,general,term_explanation,Lifecycle keerey ka woh chakkar jismein anda larva pupa adult hota hai. Har stage ki umr. Is se pata kab control behtar. Maslan ande ya chhote larva par spray. Lifecycle jaan kar timing.
W3229,maund weight kitna hota hai,roman_ur,general,term_explanation,Maund weight ki ek unit; Pakistan India mein aam. Kuch jagah 40 kg kuch 37 kg. Gandum chawal maund mein bechte hain. 40 maund = 1 ton (40 kg wala). Apne ilaqe ka maund check karein.
W3230,per acre matlab kya hai,roman_ur,general,term_explanation,Per acre matlab ek acre zameen par. Seed rate fertilizer yield sab per acre naapte hain. 1 acre = 4 kanal (kuch ilaqon mein) ya 0.4 hectare. Recommendation per acre dete hain. Apne khet ka area jaan kar total nikalein.
W3231,zinc sulphate zinc ki dawai kya hai,roman_ur,general,term_explanation,Zinc sulphate zinc ka woh khaad ya dawai jo zinc kami ke liye use hoti hai. Safed dana ya powder. Zameen mein ya foliar spray. Patton pe safed lakeeren (zinc kami) hon to foliar. Dose label extension. Repeat agar rahein. Zinc wheat chawal dono ke liye zaroori.
W3232,What is volunteer plant in field,en,general,term_explanation,"Volunteer plant is a plant that grows from seed that fell or was left from the previous crop, not from seed you sowed this season. For example volunteer wheat or rice comes from grain that dropped at harvest. It acts like a weed in the next crop and can host disease (e.g. rust) and pests. Remove or kill volunteer plants before sowing the next crop. They also use water and nutrients. Timely destruction of volunteers helps reduce pest and disease pressure."
W3233,What is terminal heat in wheat,en,general,term_explanation,"Terminal heat is the high temperature that comes at the end of the wheat season, during grain filling and ripening. When it comes too early or too strong, grain does not fill well and yield drops. It is a common problem in Pakistan. To reduce impact: sow at the right time so grain fill is not in peak heat, give last irrigation on time, and use heat-tolerant or earlier-maturing varieties. You cannot control the weather but you can reduce loss with these steps."
W3234,What is seed priming,en,general,term_explanation,"Seed priming means soaking or treating seed in water or a solution for a few hours before sowing, then drying it back so it does not germinate yet. When you sow, it germinates faster and more evenly. It helps in dry areas or when soil moisture is low. Do not soak too long or seed can be damaged. It is different from seed treatment with fungicide; you can do both. Extension can tell the right method for your crop."
W3235,What is sodic soil,en,general,term_explanation,Sodic soil is soil that has too much sodium (not only salt). The soil becomes sticky when wet and hard when dry; water does not enter well. It is different from only saline soil. To improve sodic soil use gypsum (calcium sulphate) and good drainage; avoid poor-quality water. Crop choice: grow tolerant crops. Soil test tells if your soil is sodic (high ESP or SAR). Gypsum replaces sodium with calcium and improves structure.
W3236,What is neem oil for pest control,en,general,term_explanation,Neem oil is oil pressed from the neem tree seed. It is used in farming to repel or kill some insects (e.g. aphids) and to reduce fungus. It is a natural or bio pesticide; safer than many chemicals. You mix a small amount in water and spray; dose is on the product. It works best when pest is low; for heavy infestation chemical may be needed. Neem does not kill all insects; it is part of IPM. Repeat spray after 7–10 days if needed.
W3237,What is susceptible variety,en,general,term_explanation,Susceptible variety is a variety that gets a disease or pest easily—the opposite of resistant. For example a rust-susceptible wheat variety will get rust when the disease is present. Under the same conditions a resistant variety stays healthy. So susceptible means the plant cannot defend itself well. You should avoid susceptible varieties where that disease is common; use resistant or tolerant ones. Susceptible is also called 'sensitive'.
W3238,What is stem fly pest,en,general,term_explanation,"Stem fly is a small fly whose larva (maggot) goes inside the stem of the crop and feeds there. The stem can break or the plant dies (dead heart in rice). It attacks rice, wheat and other cereals. Control by destroying volunteer plants and crop residue, and by spraying when adults or young larvae are present. Resistant variety and timely sowing help. It is different from stem borer (a moth larva); both bore inside the stem."
W3239,What is downy mildew,en,general,term_explanation,"Downy mildew is a disease caused by a fungus-like organism that makes yellow patches on the upper leaf and grey or white fuzzy growth on the lower leaf. It likes cool and wet weather. It is different from powdery mildew (white on top). Crops like onion, maize, bajra can get it. Reduce by good drainage, less humidity, and resistant variety. Fungicide (e.g. metalaxyl) can be used; ask extension for the right product for your crop."
W3240,What is sheath blight in rice,en,general,term_explanation,"Sheath blight is a disease of rice caused by fungus. It attacks the leaf sheath (the part that wraps the stem) and the leaf; you see oval or irregular grey-green spots. It spreads in wet, humid conditions and dense crop. It can reduce yield. Control with resistant variety, less nitrogen, good spacing, and fungicide when needed. Residue and water management also help. It is common in irrigated rice."
W3241,What is winnowing grain,en,general,term_explanation,Winnowing is the way to separate grain from chaff (husk and broken bits) using wind or air. After threshing you have grain mixed with chaff; you pour or toss it and the wind blows the light chaff away while the heavier grain falls. It is an old method; combine does cleaning by fan. Winnowing can be done by hand with a tray or by machine. Clean grain has less dockage and gets better price.
W3242,What is harvest index,en,general,term_explanation,"Harvest index is the share of the total plant weight that is the useful part (grain or fruit). For example if the plant weighs 100 units and grain is 40, harvest index is 40%. Higher harvest index means the crop puts more into grain and less into straw—so better yield for the same total growth. It is a term used in research and recommendation. Good variety and management (water, nitrogen at right time) improve harvest index."
W3243,What is hectare in land measurement,en,general,term_explanation,"Hectare is a unit of land area used in many countries. 1 hectare = 10,000 square metres. In Pakistan and India acre and kanal are also used. Roughly 1 hectare = 2.47 acres, or 1 acre = 0.4 hectare. When recommendation says kg per hectare, you can convert: multiply per-hectare dose by 0.4 for per acre. Seed rate and fertilizer are often given per hectare or per acre."
W3244,What is quintal weight,en,general,term_explanation,Quintal is a unit of weight. In metric system 1 quintal = 100 kg. So 10 quintals = 1 ton (1000 kg). In some areas people use quintal for grain; in Pakistan maund (about 40 kg) is more common. When you see 'quintal per hectare' it means 100 kg per hectare. It is used in yield and recommendation in many countries.
W3245,What is ergot disease in cereals,en,general,term_explanation,"Ergot is a disease of cereals (wheat, rye, bajra) where the grain is replaced by a dark purple or black horn-like structure (sclerotium) containing poison. It is caused by a fungus. It is harmful to humans and animals if eaten. Control by clean seed, crop rotation, and mowing grass around the field. There is no good chemical for ergot; use clean seed and avoid flowering in wet weather. Infected heads should be removed."
W3246,What is mosaic virus in crop,en,general,term_explanation,"Mosaic is a viral disease that makes leaves show yellow and green patches or streaks (mosaic pattern). The plant may be stunted. Virus is spread by insects (e.g. aphid) or by touch. There is no cure for the virus in the plant; control by resistant variety, control the insect vector, and remove infected plants. Mosaic is common in potato, tomato, chilli, and some other crops. Once virus is in the field it is hard to remove."
W3247,What is vector in plant disease,en,general,term_explanation,"Vector in plant disease means the carrier that spreads the disease from one plant to another. Often it is an insect: for example aphid can carry virus, so aphid is the vector. Controlling the vector (e.g. with insecticide or oil) can slow the spread of disease. Not all diseases have a vector; some spread by wind, seed or soil. Knowing the vector helps in control strategy."
W3248,What is roguing in field,en,general,term_explanation,"Roguing means walking through the field and removing (rogue) plants that are not like the rest—off-types, diseased plants, or weeds. It is done to keep the crop pure, especially in seed production. You pull or cut the bad plants. Roguing improves seed quality and reduces disease spread. It is done at flowering or when difference is clear. It is a cultural practice, not chemical."
W3249,What is off-type plant,en,general,term_explanation,"Off-type plant is a plant that is different from the variety you sowed—different height, colour, ear shape, or other trait. It may be from mixed seed, from volunteer seed, or from natural crossing. In seed production off-types are removed (roguing) so the seed stays pure. Off-types can reduce yield and quality. If you see many off-types, your seed may be impure; use certified seed next time."
W3250,What is thousand grain weight,en,general,term_explanation,"Thousand grain weight (TGW) is the weight in grams of 1000 grains. It tells how big and heavy the grains are. Higher TGW usually means better filling and often better milling. It is related to test weight. You measure it by counting 1000 grains and weighing them. Research and variety description often give TGW. Good management (right harvest time, no stress at grain fill) helps get good TGW."
W3251,What is boom sprayer,en,general,term_explanation,"Boom sprayer is a sprayer that has a long bar (boom) with several nozzles along it, so you spray a wide strip in one pass. It is pulled by tractor or carried. It gives even coverage if height and speed are correct. To reduce drift use correct nozzle type and pressure, and spray when wind is calm. Boom sprayer is common for field crops; it is faster than single-nozzle sprayer."
W3252,What is economic threshold for pest,en,general,term_explanation,"Economic threshold is the pest number or damage level at which the cost of control (spray) equals the crop loss you would have without control. In practice it is the level at which you should spray to avoid loss. Extension gives threshold for each pest, e.g. 5–10 aphids per tiller. Below threshold, spray is not worth it; above threshold, you may lose money if you do not spray. It is like 'threshold' but stresses the economic reason."
W3253,What is cultivar meaning,en,general,term_explanation,"Cultivar means a cultivated variety—a variety that humans have selected or bred. It is almost the same as 'variety'. Each cultivar has a name (e.g. Galaxy-2013, Faisalabad-2008). When we say 'resistant cultivar' we mean a named variety that is resistant. So cultivar = variety in everyday use. Scientists use the word cultivar for the formal name."
W3254,What is inter-row hoeing,en,general,term_explanation,"Inter-row hoeing means removing weeds and loosening soil between the crop rows using a hoe or implement. It is done after the crop is up; it cuts weeds between rows and gives aeration. It is a cultural weed control; it does not replace herbicide but can reduce weed pressure. You need enough space between rows to run the hoe. It is common in maize, cotton, and row crops."
W3255,What is residue retention,en,general,term_explanation,"Residue retention means keeping the crop residue (straw, stubble) on the field instead of removing or burning it. The residue stays on the surface or is partly mixed. It saves moisture, reduces erosion, and adds organic matter over time. It is used in conservation agriculture and with zero tillage. Happy seeder sows into retained residue. Do not burn; retain for soil and water benefit."
W3256,What is earlier-maturing variety,en,general,term_explanation,"Earlier-maturing variety is a variety that reaches harvest in fewer days than a normal variety. So it 'matures earlier'. It helps when you have a short season, or when you want to escape terminal heat or drought at the end. For example early wheat is harvested before peak heat. Yield may be a bit less than full-season variety but you save the crop. Choose as per your sowing date and climate."
W3257,What is mixed cropping,en,general,term_explanation,"Mixed cropping means growing two or more crops in the same field at the same time without strict rows—often mixed together. It is similar to intercropping but the mix can be more random. It spreads risk and can use space and nutrients better. For example wheat with mustard, or maize with bean. Plan for harvest and labour. It is an old practice; still used in many areas."
W3258,What is nutrient deficiency symptom,en,general,term_explanation,Nutrient deficiency symptom is the sign the plant shows when a nutrient is missing. For example nitrogen deficiency: old leaves yellow; zinc: white streaks on new leaves; potassium: brown leaf edges. So the symptom helps you guess which nutrient is lacking. Then you can add that nutrient (fertilizer or foliar). Soil test and leaf analysis can confirm. Correcting deficiency in time improves yield.
W3259,What is soil-borne disease,en,general,term_explanation,"Soil-borne disease is a disease whose pathogen (fungus, bacteria, etc.) lives in the soil and attacks from there. It can enter through roots or stem base. Examples: root rot, wilt, some blights. Control by crop rotation, resistant variety, clean seed, and sometimes soil treatment. It is different from airborne or insect-borne. Once in soil it can stay for years; so rotation and resistance are important."
W3260,What is stale seedbed,en,general,term_explanation,"Stale seedbed is a way to reduce weeds: you prepare the field and irrigate so weed seeds germinate, then you kill the weeds (by light tillage or herbicide) before sowing the crop. So when you sow, there are fewer weed seeds left to come up. It is done 1–2 weeks before sowing. It is a cultural method; it can reduce the need for post-emergence herbicide. Use when you have time before sowing."
W3261,What is plant density,en,general,term_explanation,"Plant density means how many plants (or tillers) are in a unit area, e.g. per square metre or per acre. High density = many plants; low density = few. Right density gives good yield; too high can cause lodging and disease; too low wastes land. Density depends on seed rate, germination, and spacing. Recommendation gives the target density for each crop and variety."
W3262,What is irrigation schedule,en,general,term_explanation,"Irrigation schedule is the plan of when to give how much water to the crop. It says how many irrigations and at what stages (e.g. crown root, tillering, booting, grain fill). It depends on crop, soil, and weather. A schedule helps you not miss critical stages and not over-irrigate. Extension or recommendation gives a typical schedule; you adjust for rain and your water supply."
W3263,What is pest pressure,en,general,term_explanation,"Pest pressure means how much the pest (insect or disease) is present and how much damage it can cause. High pest pressure = many pests or fast spread; you need to act. Low pressure = few pests; maybe no spray. Pressure builds with weather, volunteer plants, and same crop every year. Scout to see pressure; use threshold to decide when to spray. Resistant variety and clean practice reduce pressure."
W3264,What is crop canopy,en,general,term_explanation,"Crop canopy is the top layer of leaves and stems that covers the ground when the crop is full. It is like a 'roof' of the crop. Dense canopy shades the soil (less weed, less evaporation) but can favour some diseases (e.g. in humid weather). Canopy size affects how much light the crop catches and how much it produces. Management (spacing, nitrogen) affects canopy."
W3265,What is tasseling stage in maize,en,general,term_explanation,Tasseling is the stage in maize when the tassel (male flower at the top) comes out. Pollen is shed from the tassel. It is a critical stage for water; stress here can reduce grain number. Silking is when the female part (silks) appears; pollination happens then. So tasseling and silking are the flowering stage of maize. Irrigation and no stress at this time are important for yield.
W3266,What is seed dressing,en,general,term_explanation,Seed dressing means applying a chemical (fungicide or insecticide) to the seed surface before sowing—same as seed treatment. The seed is coated or mixed with the product. It protects against seed-borne and some soil-borne pests and diseases. 'Dressing' is another word for 'treatment'. Use recommended product and dose; dry seed after dressing before sowing. Certified seed is often already dressed.
W3267,What is fodder crop,en,general,term_explanation,"Fodder crop is a crop grown mainly to feed animals—for example maize for green fodder, sorghum, oats, berseem. You cut the plant (whole or top) and give to cattle, goats, etc. It is not mainly for grain. Fodder crops can be grown alone or with grain. Good fodder has high protein and yield. Rotating with fodder can improve soil and give income from livestock."
W3268,What is grain moisture content,en,general,term_explanation,"Grain moisture content is the percentage of water in the grain. It is measured with a meter or by weight loss on drying. For safe storage moisture should be 12–14% or less; higher moisture leads to insects and fungus. At harvest grain may have 20–25% moisture; you dry it before storing. Moisture affects test weight, storage life, and price. Buyers often check moisture."
W3269,What is black layer in maize grain,en,general,term_explanation,"Black layer in maize is a dark layer that forms at the base of the grain when the grain has reached physiological maturity. Once black layer is there, the grain does not take more dry matter. So it is used to decide when to harvest maize. You can see it by cutting a kernel; it is at the tip where it was attached. After black layer you can harvest when moisture is right for storage or combine."
W3270,What is dead heart in rice,en,general,term_explanation,Dead heart in rice is when the central shoot (tiller) dies and can be pulled out easily—it is yellow and dry inside. It is caused by stem borer larva that feeds inside the stem. So the tiller does not produce a panicle. Control stem borer with insecticide at the right time and remove infested plants. Resistant variety and field sanitation help. Dead heart is a symptom of stem borer damage.
W3271,What is white ear in rice pest,en,general,term_explanation,White ear in rice is when the ear (panicle) stays white or pale and has no or few grains. It can be caused by stem borer (larva feeds inside) or by other stress. The panicle is empty or chaffy. It is a type of damage that reduces yield. Control by managing stem borer and ensuring good nutrition and water at flowering and grain fill. Scout for stem borer and spray when needed.
W3272,volunteer plant khet mein kya hota hai,roman_ur,general,term_explanation,Volunteer plant woh pauda hai jo purani fasal ke giray ya rehne wale beej se ugta hai; is mausam ka beej aapne nahi dala. Maslan volunteer gandum ya chawal kaatai mein giray dane se. Agli fasal mein jhari jaisa; bimari (zang) ka host. Agli fasal bone se pehle volunteer hataen ya maaren. Pani khuraak bhi leta hai. Volunteer jald hataane se keera bimari kam.
W3273,terminal heat gandum mein kya hoti hai,roman_ur,general,term_explanation,Terminal heat gandum mausam ke aakhir mein aane wali tez garmi hai—grain filling aur pakai ke dauran. Jaldi ya zyada aaye to dana nahi bharta yield kam. Pakistan mein aam masla. Kam karne ke liye sahi waqt bone taake grain fill peak garmi mein na; last pani waqt par; heat tolerant ya jaldi pakne wali variety. Mausam control nahi lekin in se nuqsan kam.
W3274,seed priming kya hoti hai,roman_ur,general,term_explanation,Seed priming ka matlab bone se pehle beej ko kuch ghante pani ya solution mein bhigona phir sukha lena taake abhi ugalna na ho. Jab boen to jaldi aur barabar ugalta. Sukhe ilaqe ya kam nami mein faida. Zyada der na bhigayein nuqsan. Seed treatment (fungicide) se alag; dono kar sakte. Extension crop ke mutabiq batayega.
W3275,sodic soil namak zameen kya hoti hai,roman_ur,general,term_explanation,Sodic soil woh zameen hai jismein sodium zyada ho (sirf namak nahi). Gili mein chipchip sukhi mein sakht; pani andar nahi jata. Sirf saline se farq. Behtar karne ke liye gypsum (calcium sulphate) aur drainage; kharab pani na. Tolerant faslen. Soil test sodic (ESP SAR) batata hai. Gypsum sodium ki jagah calcium structure behtar.
W3276,neem oil keeron ke liye kya hai,roman_ur,general,term_explanation,Neem oil neem ke beej se nikala hua tel hai. Keeron (chust waghaira) ko rokne ya marne aur fungus kam karne ke liye. Natural ya bio pesticide; chemical se safe. Thora pani mein mila kar chhidkain; dose product par. Keera kam ho to behtar; zyada ho to chemical. Neem sab keerey nahi marta; IPM ka hissa. 7–10 din baad repeat.
W3277,susceptible variety kya hoti hai,roman_ur,general,term_explanation,Susceptible variety woh variety hai jo bimari ya keere se aasani se lag jati hai—resistant ka ulta. Maslan zang susceptible gandum zang aate hi lag jati hai. Resistant wahi par sehatmand. To susceptible matlab pauda apna bachav kam kar pata. Jahan woh bimari aam ho susceptible na len; resistant tolerant len. Sensitive bhi kehte hain.
W3278,stem fly keera kya hota hai,roman_ur,general,term_explanation,Stem fly chhoti makhi hai jis ka larva (maggot) tane ke andar ghus kar khata hai. Tana toot sakta pauda mar sakta (chawal mein dead heart). Chawal gandum cereals. Volunteer aur residue hataen; jab adult ya chhote larva hon spray. Resistant waqt par bone. Stem borer (moth larva) se farq; dono andar.
W3279,downy mildew bimari kya hai,roman_ur,general,term_explanation,Downy mildew fungus jaisa organism se bimari; upar peela neeche grey safed fuzzy growth. Thanda nami mausam. Powdery mildew se farq (safed upar). Pyaz makki bajra. Drainage kam nami resistant. Fungicide (metalaxyl); extension crop ke mutabiq.
W3280,sheath blight chawal ki bimari kya hai,roman_ur,general,term_explanation,Sheath blight chawal ki fungus bimari. Leaf sheath (tane ko lapetne wala) aur patta; oval irregular grey-green daag. Nami ghana fasal. Yield kam. Resistant kam N spacing fungicide. Residue pani. Chara chawal mein aam.
W3281,winnowing dana alag karna kya hota hai,roman_ur,general,term_explanation,Winnowing dane ko chaff (bhoosi toota) se hawa se alag karne ka tareeqa. Threshing ke baad grain chaff mix; hawa halka chaff uda deti bhari grain girta. Purana tareeqa; combine fan se saaf karta. Haath tray ya machine. Saaf dana kam dockage zyada rate.
W3282,harvest index paidawar ka index kya hai,roman_ur,general,term_explanation,Harvest index total paude ka wazan ka woh hissa jo kaam ka (dana phal). Maslan pauda 100 unit dana 40 to index 40%. Zyada index matlab zyada dana kam bhoosa—same growth par behtar yield. Research recommendation mein. Achi variety management (pani N sahi waqt) index behtar.
W3283,hectare zameen ka naap kya hota hai,roman_ur,general,term_explanation,"Hectare zameen ka naap; 1 hectare = 10,000 sq m. Pakistan India mein acre kanal bhi. 1 hectare = 2.47 acre ya 1 acre = 0.4 hectare. Recommendation kg per hectare ho to 0.4 se per acre. Seed rate khaad per hectare ya per acre."
W3284,quintal weight kitna hota hai,roman_ur,general,term_explanation,Quintal weight ki unit; 1 quintal = 100 kg. 10 quintal = 1 ton. Kuch jagah dane ke liye; Pakistan mein maund (40 kg) zyada. 'Quintal per hectare' matlab 100 kg per hectare. Yield recommendation mein.
W3285,ergot bimari anaj mein kya hai,roman_ur,general,term_explanation,Ergot anaj (gandum rye bajra) ki bimari jismein dane ki jagah kaala bada structure (sclerotium) zehr. Fungus. Insan janwar ke liye nuqsan. Saaf beej rotation khet ke gird ghaas kaat. Ergot ki chemical nahi; saaf beej nami mein phool na. Infected sar hataen.
W3286,mosaic virus fasal ki bimari kya hai,roman_ur,general,term_explanation,Mosaic virus bimari jismein patte peela hara patch streak (mosaic). Pauda chhota. Virus keera (chust) ya chhune se. Virus ka ilaaj paude mein nahi; resistant vector control infected hataen. Aaloo tamatar mirch. Virus field mein aaye to hataana mushkil.
W3287,vector bimari phailane wala kya hota hai,roman_ur,general,term_explanation,Vector bimari phailane wala carrier—aksar keera: chust virus; to chust vector. Vector control (insecticide oil) se bimari failne kam. Har bimari ka vector nahi; hawa beej mitti. Vector jaan kar control.
W3288,roguing khet mein kya hoti hai,roman_ur,general,term_explanation,Roguing khet mein chal kar alag (off-type bimari jhari) paude nikaalna. Fasal ko pure rakne ke liye khass tor par beej. Paude ukharte ya kaat te. Beej quality bimari kam. Phool ya farq dikhe tab. Cultural practice.
W3289,off-type pauda kya hota hai,roman_ur,general,term_explanation,Off-type pauda woh jo aapki variety se alag—length rang bal shape. Mixed beej volunteer ya cross. Beej production mein roguing se pure. Yield quality kam. Zyada off-type to beej impure; agli bar certified.
W3290,thousand grain weight kya hoti hai,roman_ur,general,term_explanation,Thousand grain weight (TGW) 1000 danon ka gram mein weight. Dane kitne barey bhari. Zyada TGW behtar bharai milling. Test weight se related. 1000 grain gin kar napein. Research variety TGW dete. Sahi kaatai grain fill stress na—achha TGW.
W3291,boom sprayer kya hota hai,roman_ur,general,term_explanation,Boom sprayer mein lambi bar (boom) par kayi nozzle; ek pass mein chauri strip. Tractor se. Height speed theek ho to barabar coverage. Drift kam nozzle pressure hawa calm. Field crops ke liye aam.
W3292,economic threshold keera spray ki had kya hai,roman_ur,general,term_explanation,Economic threshold woh hadd jahan control (spray) ki lagat bachne wali loss ke barabar. Practice mein jahan spray karna chahiye. Extension har pest ke liye deta (maslan 5–10 chust per tiller). Neeche spray faida nahi; upar na chhidkain to nuqsan. Threshold jaisa lekin economic wajah.
W3293,cultivar variety ka matlab kya hai,roman_ur,general,term_explanation,Cultivar cultivated variety—naam wali variety jo insan ne chuni ya banayi. Variety jaisa. Har cultivar ka naam (Galaxy-2013 Faisalabad-2008). Resistant cultivar = resistant variety. Scientist formal naam ke liye cultivar.
W3294,inter-row hoeing lineon ke beech godai kya hai,roman_ur,general,term_explanation,Inter-row hoeing lineon ke beech jhariyan kaatna aur zameen dheela karna hoe se. Fasal ke baad; jhariyan kaat aeration. Cultural weed control. Herbicide replace nahi lekin pressure kam. Lineon ke beech jagah chahiye. Makki kapas row crops.
W3295,residue retention bhoosa rehne dena kya hai,roman_ur,general,term_explanation,Residue retention bhoosa stubble khet par rehne dena hataana jalaana nahi. Surface par ya thora mix. Nami bachati erosion kam organic matter. Conservation agriculture zero till. Happy seeder retained residue mein. Jalaen mat.
W3296,earlier-maturing variety jaldi pakne wali kya hai,roman_ur,general,term_explanation,Earlier-maturing variety kam din mein pakne wali. Mausam chhota ho ya aakhir ki garmi sukha se bachna ho. Jaldi gandum peak garmi se pehle. Yield thori kam lekin fasal bachti. Bone date mausam ke hisaab.
W3297,mixed cropping dono faslen sath kya hoti hai,roman_ur,general,term_explanation,Mixed cropping do ya zyada faslen same khet same waqt bina strict lineon—aksar mix. Intercropping jaisi. Risk kam jagah khuraak. Gandum sarson makki lobia. Kaatai mazdoori plan. Purana amal.
W3298,nutrient deficiency symptom kami ki nishani kya hoti hai,roman_ur,general,term_explanation,Nutrient deficiency symptom paude ki woh nishani jab koi nutrient kam. N kami purane zard; zinc naye pe safed; K kinare brown. Symptom se andaaza kaun nutrient; phir woh khaad. Soil test patta confirm. Waqt par kami theek yield.
W3299,soil-borne disease mitti se bimari kya hai,roman_ur,general,term_explanation,Soil-borne disease woh bimari jiska pathogen mitti mein rehta jaden stem base se. Root rot wilt kuch blight. Rotation resistant saaf beej kabhi soil treatment. Hawa ya keere se farq. Mitti mein saalon tak; rotation resistance.
W3300,stale seedbed jhariyon ke liye kya hoti hai,roman_ur,general,term_explanation,Stale seedbed jhariyan kam karne ka tareeqa: tayari karein pani dein jhariyan ugen phir maaren (halki jot ya herbicide) bone se pehle. Jab boen kam beej. Bone se 1–2 haftay pehle. Cultural; post-emergence kam. Waqt ho to.
W3301,plant density paudon ki ghanai kya hoti hai,roman_ur,general,term_explanation,Plant density unit area (sq m acre) par kitne paude (tillers). Zyada density = zyada paude. Sahi density yield; zyada lodging bimari kam zameen zaya. Seed rate germination spacing. Recommendation target density.
W3302,irrigation schedule pani dene ka program kya hai,roman_ur,general,term_explanation,Irrigation schedule pani kab kitna dene ka plan. Kitni dafa kaun se stage (crown root tillering booting grain fill). Crop zameen mausam. Critical miss na zyada na. Extension recommendation schedule; barish pani adjust.
W3303,pest pressure keeron ka zor kya hota hai,roman_ur,general,term_explanation,Pest pressure keera bimari kitna maujood nuqsan kitna. Zyada pressure = zyada pest; action. Kam = spray shayad nahi. Mausam volunteer same crop se pressure. Scout threshold. Resistant saaf pressure kam.
W3304,crop canopy fasal ki chhaan kya hoti hai,roman_ur,general,term_explanation,Crop canopy fasal ki upar patton tanon ki layer jo zameen dhakti hai. Chhaan jaisa. Ghana canopy zameen shade (jhari evaporation kam) lekin kuch bimari (nami). Canopy size roshni yield. Spacing N.
W3305,tasseling makki ka stage kya hota hai,roman_ur,general,term_explanation,Tasseling makki ka stage jab tassel (upar male phool) nikalta. Pollen tassel se. Pani critical; stress danon kam. Silking jab female (silks); pollination. Tasseling silking = makki ka phool. Is waqt pani stress na.
W3306,seed dressing beej treatment kya hoti hai,roman_ur,general,term_explanation,Seed dressing beej par chemical (fungicide insecticide) bone se pehle—seed treatment jaisa. Coat ya mix. Beej aur mitti se bachav. Dressing = treatment. Recommend product dose; sukha kar boen. Certified aksar dressed.
W3307,fodder charay wali fasal kya hoti hai,roman_ur,general,term_explanation,Fodder crop janwar ke charay ke liye—makki hara chara jwar oats berseem. Kaat kar gaay bakri. Grain main nahi. Fodder alag ya grain sath. Acha fodder protein yield. Fodder rotation zameen livestock.
W3308,grain moisture content dane ki nami kya hoti hai,roman_ur,general,term_explanation,Grain moisture content dane mein pani ka percentage. Meter ya sukha kar weight se. Store ke liye 12–14% ya kam; zyada keerey fungus. Kaatai par 20–25%; sukha kar store. Test weight storage rate. Kharedar check.
W3309,black layer makki ke dane mein kya hoti hai,roman_ur,general,term_explanation,Black layer makki ke dane ke base par kaali layer jab grain physiological maturity. Black layer ke baad dana aur dry matter nahi leta. Kaatai ka waqt. Kernel kaat kar dekhein; jahan jad thi. Black layer ke baad nami theek to kaatein.
W3310,dead heart chawal mein kya hota hai,roman_ur,general,term_explanation,Dead heart chawal mein jab andar wala shoot (tiller) mar jata aur aasaan nikalta—andar zard sukha. Stem borer larva andar khata. Panicle nahi banta. Stem borer waqt par insecticide infested hataen. Resistant sanitation. Dead heart stem borer ki nishani.
W3311,white ear chawal ka nuqsan kya hota hai,roman_ur,general,term_explanation,White ear chawal mein jab bal (panicle) safed peela reh jata danay nahi ya kam. Stem borer (andar larva) ya stress. Panicle khaali. Yield kam. Stem borer theek karein phool grain fill par nutrition pani. Scout spray.
W3312,kanal zameen ka naap kya hota hai,roman_ur,general,term_explanation,Kanal zameen ka naap Pakistan India mein. 1 acre = 8 kanal (Punjab); 1 kanal = 20 marla. Kuch ilaqe alag. Recommendation acre ya hectare; kanal se acre 8 se divide. 4 kanal = 0.5 acre.
W3313,acre zameen kitni hoti hai,roman_ur,general,term_explanation,Acre zameen ki ek unit; 1 acre = 4840 sq yard ya 0.4 hectare. Pakistan mein 1 acre = 8 kanal (Punjab). Per acre seed rate khaad yield. Recommendation per acre. Khet ka area acre ya kanal mein.
W3314,water stress pani ki kami kya hoti hai,roman_ur,general,term_explanation,Water stress pani ki kami ya zameen sukhi hone se paude ko jo nuqsan. Patton murjhana growth kam. Critical stage par zyada nuqsan. Pani dein mulch. Stress = pauda pani nahi le pa raha.
W3315,frost sardi se nuqsan kya hota hai,roman_ur,general,term_explanation,Frost sardi se zameen aur hawa 0°C se neeche; pani jam jata. Naye paude nuqsan. Pehle light pani sardi se pehle. Frost ilaqe jaldi bone avoid. Resistant. Nuqsan zyada to insurance.
W3316,hail oala nuqsan kya hota hai,roman_ur,general,term_explanation,Hail (oala) barf ke goley jo barish ke sath girte hain. Patton tanon nuqsan. Control nahi; report insurance. Photos. Nuqsan ke baad extra N na light pani. Hail forecast se thori tayari.
W3317,seed certification beej certificate kya hota hai,roman_ur,general,term_explanation,Seed certification sarkari ya authorized agency beej test karke certify karti hai—purity germination disease-free. Certified beej packet par certification. Beej quality ka pakka. Apply karke certified len; quota. Truthfully labeled bhi ek level.
W3318,germination percentage ugalne ka percentage kya hai,roman_ur,general,term_explanation,Germination percentage 100 beej mein se kitne ugte hain. 80% matlab 100 mein 80. Certified beej high germination. Purana beej kam. Stand ke liye important. Test karwa sakte hain.
W3319,bio pesticide natural dawai kya hoti hai,roman_ur,general,term_explanation,Bio pesticide natural source (pauda microbe) se bani dawai. Neem Bt. Chemical se safe. Keeron par; IPM. Zyada infestation mein chemical bhi. Expiry store.
W3320,contact insecticide surface par marni wali kya hoti hai,roman_ur,general,term_explanation,Contact insecticide woh jo sirf jahan lage wahan marta hai; paude ke andar nahi jati. Surface par coverage achha chahiye. Systemic se farq. Kuch keeron patte par; contact kaam. Rain dho sakti repeat.
W3321,broad spectrum insecticide sab keerey marni wali kya hoti hai,roman_ur,general,term_explanation,Broad spectrum insecticide woh jo kayi qism ke keeron ko marta hai—faida mand bhi. Selective se farq. Jab specific pest pehchan na ho ya zyada hon. IPM mein selective prefer; broad spectrum faida mand nuqsan.
W3322,spray coverage chhidkai ka cover kya hota hai,roman_ur,general,term_explanation,Spray coverage matlab chhidkai kitni achhi tarah patton tanon par lagi. Achha coverage = har hissa bheega. Nozzle pressure height speed. Kam coverage bimari keera bach jate. Niche patte bhi. Coverage dekh kar spray.
W3323,label dawai ki bori par kya likha hota hai,roman_ur,general,term_explanation,Label dawai ya khaad ki bori bottle par likhi instructions: dose kaise kab mixing waiting period re-entry. Label zaroor parhen follow karein. Ghalat dose nuqsan. Safety bhi label par.
W3324,fertilizer recommendation khaad ka mashwara kya hota hai,roman_ur,general,term_explanation,Fertilizer recommendation khaad ka mashwara: kitni kab kaun si crop soil ke hisaab. Extension bulletin soil test. Recommendation follow yield bachat. Per acre per stage. General ya test ke baad.
W3325,disease severity bimari ki sakhti kya hoti hai,roman_ur,general,term_explanation,Disease severity har paude par bimari kitni sakht—kitna area nuqsan. Incidence se farq jo kitne paude. Severity zyada = zyada nuqsan per plant. Dono dekh kar spray decision.
W3326,host plant bimari ka pauda kya hota hai,roman_ur,general,term_explanation,Host plant woh pauda jis par pathogen (bimari) rehta aur failta. Maslan gandum rust ka host. Volunteer host ban sakta. Host hataen ya resistant host len. Vector host se dusre tak.
W3327,secondary infection doosri bimari kya hoti hai,roman_ur,general,term_explanation,Secondary infection woh infection jo pehli (primary) ke baad hoti—jaise purane daag se naye daag. Fungus spread. Primary pehli jagah; secondary fail kar. Control jaldi primary par; secondary kam.
W3328,natural enemy keerey ka dushman kya hota hai,roman_ur,general,term_explanation,Natural enemy keera ya bimari ka woh dushman jo use khata ya kam karta—predator parasitoid. Ladybird chust. Inhe bachayein selective spray threshold. Chemical inhe bhi marta.
W3329,pollinator phool se phool rangne wala kya hota hai,roman_ur,general,term_explanation,Pollinator woh keera (machhi) jo phool se phool rang (pollen) le jata taake dana banay. Bee main. Phalon sabziyon ke liye zaroori. Pollinator nuqsan mat karein spray. Natural enemy jaisa.
W3330,soil fertility zameen ki mumi ki kya hoti hai,roman_ur,general,term_explanation,Soil fertility zameen ki woh taqat jo fasal ugaye aur paidawar de. Nutrients organic matter structure. Zyada fertility = behtar yield. FYM compost rotation fertility. Test se pata. Fertility barhane = zameen behtar.
W3331,nutrient uptake pauda khuraak kaise leta hai,roman_ur,general,term_explanation,Nutrient uptake pauda ka jaden aur patton se khuraak lena. Jaden N P K pani ke sath; patte foliar. Uptake kam = kami. pH drainage moisture uptake par asar. Sahi khaad sahi waqt = uptake behtar.
W3332,What is silking stage in maize,en,general,term_explanation,"Silking is the stage in maize when the silks (long threads from the ear) appear and receive pollen from the tassel. It is the female flowering stage. Pollination happens when pollen falls on silks. Stress (drought, heat) at silking greatly reduces grain number. So silking is a critical stage for water. It comes after tasseling; both together are the flowering period of maize."
W3333,What is spikelet in wheat or rice,en,general,term_explanation,"Spikelet is the small unit that holds one or more florets (flowers) in wheat, rice, or sorghum. In wheat the ear is made of many spikelets in two rows; each spikelet can produce 2–5 grains. In rice the panicle has many spikelets. So spikelet is the small branch that bears the grain. More and bigger spikelets mean more grain. Good nutrition and water at booting and flowering improve spikelet number."
W3334,What is emergence in crop,en,general,term_explanation,"Emergence is when the young plant (seedling) first comes out of the soil and is visible. So it is the end of germination: the shoot has pushed through the soil. Days to emergence depend on depth, moisture, and temperature. Good emergence means uniform stand. If emergence is poor or patchy, check seed quality, depth, moisture, and soil crust. Emergence is counted in days after sowing (DAS)."
W3335,What is borax for crop,en,general,term_explanation,Borax is a source of boron used when soil or crop has boron deficiency. Boron is needed in small amount for flowering and grain set. You apply borax to soil or as foliar spray. Dose is small (e.g. 1–2 kg borax per acre); too much can be toxic. Soil test can confirm boron need. Boron deficiency is common in some soils; symptoms include poor grain set and dying growth points.
W3336,What is tillage meaning,en,general,term_explanation,"Tillage means preparing the soil by digging, turning, or breaking it—ploughing, harrowing, cultivating. It loosens soil, buries weeds and residue, and prepares seedbed. Full tillage = several ploughing and harrowing. Minimum tillage = fewer operations. Zero tillage = no tillage. Tillage affects soil structure, moisture, and cost. Too much tillage can harm soil; conservation agriculture reduces tillage."
W3337,What is parasitoid insect,en,general,term_explanation,Parasitoid is an insect (e.g. small wasp) that lays its egg in or on another insect (the host); the young parasitoid feeds on the host and kills it. So it is a natural enemy of pests—like a parasite but it kills the host. Parasitoids help control pests without chemical. Broad-spectrum insecticide kills parasitoids too. In IPM we protect parasitoids by using selective spray and threshold. Parasitoid is a type of natural enemy.
W3338,What is weed resistance,en,general,term_explanation,"Weed resistance (or herbicide resistance) means that weeds no longer die from a herbicide that used to kill them. It happens when the same herbicide is used again and again; some weed plants survive and multiply. So the weed population becomes resistant. To avoid or manage: rotate herbicides with different mode of action, use other methods (hand weeding, crop rotation), and do not rely on one product only. Resistance is a growing problem."
W3339,What is infiltration in soil,en,general,term_explanation,"Infiltration is when water enters the soil from the surface and moves downward. Good infiltration means water soaks in instead of running off. It depends on soil structure, moisture, and cover. Hard or compacted soil has slow infiltration; water may run off. Organic matter and less tillage improve infiltration. If infiltration is poor, improve structure and avoid working soil when wet. Infiltration is the opposite of runoff."
W3340,What is water table,en,general,term_explanation,Water table is the level below which the soil or rock is full of water (groundwater). Above the water table the soil has air in pores; below it is saturated. Shallow water table can cause waterlogging. Deep water table means you depend on rain or irrigation. Tube well pumps from below water table. In some areas water table is falling due to over-pumping. Water table depth affects crop and irrigation choice.
W3341,What is field capacity of soil,en,general,term_explanation,"Field capacity is the amount of water the soil can hold after excess has drained away (gravity drainage). It is the 'full' state of soil with water and air. After heavy rain or irrigation, soil reaches field capacity; then water drains. Plants can use water between field capacity and wilting point. It is used in irrigation scheduling. Sandy soil has low field capacity; clay has higher. It is a soil moisture term."
W3342,What is pollination in crop,en,general,term_explanation,"Pollination is when pollen from the male part (anther) reaches the female part (stigma) of the flower so that fertilisation can happen and grain or fruit can form. In maize wind carries pollen from tassel to silk. In many crops insects (bees) pollinate. Without pollination there is no grain. Stress (heat, rain) at flowering can harm pollination. Some crops self-pollinate; others need cross-pollination."
W3343,What is grain set,en,general,term_explanation,"Grain set (or grain setting) is when the flower is fertilised and the grain starts to form. So it is the stage right after pollination when the grain (caryopsis) begins to grow. Poor grain set means few grains per ear or panicle—due to stress at flowering, lack of pollination, or disease. Good water and nutrition at flowering improve grain set. It is one of the main yield components."
W3344,What is inoculum in disease,en,general,term_explanation,"Inoculum is the pathogen (fungus, bacteria, virus) or its spores that can start or spread disease. For example rust inoculum is the spore that lands on a leaf and starts infection. Inoculum can be in seed, soil, residue, or air. Reducing inoculum (clean seed, residue management, rotation) reduces disease. Once inoculum is high in the area, disease can spread fast. So inoculum is the 'source' of infection."
W3345,What is epidemic in crop disease,en,general,term_explanation,"Epidemic is when a disease spreads quickly and affects a large part of the crop or area. So many plants get diseased in a short time. It happens when there is enough inoculum, susceptible variety, and favourable weather (e.g. wet and warm for rust). To reduce epidemic risk: use resistant variety, reduce inoculum (clean seed, residue), and spray in time. Epidemic can cause big yield loss."
W3346,What is tolerance vs resistance,en,general,term_explanation,Tolerance means the crop can bear the disease or stress and still give reasonable yield—it is damaged but not as much as a susceptible one. Resistance means the crop does not get the disease (or gets very little). So tolerant = suffers but yields; resistant = does not get it. For example drought-tolerant variety yields under water stress; resistant variety does not get the disease. Both are useful; resistance is stronger.
W3347,What is chelate fertilizer,en,general,term_explanation,"Chelate (or chelated) fertilizer is a form of micronutrient (e.g. iron, zinc) where the nutrient is bound to an organic molecule so it stays available in soil longer and is easier for the plant to take. In high-pH or alkaline soil normal micronutrient may get locked; chelate stays available. It is used for foliar or soil application. It is more expensive but useful when deficiency is hard to correct. Check label for crop and dose."
W3348,What is slow release fertilizer,en,general,term_explanation,Slow release fertilizer is fertilizer that releases nutrients gradually over weeks or months instead of all at once. So the crop gets a steady supply and less is lost by leaching. It can be coated urea or other forms. It is useful where rain is heavy or irrigation is frequent. It can reduce the number of applications. Cost is often higher. It is also called controlled release or CRF.
W3349,What is humus in soil,en,general,term_explanation,"Humus is the dark, stable part of organic matter in soil that remains after decomposition. It is not raw plant or dung; it is well broken down. Humus holds water and nutrients, improves structure, and feeds soil life. It is built up by adding compost, FYM, and residue over years. Burning residue or too much tillage reduces humus. Good soil has a few percent humus. Humus is part of soil organic matter."
W3350,What is decomposition,en,general,term_explanation,"Decomposition is the breakdown of dead plant and animal material (residue, dung, roots) into simpler substances by microbes. The organic matter rots and releases nutrients and becomes humus. It needs moisture and air. Compost making is controlled decomposition. In the field, residue decomposes and feeds the soil. Too dry or too wet slows decomposition. Decomposition is a natural process that recycles nutrients."
W3351,What is contour farming,en,general,term_explanation,"Contour farming means doing tillage, planting, and rows along the contour (same height line) of the slope instead of up and down. So rows are horizontal on the slope. It reduces runoff and erosion because water does not run straight down. Contour bunds are small walls along the contour. It is used on sloping land. It saves soil and water. Contour is one of the ways to reduce erosion."
W3352,What is seed vigour,en,general,term_explanation,"Seed vigour means how strong and fast the seed can germinate and produce a healthy seedling. High vigour: quick, uniform emergence and strong early growth. Low vigour: slow or uneven emergence, weak seedlings. Old or poorly stored seed loses vigour. Vigour is different from germination percentage: two lots can have same germination but different vigour. Certified seed has good vigour. It affects stand and early growth."
W3353,What is seed purity,en,general,term_explanation,"Seed purity means the seed is only of the stated variety with no other crop seeds, weed seeds, or inert matter. Pure seed gives uniform crop. Impure seed has mixed variety or weeds. Seed certification checks purity. If you save your own seed, roguing and clean harvest improve purity. Purity is given as a percentage on the label. High purity is important for yield and quality."
W3354,What is irrigation efficiency,en,general,term_explanation,"Irrigation efficiency is how much of the water you apply is actually used by the crop (taken up or stored in root zone) and how much is lost (runoff, evaporation, deep drainage). High efficiency means less waste. Drip and sprinkler are often more efficient than flood. Leveling, beds, and good timing also improve efficiency. Efficiency is important when water is scarce or costly."
W3355,What is biomass in crop,en,general,term_explanation,"Biomass is the total weight of the plant (or crop) — roots, stem, leaves, grain — usually expressed as dry weight (after drying to remove water). So it is all the matter the crop has produced. Grain yield is part of biomass. Harvest index = grain / total biomass. More biomass with good harvest index gives more grain. Biomass is measured in research and sometimes in recommendation."
W3356,What is dry matter,en,general,term_explanation,"Dry matter is the weight of the plant or grain after all water has been removed (by drying in an oven). So it is the solid part. Fresh weight includes water; dry matter does not. Yield and biomass are often given as dry matter. Grain at harvest has 10–20% water, so 80–90% dry matter. Dry matter is used to compare yield and quality without the effect of moisture."
W3357,What is growth stage,en,general,term_explanation,"Growth stage is a defined phase in the life of the crop, e.g. seedling, tillering, booting, flowering, grain filling, maturity. Each stage has a number or name (e.g. Zadoks scale in wheat). Knowing growth stage helps in timing irrigation, fertilizer, and spray. Recommendation often says 'at stage X do Y'. Growth stage is also called development stage or phenological stage."
W3358,What is phenology,en,general,term_explanation,"Phenology is the study of the timing of growth stages (e.g. when does flowering occur). In farming it means the calendar of stages: when the crop emerges, tillers, flowers, and matures. It depends on variety, sowing date, and weather. Phenology helps plan irrigation and harvest. For example 'this variety flowers in 90 days'. So phenology = the sequence and timing of stages."
W3359,What is herbicide resistance,en,general,term_explanation,"Herbicide resistance is when weeds survive a herbicide that used to kill them—the same as weed resistance. It develops when the same herbicide (or same mode of action) is used repeatedly; resistant weeds multiply. To slow it: rotate herbicides with different mode of action, use non-chemical methods, and follow label. Herbicide resistance is a major problem in many areas. Once present, that herbicide is less useful."
W3360,What is cultural control of pest,en,general,term_explanation,"Cultural control means controlling pests (insects, diseases, weeds) by farm practices rather than by chemical. Examples: crop rotation, clean seed, removing residue, proper spacing, resistant variety, hand weeding, tillage, destroying volunteer plants. It is part of IPM. It can reduce the need for pesticide. It does not always give full control but it is the first step. Combine with other methods when needed."
W3361,What is chemical control,en,general,term_explanation,"Chemical control means controlling pests (insects, diseases, weeds) by using pesticides—insecticide, fungicide, herbicide. It is fast and effective but can have cost, resistance, and safety issues. In IPM, chemical is used when needed (after threshold) and with the right product and dose. Chemical control is one of the options; cultural and biological are others. Always follow label for safety and effectiveness."
W3362,What is crop monitoring,en,general,term_explanation,"Crop monitoring means regularly checking the crop and field for growth, pests, disease, weeds, water stress, and nutrient status. It is the same as scouting. You walk the field, look at plants, and note problems. It is the first step in IPM and good management. Without monitoring you may act too late or spray when not needed. Record what you see. Extension often recommends how often to monitor (e.g. weekly)."
W3363,What is kharif season,en,general,term_explanation,"Kharif season is the rainy or summer cropping season. In South Asia it is roughly April–May to September–October when monsoon rains come. Crops like rice, maize, cotton, mung, sugarcane are kharif. Sowing is often at the start of rains. It is the opposite of rabi (winter season). Exact dates vary by region. Kharif crops need more water and heat."
W3364,What is rabi season,en,general,term_explanation,"Rabi season is the winter cropping season. In South Asia it is roughly October–November to March–April. Crops like wheat, barley, chickpea, mustard, potato are rabi. Sowing is in autumn after kharif harvest. Cool and often irrigated. It is the opposite of kharif. Rabi is the main wheat season in Pakistan. Timely sowing is important for rabi."
W3365,What is minimum support price MSP,en,general,term_explanation,Minimum support price (MSP) is the same as support price: the minimum price the government promises to pay for a crop when farmers sell at procurement centers. So it is the floor price. It is announced before the season. MSP helps farmers when market price is low. In India the term MSP is common; in Pakistan support price or procurement price is used. It is a policy tool to support farmers.
W3366,What is crop loan,en,general,term_explanation,"Crop loan is a loan given to the farmer for the crop season—to buy seed, fertilizer, pesticide, or meet other crop expenses. The bank or cooperative gives the loan; the farmer repays after harvest. Government schemes sometimes offer low-interest or interest-free crop loans. You need land record and identity. Crop loan helps when the farmer has no cash at sowing time. Agri office and banks have details."
W3367,What is insurance premium,en,general,term_explanation,"Insurance premium is the amount the farmer (or government on behalf of farmer) pays to the insurance company for crop insurance. So it is the cost of the insurance. If the crop is lost (e.g. flood, drought, hail), the farmer can claim and get compensation. Part of the premium may be paid by the government in some schemes. Premium depends on sum insured and crop. Pay premium on time to keep policy valid."
W3368,What is seed quota,en,general,term_explanation,Seed quota is the limit or amount of certified or subsidised seed a farmer can get in a season. The government or scheme sets how much seed per farmer or per acre. So there is a maximum you can buy at subsidised rate or from a scheme. Quota is to make sure more farmers get seed. Apply in time; quota may run out. Agri office or dealer can tell the quota and how to apply.
W3369,What is fertilizer subsidy,en,general,term_explanation,Fertilizer subsidy is the financial support the government gives so that fertilizer is sold to farmers at a price lower than the market. So the farmer pays less; the government bears part of the cost. It is to help farmers use enough fertilizer. There may be a limit (quota) per farmer. Get fertilizer from authorised dealers; keep documents. Subsidy policy can change each year.
W3370,What is node and internode,en,general,term_explanation,"Node is the point on the stem where a leaf or branch is attached. Internode is the part of the stem between two nodes. So the stem is made of nodes and internodes. In wheat, tillers come from the base (lower nodes). In maize, nodes are clearly visible. Length of internode affects plant height. Node is also where some diseases enter. So node = joint; internode = segment between joints."
W3371,What is floret in wheat,en,general,term_explanation,Floret is the small individual flower inside the spikelet. In wheat each spikelet has 2–9 florets; each floret can produce one grain. So floret is the unit that becomes a grain after pollination. Not all florets set grain; good conditions at flowering increase grain per spikelet. Floret is the same as 'flower' in the grass crop. In wheat the ear has many spikelets and each spikelet has florets.
W3372,silking makki ka stage kya hota hai,roman_ur,general,term_explanation,Silking makki ka woh stage hai jab silks (kaan se nikle lambay baal) dikhte hain aur tassel se pollen lete hain. Female flowering. Pollination jab pollen silks par girta. Silking par stress (sukha garmi) danon ki tadad kam. Is liye silking pani ke liye critical. Tasseling ke baad; dono milkar makki ka phool.
W3373,spikelet gandum chawal mein kya hota hai,roman_ur,general,term_explanation,Spikelet chhota unit hai jismein ek ya zyada florets (phool) gandum chawal jwar mein. Gandum ke bal mein kayi spikelets do line mein; har spikelet 2–5 dane. Chawal ke panicle mein spikelets. To spikelet woh chhoti shaakh jis par dana lagta. Zyada barey spikelets zyada dana. Booting flowering par nutrition pani.
W3374,emergence ugalna crop mein kya hota hai,roman_ur,general,term_explanation,Emergence jab chhota pauda pehli dafa zameen se bahar aata dikhai deta. Germination ka end: shoot zameen se nikla. Gehrayi nami garmi se din. Acha emergence = barabar stand. Emergence kharab to beej quality gehrayi nami crust check. DAS mein ginte hain.
W3375,borax boron ki dawai kya hai,roman_ur,general,term_explanation,Borax boron ka source jab boron kami ho. Boron phool aur grain set ke liye chhoti miqdar. Zameen ya foliar. Dose chhoti (1–2 kg borax per acre); zyada zehr. Soil test confirm. Boron kami kuch zameen; grain set kam growth points maren.
W3376,tillage jot ka matlab kya hai,roman_ur,general,term_explanation,Tillage zameen ko jotna palatna torna—jot sulah cultivation. Zameen dheeli jhariyan residue daba seedbed. Full tillage kayi jot sulah. Minimum kam. Zero tillage nahi. Tillage structure nami lagat. Zyada tillage nuqsan; conservation agriculture kam tillage.
W3377,parasitoid keera kya hota hai,roman_ur,general,term_explanation,Parasitoid chhota wasp jaisa keera jo doosre keere (host) mein anda deta; bachha host ko kha kar marta. Pest ka natural enemy. Chemical ke bina. Broad spectrum parasitoid bhi marta. IPM mein selective threshold. Natural enemy ki qism.
W3378,weed resistance jhariyan spray se na marna kya hai,roman_ur,general,term_explanation,Weed resistance (herbicide resistance) jab jhariyan woh herbicide se nahi marti jo pehle marti thi. Wahi bar bar use; kuch jhariyan bach kar barhen. Resistant: alag mode rotate hand rotation. Ek product par na. Resistance barhta masla.
W3379,infiltration zameen mein pani ka andar jana kya hai,roman_ur,general,term_explanation,Infiltration pani ka zameen ki surface se andar neeche jana. Achi infiltration = pani soak behav nahi. Structure nami cover. Sakht zameen slow; runoff. Organic matter kam tillage. Infiltration kharab to structure gili zameen par kaam na.
W3380,water table pani ki teh kya hoti hai,roman_ur,general,term_explanation,Water table neeche woh level jahan zameen pani se bhari (groundwater). Upar hawa; neeche saturated. Shallow water table waterlogging. Deep = barish irrigation. Tube well water table se. Kuch jagah over-pump se neeche. Water table crop irrigation choice.
W3381,field capacity zameen kitna pani pakadti hai,roman_ur,general,term_explanation,Field capacity zameen ke andar pani ka woh hadd jo drain hone ke baad reh jata hai. Pani aur hawa dono. Barish irrigation ke baad field capacity; phir drain. Pauda field capacity se wilting point tak pani use. Irrigation schedule. Raiti kam chikni zyada.
W3382,pollination phool se dana kaise banta hai,roman_ur,general,term_explanation,Pollination jab male (anther) ka pollen female (stigma) tak pahunche taake fertilisation ho aur dana banay. Makki mein hawa tassel se silk tak. Kayi faslon mein machhi. Pollination na ho to dana nahi. Phool par stress nuqsan. Kuch self kuch cross.
W3383,grain set dana kaise lagta hai,roman_ur,general,term_explanation,Grain set jab phool fertilise ho kar dana banna shuru. Pollination ke turant baad. Kam grain set = kam danay—phool par stress pollination kami bimari. Phool par pani nutrition. Yield ka hissa.
W3384,inoculum bimari ka jarasim kya hota hai,roman_ur,general,term_explanation,Inoculum pathogen ya us ke spores jo bimari shuru ya failate hain. Rust inoculum = spore jo patte par. Inoculum beej mitti residue hawa. Inoculum kam (saaf beej residue rotation) bimari kam. Ilaqe mein zyada to tez fail. Inoculum = infection ka source.
W3385,epidemic bimari ka failna kya hota hai,roman_ur,general,term_explanation,Epidemic jab bimari tez fail kar zyada fasal ya ilaqa affect. Kayi paude chhoti mudat mein. Inoculum susceptible variety mausam (nami garmi). Risk kam: resistant inoculum kam (saaf beej residue) jald spray. Epidemic bara nuqsan.
W3386,tolerance resistant se farq kya hai,roman_ur,general,term_explanation,Tolerance matlab fasal bimari ya stress sah leti hai phir bhi theek yield—nuqsan lekin susceptible se kam. Resistance = bimari lagti hi nahi. Tolerant = nuqsan lekin yield; resistant = lagti nahi. Drought tolerant sukha mein yield; resistant bimari nahi. Dono mufeed.
W3387,chelate khaad kya hota hai,roman_ur,general,term_explanation,Chelate (chelated) micronutrient (iron zinc) ka woh form jismein nutrient organic molecule se juda taake zameen mein available rahe aur pauda le. High pH mein normal lock; chelate available. Foliar ya soil. Mehenga lekin kami mushkil ho to. Crop dose label.
W3388,slow release fertilizer kya hoti hai,roman_ur,general,term_explanation,Slow release fertilizer woh jo nutrients dheere dheere hafton mahine deti hai ek sath nahi. Steady supply leaching kam. Coated urea waghaira. Barish zyada irrigation mein. Applications kam. Lagat zyada. Controlled release CRF.
W3389,humus zameen mein kya hota hai,roman_ur,general,term_explanation,Humus zameen ki organic matter ka woh stable kaala hissa jo decomposition ke baad rehta. Raw plant gobar nahi; gal chuka. Pani nutrients pakadta structure. Compost FYM residue saalon se. Residue jalaana zyada tillage humus kam. Achi zameen mein kuch percent. Organic matter ka hissa.
W3390,decomposition galna kya hota hai,roman_ur,general,term_explanation,Decomposition murde paude janwaron (residue gobar jaden) ka microbes se tootna. Organic matter sada hota nutrients humus. Nami hawa. Compost controlled decomposition. Khet mein residue galta. Zyada sukha gili slow. Natural process jo nutrients recycle.
W3391,contour farming dhal par kheti kya hai,roman_ur,general,term_explanation,Contour farming dhal par jot bone lineen contour (same height) ke sath—upar neeche nahi. Rows horizontal. Runoff erosion kam. Contour bund contour par chhoti deewar. Dhal wali zameen. Mitti pani bachta.
W3392,seed vigour beej ki taqat kya hoti hai,roman_ur,general,term_explanation,Seed vigour beej ki woh taqat jo jaldi mazboot germination aur seedling deti. High vigour: jaldi barabar emergence mazboot. Low: der ya kamzor. Purana kharab storage vigour kam. Germination % se farq; dono same ho vigour alag. Certified achha vigour. Stand shuruat.
W3393,seed purity beej ki safai kya hoti hai,roman_ur,general,term_explanation,Seed purity beej sirf us variety ka bina doosri fasal jhari. Pure = uniform. Impure = mix. Certification purity check. Apna beej roguing saaf kaatai. Label par percentage. Purity yield quality.
W3394,irrigation efficiency pani ka istemal kya hota hai,roman_ur,general,term_explanation,Irrigation efficiency kitna pani crop istemal karta kitna zaya (runoff evaporation drainage). Zyada efficiency = kam zaya. Drip sprinkler flood se zyada efficient. Leveling beds timing. Pani kam mehenga ho to.
W3395,biomass fasal ka total wazan kya hota hai,roman_ur,general,term_explanation,Biomass paude (fasal) ka total wazan—jaden tana patta dana—dry weight. Saara matter. Grain yield biomass ka hissa. Harvest index = grain/total biomass. Zyada biomass acha index = zyada grain. Research mein.
W3396,dry matter sukha hissa kya hota hai,roman_ur,general,term_explanation,Dry matter paude ya dane ka wazan pani hata kar (oven). Solid hissa. Fresh weight mein pani. Yield biomass dry matter. Kaatai par 10–20% pani 80–90% dry. Nami ka asar bina compare.
W3397,growth stage barhne ka stage kya hota hai,roman_ur,general,term_explanation,Growth stage fasal ki zindagi ka phase: seedling tillering booting flowering grain fill maturity. Har stage number naam (Zadoks). Stage jaan kar pani khaad spray. Recommendation 'stage X par Y'. Development stage phenological stage.
W3398,phenology fasal ki stages kya hoti hain,roman_ur,general,term_explanation,Phenology stages ka waqt—kab phool kab pakka. Kheti mein stages ka calendar: kab ugalna tillering phool. Variety bone mausam. Irrigation kaatai plan. 'Ye variety 90 din mein phool'. Sequence aur waqt.
W3399,herbicide resistance jhari spray se bach jati hai kya,roman_ur,general,term_explanation,Herbicide resistance jhariyan herbicide se bach jati hain—weed resistance jaisa. Wahi ya same mode bar bar; resistant barhen. Slow: alag mode rotate non-chemical label. Herbicide resistance bara masla. Ho to woh herbicide kam kaam.
W3400,cultural control bina chemical ke control kya hai,roman_ur,general,term_explanation,Cultural control pest ko kheti amal se—chemical nahi. Rotation saaf beej residue spacing resistant hand tillage volunteer. IPM ka hissa. Pesticide kam. Full control hamesha nahi pehla step. Doosre sath.
W3401,chemical control dawai se control kya hota hai,roman_ur,general,term_explanation,Chemical control pesticide se—insecticide fungicide herbicide. Tez asar lekin lagat resistance safety. IPM mein zarurat (threshold) sahi product dose. Ek option; cultural biological doosre. Label safety.
W3402,crop monitoring fasal check karna kya hota hai,roman_ur,general,term_explanation,Crop monitoring fasal khet regular check—growth pest bimari jhari pani nutrient. Scouting jaisa. Khet chal kar dekhein note. IPM pehla step. Bina monitoring der ya bekar spray. Record. Extension kitni dafa.
W3403,kharif mausam kya hota hai,roman_ur,general,term_explanation,Kharif mausam barish garmi ka. South Asia April–May se Sep–Oct monsoon. Chawal makki kapas mung ganna. Barish shuru par bone. Rabi ka ulta. Ilaqa se farq. Kharif ko zyada pani garmi.
W3404,rabi mausam kya hota hai,roman_ur,general,term_explanation,Rabi mausam sardi ka. Oct–Nov se March–April. Gandum jau chana sarson aaloo. Kharif kattai ke baad bone. Thanda aksar irrigated. Kharif ka ulta. Pakistan mein gandum rabi. Waqt par bone zaroori.
W3405,MSP minimum support price kya hoti hai,roman_ur,general,term_explanation,MSP (minimum support price) = support price: sarkar kam az kam ye rate degi procurement par. Floor price. Mausam se pehle. Bazar kam ho to madad. India MSP Pakistan support price procurement price.
W3406,crop loan fasal ka karz kya hota hai,roman_ur,general,term_explanation,Crop loan fasal ke mausam ke liye—beej khaad pesticide. Bank cooperative deta; kaatai ke baad adaa. Scheme mein kam sood. Zameen pehchan. Sowing par paisa na ho to. Agri bank.
W3407,insurance premium bima ki qeemat kya hoti hai,roman_ur,general,term_explanation,Insurance premium woh raqam jo kisan (ya sarkar) company ko bima ke liye deta. Bima ki qeemat. Nuqsan (barish sukha oala) par claim compensation. Scheme mein sarkar hissa. Sum insured crop. Waqt par premium policy.
W3408,seed quota beej ki hadd kya hoti hai,roman_ur,general,term_explanation,Seed quota certified ya subsidised beej ki hadd jo kisan ko ek mausam mein mil sakti. Sarkar scheme per farmer ya per acre. Maximum subsidised. Zyada kisan ko beej. Waqt par apply; quota khatam. Agri dealer.
W3409,fertilizer subsidy khaad par sarkari madad kya hai,roman_ur,general,term_explanation,Fertilizer subsidy sarkar ki madad taake khaad sasti mile. Kisan kam de sarkar hissa. Khaad zyada istemal. Quota ho sakta. Authorised dealer documents. Har saal change.
W3410,node internode tane par kya hote hain,roman_ur,general,term_explanation,Node tane par woh point jahan patta ya shaakh. Internode do nodes ke beech. Tana nodes internodes. Gandum mein tillers neeche nodes se. Makki mein node clear. Internode length height. Node se bimari andar. Node = joint internode = beech ka hissa.
W3411,floret gandum ke bal mein kya hota hai,roman_ur,general,term_explanation,Floret spikelet ke andar chhota phool. Gandum mein har spikelet 2–9 florets; har floret ek dana. Floret = woh unit jo pollination ke baad dana. Sab florets dana nahi; phool par achi halat. Floret = ghaas ka phool. Bal mein spikelets spikelet mein florets.
W3412,husk dane ka chhilka kya hota hai,roman_ur,general,term_explanation,Husk dane ka bahar ka patla cover—chhilka. Kaatne ke baad grain alag to husk chaff. Rice ka husk bhoosi; andar chawal. Winnowing ya combine husk alag. Clean grain kam husk. Husk = chhilka bhoosi.
W3413,pupa keerey ka stage kya hota hai,roman_ur,general,term_explanation,Pupa keerey ka woh stage jab larva andar se badal kar adult ban raha—sakt cover mein. Larva ke baad adult se pehle. Is stage par keera move nahi karta; andar change. Pupa ke baad adult nikalta. Lifecycle: anda larva pupa adult.
W3414,primary infection pehli bimari kya hoti hai,roman_ur,general,term_explanation,Primary infection pehli infection jab pathogen paude par pehli dafa lagta. Secondary infection purani jagah se nayi jagah. Primary control karein to secondary kam. Fungus primary se failta. Jaldi primary rokain.
W3415,lesion patte pe daag kya hota hai,roman_ur,general,term_explanation,Lesion patte ya tane par bimari ka daag—marta hua tissue. Brown grey kaala. Rust blight spot sab mein lesion. Size shape bimari. Lesion zyada = zyada bimari. Pehchan kar bimari.
W3416,pustule zang pe danay kya hote hain,roman_ur,general,term_explanation,Pustule zang jaisi bimari mein patte tanon par powder jaisi chhoti goliyan—fungus ke spores. Peeli zang stripe rust mein pustulen nas ke sath. Pustule phut kar spores nikalte. Rust ki pehchan. Fungicide pustule pe control.
W3417,spore fungus ka beej kya hota hai,roman_ur,general,term_explanation,Spore fungus ka woh hissa jo hawa pani se fail kar nayi jagah bimari shuru karta—beej jaisa. Rust ke spores patte se. Spore chhota; microscope se dikhta. Inoculum ka hissa. Spores kam = bimari kam. Residue saaf beej treatment.
W3418,wilt disease murjhana bimari kya hai,roman_ur,general,term_explanation,Wilt disease woh bimari jismein pauda murjha kar sookh jata—jaden ya neeche ka tana fungus bacteria se. Pauda pani nahi le pata. Wilting symptom. Control: resistant variety rotation saaf beej drainage. Wilt tez fail sakti.
W3419,outbreak bimari ka phootna kya hota hai,roman_ur,general,term_explanation,Outbreak bimari ka achanak zyada phailna—kayi paude chhoti mudat mein. Epidemic jaisa. Inoculum mausam susceptible. Outbreak par jald spray resistant. Report bhi karein.
W3420,rodenticide chooha marni dawai kya hoti hai,roman_ur,general,term_explanation,Rodenticide chooha marni wali dawai. Poison bait trap. Chooha grain khet nuqsan. Safe jagah bachon janwar door. Storage khet dono. Label follow. Rodent = chooha.
W3421,fumigant fumigation ki dawai kya hoti hai,roman_ur,general,term_explanation,Fumigant woh chemical jo fumigation mein use hota hai—gas ban kar keeron ko marta. Store band karke chhoden. Phosphine aluminium phosphide aam. Label safety. Bachon janwar door. Fumigation = process fumigant = dawai.
W3422,impurity dane mein gandagi kya hoti hai,roman_ur,general,term_explanation,Impurity dane mein woh cheez jo grain nahi—gandagi pathar doosri faslen toota. Dockage foreign matter jaisa. Kam impurity behtar rate. Saaf karein grade. Quality parameter. Zyada impurity reject.
W3423,quality parameter dane ki quality kaise naapte hain,roman_ur,general,term_explanation,Quality parameter woh cheezein jis se dane ki quality naapte hain: test weight moisture dockage size colour. Mills kharedar in se rate. Behtar parameter = zyada rate. Grading quality par. Storage harvest quality.
W3424,advisory mashwara kya hota hai,roman_ur,general,term_explanation,Advisory mashwara jo extension department app ya worker deta—kab boen kitna khaad kaunsi dawai. Recommendation jaisa. Advisory mausam ilaqa ke hisaab. Follow karein. Radio SMS app advisory.
W3425,demonstration field trial kya hota hai,roman_ur,general,term_explanation,Demonstration (field trial) woh khet jahan nayi variety ya tareeqa kisan ko dikhane ke liye ugaya jata. Research station ya extension. Compare purana naya. Dikh kar seekhna. Trial se pata naya kaam karega ya nahi.
W3426,variety release nayi variety ka aana kya hota hai,roman_ur,general,term_explanation,Variety release jab sarkar research station nayi variety approve karke kisan ke liye jari karti. Test ke baad. Naam number. List mein aati. Nahi release to beej legally bika nahi. Release ke baad certified beej.
W3427,eligibility scheme ke liye kya hoti hai,roman_ur,general,term_explanation,Eligibility scheme (subsidy loan insurance) ke liye woh shartain jo kisan ko puri karni—zameen paisa limit. Eligible ho to apply. Documents. Agri office scheme ki eligibility batata. Puri na hon to milega nahi.
W3428,soil organism zameen mein rehne wale kya hote hain,roman_ur,general,term_explanation,Soil organism zameen mein rehne wale—kechwaye bacteria fungus chhotay keerey. Organic matter khate. Structure behtar. Zyada chemical tillage inhe nuqsan. Healthy zameen = zyada organisms. Decomposition inhi se.
W3429,nitrification zameen mein nitrogen ka badalna kya hai,roman_ur,general,term_explanation,Nitrification zameen mein nitrogen ka ammonia se nitrate mein badalna—bacteria se. Nitrate paude lete hain. Nitrification ke baad N plant use ya leach. Wet warm zameen nitrification. Lime acidic zameen nitrification.
W3430,denitrification nitrogen ka loss kya hota hai,roman_ur,general,term_explanation,Denitrification zameen se nitrogen ka gas ban kar hawa mein chala jana—bacteria se. N loss. Waterlogging zameen denitrification. Is liye gili zameen par urea zaya. Drainage denitrification kam. N cycle ka hissa.
W3431,perennial fasal saal bhar wali kya hoti hai,roman_ur,general,term_explanation,Perennial fasal woh jo ek se zyada saal ugti rehti—kaatne ke baad phir ugti. Ganna alfalfa kuch fodder. Annual se farq jo ek mausam. Perennial ko zyada waqt; beej kam. Ratoon perennial jaisi.
