id,text,language,crop,label,answer
1,How can I prevent cotton root rot disease?,en,cotton,disease_management,"Improve soil drainage, use seed treatment with fungicides, and practice crop rotation to prevent root rot."
2,Where can I sell cotton for the best price?,en,cotton,market_price,Sell at registered mandis or directly to ginning factories; compare prices before selling.
3,FYM dene ka fasal par kya faaida hota hai?,ru,generic,soil_health,"FYM zameen ki banawat, naami, ghizayi faraahmi aur aam sehat behtar kar ke paidawar barhata hai."
4,How can farmers benefit from government subsidy programs?,en,generic,farming_advice,"Register with local agriculture department to access subsidized inputs, loans, and insurance schemes."
5,What is the recommended NPK ratio for cotton farming?,en,cotton,fertilizer_usage,"A ratio of 1.5 bags urea, 1 bag DAP, and 0.5 bag SOP per acre is generally recommended."
6,Can cotton grow well in sandy loam soil?,en,cotton,soil_type,"Yes, sandy loam soil is ideal for cotton as it drains well and warms up quickly."
7,What are the early signs of cotton leaf curl virus?,en,cotton,disease_management,"Upward leaf curling, dark green veins, and small leaf size are the early signs of leaf curl virus."
8,What is the best time of day to irrigate cotton?,en,cotton,irrigation_schedule,Irrigating in the early morning or evening reduces evaporation and improves water use efficiency.
9,How late can I sow cotton and still get good yield?,en,cotton,sowing_time,Cotton sown after June 15 faces reduced boll count and lower yield due to shorter growing season.
10,What type of bags are best for cotton storage?,en,cotton,storage_methods,"Clean, dry jute bags allow air circulation while protecting cotton; avoid plastic bags that trap moisture."
11,How to calibrate a boom sprayer for cotton fields?,en,cotton,farming_equipment,Calibrate by measuring output per nozzle per minute and adjusting speed to get recommended spray volume.
12,What are the benefits of growing legumes before wheat?,en,generic,crop_rotation,"Legumes fix atmospheric nitrogen and improve soil structure, boosting wheat yield in the next crop."
13,How can I reduce pesticide cost in cotton farming?,en,cotton,pest_control,Scout fields weekly and spray only at threshold levels; use IPM practices to reduce spray frequency.
14,Kapas mein wilt se bachne ke liye kya karein?,ru,cotton,disease_management,Resistant varieties use karein aur khraab zameen mein kapas na lagayein.
15,Seed drill kapas ki kasht mein use ho sakti hai?,ru,cotton,farming_equipment,"Haan, faasla adjust karne wali seed drill seedhi zameen mein kapas ki beejai ke liye use ho sakti hai."
16,What are the signs of healthy cotton plant growth?,en,cotton,crop_growth,"Dark green leaves, erect growth, regular node formation, and early squaring are signs of healthy cotton."
17,How many times should I spray pesticide on cotton?,en,cotton,pest_control,"Spray only when pest levels cross the economic threshold, usually 3 to 5 times per season."
18,When is the most critical irrigation time for cotton?,en,cotton,irrigation_schedule,The most critical irrigation is at flowering and boll formation stages to ensure maximum yield.
19,How to apply zinc fertilizer to cotton fields?,en,cotton,fertilizer_usage,Apply zinc sulphate at 5 kg per acre in soil or use foliar spray at first irrigation.
20,Seed drill kapas ki kasht mein use ho sakti hai?,ru,cotton,farming_equipment,"Haan, faasla adjust karne wali seed drill seedhi zameen mein kapas ki beejai ke liye use ho sakti hai."
21,How does late monsoon affect cotton harvesting schedule?,en,cotton,weather_impact,Late monsoon delays boll opening and can cause boll rot; adjust harvest timing accordingly.
22,Can cotton survive frost in early growing season?,en,cotton,weather_impact,Cotton is sensitive to frost; temperatures below 10°C can damage or kill young cotton seedlings.
23,When does cotton sowing season start in Pakistan?,en,cotton,sowing_time,Cotton sowing season typically starts in late April and continues through May in most of Pakistan.
24,Does topping of cotton plants increase boll count?,en,cotton,yield_improvement,Topping redirects energy to existing bolls and can improve boll weight and uniform maturity.
25,Kapas ki behtareen badhwaar ke liye kitna tapmaan chahiye?,ru,cotton,weather_impact,25 se 35 darje ke darmiyan tapmaan aur dhoopa kapas ki badhwaar ke liye sab se behtar hai.
26,How long after flowering does cotton boll mature?,en,cotton,harvesting,Cotton bolls typically mature 45 to 60 days after flowering under normal conditions.
27,Kapas ki boll galne ki bimari ka spray kya hai?,ru,cotton,disease_management,Mancozeb ya copper oxychloride spray boll rot ko kaafi had tak rokta hai.
28,Kapas ka behtareen beej kaunsa hai zyada paidawar ke liye?,ru,cotton,seed_selection,NIAB-878 aur CIM-599 Pakistan mein sabse zyada paidawar dene wali certified kapas ki varieties hain.
29,What seed rate is recommended per acre for cotton?,en,cotton,seed_selection,Use 3 to 4 kg of certified cotton seed per acre for optimal plant population.
30,Is there a biological control method for cotton bollworm?,en,cotton,pest_control,Trichogramma egg parasitoids can be released in cotton fields to control bollworm biologically.
31,Kapas ke tindayon ki tadaad barhane ke liye kya karein?,ru,cotton,yield_improvement,"Mutawazan khad, waqt par keeron ka control aur phoolon ke waqt pani dena tindaay barhata hai."
32,How to protect stored grains from insect damage?,en,generic,pest_prevention,"Clean storage, use hermetic bags, apply grain protectant chemicals, and monitor regularly to prevent insect damage."
33,What precautions should I take during hot dry winds?,en,cotton,weather_impact,Irrigate more frequently during loo conditions and apply potassium spray to reduce heat stress.
34,How fast does cotton plant grow after germination?,en,cotton,crop_growth,Cotton seedlings emerge in 5 to 7 days and reach full canopy within 6 to 8 weeks.
35,How to improve clay soil structure for better farming?,en,generic,soil_health,"Add gypsum, compost, and practice deep tillage to break up heavy clay soil structure."
36,How can I test cotton seed germination before planting?,en,cotton,seed_selection,Place 10 seeds on a wet cloth for 5 days; 7 or more sprouting indicates good germination.
37,Kapas par pesticide kitni baar lagana chahiye?,ru,cotton,pest_control,"Sirf zaroorat hone par spray karein, ek mausam mein 3 se 5 baar kafi hota hai."
38,Can I reuse last year cotton seeds for planting?,en,cotton,seed_selection,Reusing seeds is not recommended as BT varieties lose effectiveness; always use fresh certified seed.
39,How do I know when cotton plant needs water?,en,cotton,irrigation_schedule,Slight drooping of upper leaves in the evening is a reliable sign cotton plant needs irrigation.
40,How to treat cotton leaf curl virus disease?,en,cotton,disease_management,"There is no direct cure; use resistant varieties, control whitefly vector, and remove infected plants early."
41,How does water stress affect cotton boll development?,en,cotton,irrigation_schedule,Water stress during boll formation causes shedding and reduces boll size and fiber quality.
42,Kapas ki jarh galanay wali bimari se kaise bachein?,ru,cotton,disease_management,"Drainage behtar karein, beej ko fungicide se treat karein, aur crop rotation karein."
43,How to treat cotton leaf curl virus disease?,en,cotton,disease_management,"There is no direct cure; use resistant varieties, control whitefly vector, and remove infected plants early."
44,What tillage depth is recommended before cotton planting?,en,cotton,farming_equipment,Deep plow to at least 30 cm depth before cotton planting for good root development.
45,What is the best plant population per acre for cotton?,en,cotton,yield_improvement,"Maintain 10,000 to 12,000 plants per acre for optimal cotton yield."
46,How does drought affect cotton yield in Pakistan?,en,cotton,weather_impact,"Drought during boll formation reduces boll size and fiber quality, causing significant yield loss."
47,How long can harvested cotton be stored safely?,en,cotton,storage_methods,Properly stored cotton can maintain quality for 3 to 6 months without significant grade loss.
48,How fast does cotton plant grow after germination?,en,cotton,crop_growth,Cotton seedlings emerge in 5 to 7 days and reach full canopy within 6 to 8 weeks.
49,When is the most critical irrigation time for cotton?,en,cotton,irrigation_schedule,The most critical irrigation is at flowering and boll formation stages to ensure maximum yield.
50,Which farming practice increases cotton fiber length?,en,cotton,yield_improvement,"Adequate potassium, optimal irrigation, and pest-free crop conditions promote longer cotton fiber."
51,How to control bacterial blight in cotton crop?,en,cotton,disease_management,Use copper-based bactericides and disease-free certified seeds; avoid overhead irrigation to reduce spread.
52,Zameen mein paani rokne ke liye kya milana chahiye?,ru,generic,soil_health,Compost aur gobar ki khaad reti wali zameen mein paani rokne ki salaahiyat barhata hai.
53,Which cotton variety is resistant to bollworm attack?,en,cotton,seed_selection,BT cotton varieties carry bollworm resistance; consult your local agriculture department for current recommendations.
54,What organic fertilizers work best for cotton crop?,en,cotton,organic_farming,"Farm yard manure, compost, and vermicompost improve soil fertility and work well for cotton."
55,How many times should I spray pesticide on cotton?,en,cotton,pest_control,"Spray only when pest levels cross the economic threshold, usually 3 to 5 times per season."
56,Kapas ke phoolon ke waqt kitne pani ki zaroorat hai?,ru,cotton,irrigation_schedule,Phoolon ke waqt 10 din ke fark par 2 se 3 baar pani dena zaroori hai.
57,Kapas ka abhi market mein kya bhaav chal raha hai?,ru,cotton,market_price,Bhaavin roz badalta hai; PCGA website ya apni local mandi se aaj ki rate maloom karein.
58,Which spray controls both whitefly and jassid together?,en,cotton,pest_control,Spiromesifen or flonicamid can control both whitefly and jassid effectively in cotton.
59,Kapas ki fasal ke liye NPK ka anupat kya hona chahiye?,ru,cotton,fertilizer_usage,"Aam tor par 1.5 boria urea, 1 boria DAP aur 0.5 boria SOP per acre kafi rehta hai."
60,Pani ki kami se kapas ke tiinday par kya asar hota hai?,ru,cotton,irrigation_schedule,Tindayon ke waqt pani ki kami se tindaay girte hain aur fiber ki quality kharab hoti hai.
61,Do paniyon ke darmiyan kitna fark hona chahiye?,ru,cotton,irrigation_schedule,Zameen aur mausam ke hisaab se 10 se 15 din ka fark do paniyon ke darmiyan rakhein.
62,Baarish mein kapas todne se quality par kya asar hota hai?,ru,cotton,harvesting,Baarish se khule tindayon mein daag par jaate hain aur grade kum ho jaata hai.
63,Kapas mein growth regulator se paidawar barhti hai?,ru,cotton,yield_improvement,Mepiquat chloride phoolon ke waqt dena zyada badhwaar rokta hai aur tindaay zyada bante hain.
64,How to apply zinc fertilizer to cotton fields?,en,cotton,fertilizer_usage,Apply zinc sulphate at 5 kg per acre in soil or use foliar spray at first irrigation.
65,Which cotton variety is resistant to bollworm attack?,en,cotton,seed_selection,BT cotton varieties carry bollworm resistance; consult your local agriculture department for current recommendations.
66,Pakistan mein soil health ke liye cover crops kaunse hain?,ru,generic,crop_rotation,"Guar, senji aur berseem zameen ki fertility aur banawat sudharne wali behtar cover crops hain."
67,Kapas ki zameen tayyaar karne ke liye kaunsi machine chahiye?,ru,cotton,farming_equipment,"Chisel plow, rotavator aur ridger tractor ke saath lagaa kar kapas ki zameen tayaar ki jaati hai."
68,What is the best BT cotton seed available in Pakistan?,en,cotton,seed_selection,NIAB-878 and CIM-599 are among the top certified BT cotton seeds available in Pakistan.
69,Kapas ki beejai ke liye zameen ka tapmaan kitna hona chahiye?,ru,cotton,sowing_time,Kapas ki beejai ke liye zameen ka tapmaan kam az kam 18 darje hona chahiye.
70,When should I plant cotton seeds in Punjab?,en,cotton,sowing_time,"In Punjab, cotton seeds should be planted from late April to mid-May for optimal results."
71,Can I mix DAP and urea together for cotton?,en,cotton,fertilizer_usage,It is better to apply DAP at sowing and urea later in splits rather than mixing both.
72,Ek acre mein kitne kapas ke paudhay lagane chahiye?,ru,cotton,yield_improvement,"Ek acre mein 10,000 se 12,000 paudhay lagana behtareen paidawar ke liye mana jaata hai."
73,How to improve soil drainage for cotton fields?,en,cotton,soil_type,Create ridges or beds for cotton planting and make drainage channels along field borders.
74,Kapas mein tela keere ka ilaj kya hai?,ru,cotton,pest_control,Imidacloprid ya acetamiprid ka spray tela keere par bohot asar karta hai.
75,What is the current cotton price in Pakistan?,en,cotton,market_price,Cotton prices fluctuate regularly; check local mandi rates or PCGA website for current market price.
76,Intercropping keeron ki roktham mein kaise madadgar hai?,ru,generic,pest_prevention,"Intercropping keeron ko confuse karta hai, mufeed hasharat laata hai aur ek fasal par attack kum karta hai."
77,Which cotton variety grows well in clay soil?,en,cotton,seed_selection,Varieties like CIM-599 and MNH-886 perform well in clay soils with proper drainage.
78,Zameen mein keenchway ka kya kirdar hai?,ru,generic,soil_health,"Keenchway zameen mein hawa aur naali banate hain, organic madda torte hain aur ghizayi ajza available karte hain."
79,How to prevent pesticide resistance in cotton pests?,en,cotton,pest_control,Rotate between chemical classes every spray to prevent resistance buildup in cotton pests.
80,Which drip irrigation system is best for small farms?,en,generic,irrigation_methods,Inline drip systems with pressure compensating emitters are most suitable for small farms.
81,How does high humidity affect cotton disease incidence?,en,cotton,weather_impact,High humidity promotes fungal and bacterial diseases; ensure proper plant spacing for air circulation.
82,How does cotton quality affect market price?,en,cotton,market_price,"Higher grade cotton with long fiber, low moisture, and no trash fetches significantly better market price."
83,What type of bags are best for cotton storage?,en,cotton,storage_methods,"Clean, dry jute bags allow air circulation while protecting cotton; avoid plastic bags that trap moisture."
84,How to improve water use efficiency on my farm?,en,generic,irrigation_methods,"Adopt drip or sprinkler irrigation, level fields properly, irrigate at night, and reduce tillage."
85,Kapas ki beejai mein deri hojaye to kya karein?,ru,cotton,sowing_time,"Agar June ke baad beejai ho to paidawar mein kami aa sakti hai, jaldi sahi variety chunein."
86,What is integrated pest management for cotton crop?,en,cotton,pest_control,"IPM combines scouting, resistant varieties, biological controls, and targeted chemical use for cotton pests."
87,What are the benefits of growing legumes before wheat?,en,generic,crop_rotation,"Legumes fix atmospheric nitrogen and improve soil structure, boosting wheat yield in the next crop."
88,Kapas todne ka sahi waqt kab hota hai?,ru,cotton,harvesting,Jab khet mein 60 faised tindaay khul jayein to pehli todaai shuru karein.
89,What biological pesticides are available for cotton pests?,en,cotton,organic_farming,"Beauveria bassiana, NPV for bollworm, and neem-based products are available biological pesticides."
90,Which cotton variety matures earliest in the season?,en,cotton,seed_selection,Early maturing varieties like CIM-496 help farmers in areas with shorter growing seasons.
91,What month is ideal for cotton sowing in Sindh?,en,cotton,sowing_time,"In Sindh, April is the ideal month for cotton sowing due to warmer soil temperatures."
92,Kapas ka beej kharidte waqt kya dekhna chahiye?,ru,cotton,seed_selection,"Certified label, germination rate aur beejai ki taareekh zaroor check karein beej khariidte waqt."
93,Is there a biological control method for cotton bollworm?,en,cotton,pest_control,Trichogramma egg parasitoids can be released in cotton fields to control bollworm biologically.
94,Can I use a seed drill for cotton planting?,en,cotton,farming_equipment,"Yes, a seed drill with adjustable spacing can be used for cotton sowing in flat fields."
95,How many fertilizer doses does cotton crop need?,en,cotton,fertilizer_usage,"Cotton needs three main fertilizer doses: at sowing, at squaring, and at boll formation stage."
96,How to store seeds properly to maintain germination rate?,en,generic,farming_advice,"Store seeds in airtight containers in a cool, dry, dark place with silica gel to absorb moisture."
97,Should I irrigate cotton before or after fertilizer application?,en,cotton,irrigation_schedule,Irrigate after applying fertilizer to help nutrients move into the root zone effectively.
98,Kapas ke pattay peele kyon hojate hain?,ru,cotton,disease_management,"Patton ka peela hona nitrogen ki kami, paani bhar jaane, jad ki bimari ya leaf curl se ho sakta hai."
99,Kapas ka phool khilne ke kitne din baad tindaa tayaar hota hai?,ru,cotton,harvesting,Phool khilne ke 45 se 60 din baad tinda paknay aur kholne ke liye tayaar ho jaata hai.
100,How to manage frost damage to vegetable crops?,en,generic,weather_effects,"Cover plants with cloth at night, irrigate before frost, and apply potassium spray to reduce frost damage."
101,Kapas ki quality daam par kaise asar daalti hai?,ru,cotton,market_price,"Uzda fiber, kam naami aur saf kapas zyada daam milti hai mandi mein."
102,Loo se kapas ke paudhon ko kaise bachayein?,ru,cotton,weather_impact,Loo ke doran pani zyada dein aur potassium spray garmi ke stress ko kum karne mein madadgar hai.
103,What is integrated pest management and how does it work?,en,generic,pest_prevention,"IPM combines cultural, biological, and chemical methods to control pests economically and safely."
104,How do I prevent pesticide runoff into water sources?,en,generic,pest_prevention,Maintain buffer zones near water bodies and avoid spraying before expected heavy rain.
105,Kapas ki patti murjhane ki bimari ka ilaj kya hai?,ru,cotton,disease_management,"Seedha ilaj nahi hai, resistant varieties lagayein, safed makkhi control karein aur beemar paudhay hata dein."
106,Gandum se pehle dalhan ugane ka kya faida hai?,ru,generic,crop_rotation,Dalhan fizaai nitrogen zameen mein lagati hai aur zameen ki banawat behtar karti hai gandum ke liye.
107,What are the benefits of drip irrigation over flood irrigation?,en,generic,irrigation_methods,"Drip saves 40 to 60 percent water, delivers nutrients directly to roots, and reduces weed growth."
108,What micronutrients does cotton crop need for growth?,en,cotton,fertilizer_usage,Zinc and boron are the most critical micronutrients for cotton growth and boll development.
109,Kapas ke reeshay ki lambai barhane ke liye kya karein?,ru,cotton,yield_improvement,"Potash ki sahi miqdar, waqt par pani aur keeron se bachao fiber ki lambai barhata hai."
110,Which tractor attachment is best for cotton sowing?,en,cotton,farming_equipment,A ridger-cum-planter or cotton planter attachment gives uniform seed placement and spacing.
111,What crops grow best in sandy soil in Pakistan?,en,generic,farming_advice,"Watermelon, muskmelon, groundnut, and sorghum grow well in sandy soils with good irrigation."
112,Kapas ke liye khad dene ka schedule kya hona chahiye?,ru,cotton,fertilizer_usage,"DAP beejai par, urea kaat ke waqt, aur SOP tinda banane ke waqt dena chahiye."
113,Can resistant varieties prevent cotton leaf curl virus?,en,cotton,disease_management,Resistant varieties significantly reduce damage but are not fully immune to leaf curl virus.
114,Can I reuse last year cotton seeds for planting?,en,cotton,seed_selection,Reusing seeds is not recommended as BT varieties lose effectiveness; always use fresh certified seed.
115,Can I reuse last year cotton seeds for planting?,en,cotton,seed_selection,Reusing seeds is not recommended as BT varieties lose effectiveness; always use fresh certified seed.
116,What are the signs of nitrogen deficiency in crops?,en,generic,fertilizer_guidance,Yellowing of older leaves starting from leaf tip is the most common sign of nitrogen deficiency.
117,Kapas mein phool kab aana shuru hote hain?,ru,cotton,crop_growth,Germination ke 35 se 45 din baad kapas mein flower buds yaani squares banna shuru hote hain.
118,Chikni zameen ke liye kaunsa kapas ka beej behtar hai?,ru,cotton,seed_selection,CIM-599 aur MNH-886 chikni zameen mein acha kaam karte hain agar drainage theek ho.
119,Kapas todne se pehle pani band kar dena chahiye?,ru,cotton,irrigation_schedule,"Haan, aakhri todaai se 3 se 4 hafte pehle pani band kar dein taakay tindaay theek khulen."
120,What are the main growth stages of cotton plant?,en,cotton,crop_growth,"Cotton growth stages are: germination, seedling, squaring, flowering, boll formation, and boll opening."
121,What documents do I need to sell cotton at mandi?,en,cotton,market_price,"Bring your CNIC, land ownership document, and quality certificate from ginning unit if available."
122,Which spray controls both whitefly and jassid together?,en,cotton,pest_control,Spiromesifen or flonicamid can control both whitefly and jassid effectively in cotton.
123,Kapas ke chhotay paudhay dheere barhein to kya karein?,ru,cotton,crop_growth,"Thandak, ghizayi kami, pani rokna ya bimari badhwaar dheemi kar sakti hai, jaanch karein."
124,Kapas ki kasht ke liye kon sa mahina munasib hai?,ru,cotton,sowing_time,Apail ke aakhir aur May ka mahina kapas ki kasht ke liye munasib hai.
125,Drip irrigation kapas ke liye faida mand hai?,ru,cotton,irrigation_schedule,"Haan, drip irrigation se 30 se 40 faised pani bachta hai aur paidawar bhi behtar hoti hai."
126,Mandi mein kapas bechne ke liye kaunse kaagaz chahiye?,ru,cotton,market_price,"CNIC, zameen ki milk document aur ginning unit ka quality certificate lazim ho sakta hai."
127,What causes sudden wilting of vegetable plants?,en,generic,pest_prevention,"Sudden wilting is often caused by fusarium wilt, root rot, or severe pest attack at root zone."
128,What is the optimal sowing date for BT cotton?,en,cotton,sowing_time,BT cotton should be sown between April 25 and May 15 for maximum boll development.
129,What is the difference between organic and chemical fertilizers?,en,generic,fertilizer_guidance,Organic fertilizers release nutrients slowly and improve soil health; chemical fertilizers act fast but can degrade soil long term.
130,How does moisture content in cotton affect selling price?,en,cotton,market_price,"Cotton with more than 8 percent moisture gets deducted weight at mandi, reducing effective price."
131,Be-mausam barishon se fasal kaise bachayein?,ru,generic,weather_effects,Kharain belnd karein drainage ke liye aur baarish se pehle protective fungicide spray karein.
132,What causes soil salinity and how to fix it?,en,generic,soil_health,Poor drainage and low-quality irrigation water cause salinity; leach with good water and add gypsum.
133,Maashmi tabdeeli se fasalaat ki paidawar par kya asar hota hai?,ru,generic,weather_effects,Irregular barishen aur barhta tapmaan Pakistan mein fasalaat ki paidawar ko mutasir kar raha hai.
134,Can cotton be sown in sandy soil during April?,en,cotton,sowing_time,"Yes, sandy soil warms faster and April sowing works well if irrigation is managed carefully."
135,Kapas ko thrips se bachane ka tareeqa kya hai?,ru,cotton,pest_control,"Spinosad ya imidacloprid ka spray thrips dikhte hi karein, mufeed keeron ko bachayein."
136,What happens to cotton if it rains during flowering?,en,cotton,weather_impact,Rain during flowering can cause flower drop and increase disease risk; spray fungicide after rain.
137,Can I grow cotton without using chemical pesticides?,en,cotton,organic_farming,"Yes, IPM and organic methods can reduce chemical use; use neem, biological controls, and resistant varieties."
138,How to protect cotton from thrips infestation?,en,cotton,pest_control,Apply spinosad or imidacloprid spray at first signs of thrips; avoid over-spraying beneficial insects.
139,Which weeks in April are best for cotton sowing?,en,cotton,sowing_time,The last two weeks of April are best for cotton sowing in most Pakistani regions.
140,Can cotton tolerate waterlogging after heavy rains?,en,cotton,weather_impact,Cotton cannot tolerate waterlogging beyond 2 days; open drainage channels immediately after heavy rain.
141,How to conserve water during summer irrigation?,en,generic,irrigation_methods,"Irrigate in early morning or evening, use furrow method, and apply mulch to reduce evaporation."
142,How to prevent fungal diseases in vegetable crops?,en,generic,pest_prevention,"Use disease-free seeds, improve air circulation, and apply copper-based fungicide as prevention."
143,How to improve water use efficiency on my farm?,en,generic,irrigation_methods,"Adopt drip or sprinkler irrigation, level fields properly, irrigate at night, and reduce tillage."
144,Kapas mein nami se kya masail aate hain?,ru,cotton,storage_methods,Zyada naami se phaphoond lag jaati hai aur fiber ka rang aur grade kharab hota hai.
145,Is potassium fertilizer necessary for cotton plants?,en,cotton,fertilizer_usage,"Yes, potassium improves fiber quality and boll weight; apply SOP at boll formation stage."
146,How much water does cotton need per irrigation?,en,cotton,irrigation_schedule,Cotton needs approximately 3 to 4 inches of water per irrigation application.
147,How does proper irrigation scheduling improve cotton yield?,en,cotton,yield_improvement,Timely irrigation at critical growth stages prevents stress and improves boll retention and size.
148,How does potash affect cotton boll weight?,en,cotton,fertilizer_usage,Adequate potash increases boll weight and improves the staple length of cotton fiber.
149,Kapas ki fasal kab tak tayaar hoti hai mukammal?,ru,cotton,crop_growth,Beejai se le kar akhri todaai tak kapas ko 150 se 180 din lagte hain.
150,Kapas ki zameen tayyaar karne ke liye kaunsi machine chahiye?,ru,cotton,farming_equipment,"Chisel plow, rotavator aur ridger tractor ke saath lagaa kar kapas ki zameen tayaar ki jaati hai."
151,Should I irrigate cotton before or after fertilizer application?,en,cotton,irrigation_schedule,Irrigate after applying fertilizer to help nutrients move into the root zone effectively.
152,What is the correct way to apply urea fertilizer?,en,generic,fertilizer_guidance,"Apply urea in splits, broadcast on moist soil, and avoid surface application during hot windy weather."
153,What role does mulching play in cotton yield improvement?,en,cotton,yield_improvement,"Mulching conserves soil moisture, suppresses weeds, and maintains optimal temperature for root growth."
154,Can rain affect cotton quality during outdoor storage?,en,cotton,storage_methods,"Yes, outdoor storage without cover causes moisture absorption and fiber staining; always store indoors."
155,Paudhon ke darmiyan fasla kapas ki paidawar par kaise asar karta hai?,ru,cotton,yield_improvement,Qaatron mein 75 cm aur paudhon mein 30 cm ka faasla roshni aur hawa ke liye behtar hai.
156,How to test soil fertility before planting cotton?,en,cotton,soil_type,Send soil samples to the nearest agricultural laboratory for NPK and micronutrient analysis.
157,What is the process to get organic cotton certification?,en,cotton,organic_farming,Contact a certified organic body; follow three-year transition period and document all farming practices.
158,Neem ka spray kapas ke keedon par asar karta hai?,ru,cotton,pest_control,0.5 faised neem extract ka spray kapas ke chusti keeron ko kafi had tak dabata hai.
159,When should I plant cotton seeds in Punjab?,en,cotton,sowing_time,"In Punjab, cotton seeds should be planted from late April to mid-May for optimal results."
160,How many times should I irrigate cotton per season?,en,cotton,irrigation_schedule,Cotton typically requires 6 to 8 irrigations during the growing season depending on rainfall.
161,Kapas mein phosphorus ki kami ke kya nuksanaat hain?,ru,cotton,fertilizer_usage,Phosphorus ki kami se jarhen kamzor hoti hain aur paudha sahi tarah se nahi badhta.
162,How does day length affect cotton plant flowering?,en,cotton,crop_growth,"Cotton is a short-day plant; longer nights trigger flowering, which naturally occurs in July to August."
163,Kapas ko leaf curl virus lag jaye to kya kiya jaye?,ru,cotton,disease_management,"Seedha ilaj nahi, safed makkhi control karein aur agli baar resistant variety lagayein."
164,Can I use organic compost instead of urea for cotton?,en,cotton,fertilizer_usage,Compost can supplement chemical fertilizers but may not fully replace urea for high-yield cotton.
165,Fasal mein nitrogen ki kami ki alamaat kya hoti hain?,ru,generic,fertilizer_guidance,"Purane pattay ka peela hona, khaas tor par pattay ki nok se shuru ho, nitrogen ki kami ki nishani hai."
166,Pakistan mein organic kapas ki kasht munafa bakhsh hai?,ru,cotton,organic_farming,Organic kapas ki premium price milti hai par certification aur market linkage zaroor chahiye.
167,Which cotton seed variety is best for high yield?,en,cotton,seed_selection,Certified BT cotton varieties like NIAB-878 or CIM-599 generally give high yields in Pakistan.
168,How to manage weeds without using chemical herbicides?,en,generic,farming_advice,"Hand weeding, mulching, and using a narrow row spacing helps suppress weed growth naturally."
169,Can drip irrigation be used for cotton farming?,en,cotton,irrigation_schedule,"Yes, drip irrigation saves 30 to 40 percent water and improves cotton yield and quality."
170,How to disinfect soil before planting cotton?,en,cotton,disease_management,Deep summer plowing and crop rotation help reduce soilborne pathogen levels before cotton planting.
171,What is the benefit of green manuring in farming?,en,generic,soil_health,"Green manuring adds nitrogen and organic matter, improving soil structure and crop yield."
172,Can cotton be grown successfully in waterlogged soil?,en,cotton,soil_type,"No, waterlogged soil causes root rot; improve drainage before planting cotton."
173,What precautions should I take during hot dry winds?,en,cotton,weather_impact,Irrigate more frequently during loo conditions and apply potassium spray to reduce heat stress.
174,Kapas par spray karne ka sahi waqt kaunsa hai?,ru,cotton,pest_control,Subah sawera ya shaam ko spray karein taakay zada asar ho aur nuksaan kam ho.
175,Khraab zameen ko kapas ke liye behtar kaise banayein?,ru,cotton,soil_type,"Gobar ki khaad, crop rotation aur hara khad mila kar zameen ki quality behtar karein."
176,What safety measures should I follow while spraying cotton?,en,cotton,pest_control,"Wear protective clothing, gloves, and mask; spray downwind and wash hands after spraying cotton."
177,Kapas bechne ka behtareen waqt kaunsa hota hai?,ru,cotton,market_price,Hasweet ke 2 se 3 mahine baad market mein rargi kam hoti hai to daam behtar milta hai.
178,What damages cotton fiber quality during harvesting?,en,cotton,harvesting,"Rain, soil contamination, and delayed picking after boll opening all reduce fiber quality."
179,Kapas ke paudhay ki topping se faida hota hai?,ru,cotton,yield_improvement,Topping se badhwaar tindayon ki taraf concentrate hoti hai aur wazn aur pakwaan behtar hoti hai.
180,Zameen mein keenchway ka kya kirdar hai?,ru,generic,soil_health,"Keenchway zameen mein hawa aur naali banate hain, organic madda torte hain aur ghizayi ajza available karte hain."
181,Pakistan mein organic kapas ki kasht munafa bakhsh hai?,ru,cotton,organic_farming,Organic kapas ki premium price milti hai par certification aur market linkage zaroor chahiye.
182,Kapas ki jarh ke liye zameen ki gahraai kitni honi chahiye?,ru,cotton,soil_type,Kapas ki jarh ke liye 60 se 90 cm naram aur drainage wali zameen ki zaroorat hoti hai.
183,What type of soil is best for cotton farming?,en,cotton,soil_type,"Deep, well-drained sandy loam soil with good organic matter is best suited for cotton farming."
184,What spray is effective against cotton boll rot?,en,cotton,disease_management,Mancozeb or copper oxychloride spray helps reduce boll rot caused by fungal pathogens.
185,Naami wali kapas ka daam market mein kam kyon hota hai?,ru,cotton,market_price,8 faised se zyada naami wali kapas ka wazn katwa jaata hai mandi mein jo daam kum karta hai.
186,What damages cotton fiber quality during harvesting?,en,cotton,harvesting,"Rain, soil contamination, and delayed picking after boll opening all reduce fiber quality."
187,Paani bhra khet mein irrigation kaise manage karein?,ru,generic,irrigation_methods,"Drainage channels kholein, ridges banayein aur shadeed baarish ke baad fizool paani pump karein."
188,Zameen ki zarkhaizi barhane ka tareeqa kya hai?,ru,generic,soil_health,"Compost milana, gobar ki khaad dena aur dalhan ki fasal rotation mein shamil karna zameen ko behtar banata hai."
189,Khet mein paani ki efficiency kaise barhayein?,ru,generic,irrigation_methods,"Drip ya sprinkler lagayein, zameen baraabar karein, raat ko pani dein aur gerhai ki jotai kum karein."
190,What certified cotton varieties does government recommend?,en,cotton,seed_selection,"The government recommends NIAB, CIM, and MNH series varieties each season; check local agriculture office."
191,How to prevent mold growth in stored cotton?,en,cotton,storage_methods,Ensure cotton is below 8 percent moisture before storage and keep storage area well ventilated.
192,How much seed is needed to plant one acre cotton?,en,cotton,seed_selection,Approximately 3 to 4 kg of quality cotton seed is needed to plant one acre.
193,Is April or May better for cotton plantation?,en,cotton,sowing_time,Late April to early May is generally best; planting too early in April risks cold nights damaging seedlings.
194,When does cotton plant start forming flower buds?,en,cotton,crop_growth,"Cotton plants start forming flower buds, called squares, about 35 to 45 days after germination."
195,How should I store freshly picked cotton at home?,en,cotton,harvesting,Store in dry jute bags away from moisture and sunlight to maintain fiber quality.
196,Kapas ke paudhay kyon aakhaat murjha jate hain garmi mein?,ru,cotton,disease_management,Fusarium ya Verticillium fungi se yeh hota hai; garmi aur pani ki kami se yeh zyada nazar aata hai.
197,What is the recommended sowing window for cotton crop?,en,cotton,sowing_time,The recommended sowing window is from April 25 to May 31 for most cotton-growing areas.
198,How much water does cotton need per irrigation?,en,cotton,irrigation_schedule,Cotton needs approximately 3 to 4 inches of water per irrigation application.
199,Kaunsa kapas ka beej bollworm se mehfooz rakhta hai?,ru,cotton,seed_selection,"BT kapas ki varieties bollworm se tafazul rakhti hain, local agriculture department se poochein."
200,Is potassium fertilizer necessary for cotton plants?,en,cotton,fertilizer_usage,"Yes, potassium improves fiber quality and boll weight; apply SOP at boll formation stage."
201,Chhotay kisaan apna kharch kaise kam kar sakte hain?,ru,generic,farming_advice,"Compost use karein, IPM apnayein, machine share karein aur group purchasing se input cost bachayein."
202,What moisture level is safe for cotton storage?,en,cotton,storage_methods,Cotton with less than 8 percent moisture can be stored safely without quality deterioration.
203,How to improve soil drainage for cotton fields?,en,cotton,soil_type,Create ridges or beds for cotton planting and make drainage channels along field borders.
204,What is integrated pest management for cotton crop?,en,cotton,pest_control,"IPM combines scouting, resistant varieties, biological controls, and targeted chemical use for cotton pests."
205,Chhotay khet ke liye drip irrigation system kaunsa achha hai?,ru,generic,irrigation_methods,Inline drip system chhotay kheeton ke liye behtar hai aur paani ki bachat bhi zyada hoti hai.
206,How long does cotton crop take to mature fully?,en,cotton,crop_growth,Cotton crop takes approximately 150 to 180 days from sowing to final harvest under normal conditions.
207,Khara paani wali zameen mein kaunsi fasal ho sakti hai?,ru,generic,farming_advice,"Jau, sugar beet aur kallar grass khaaraapan bardasht karte hain aur namkeen zameen mein ho sakte hain."
208,When should I start monitoring cotton crop for pests?,en,cotton,pest_control,Start scouting cotton fields from the 30th day after germination; check 20 plants per acre weekly.
209,What fungicide should I use for cotton wilt disease?,en,cotton,disease_management,Carbendazim or thiophanate-methyl soil drench helps manage fungal wilt in cotton fields.
210,Kapas ki kasht ke liye kaunsi zameen sab se behtar hai?,ru,cotton,soil_type,"Gahri, acha drainage wali reeti-loam zameen jis mein organic madda ho kapas ke liye sab se behtar hai."
211,FYM dene ka fasal par kya faaida hota hai?,ru,generic,soil_health,"FYM zameen ki banawat, naami, ghizayi faraahmi aur aam sehat behtar kar ke paidawar barhata hai."
212,Should I press cotton into bales before storage?,en,cotton,storage_methods,Baling improves storage density and reduces fire risk; use standard bale sizes for mandi selling.
213,How to control bacterial blight in cotton crop?,en,cotton,disease_management,Use copper-based bactericides and disease-free certified seeds; avoid overhead irrigation to reduce spread.
214,Kapas mein phosphorus ki kami ke kya nuksanaat hain?,ru,cotton,fertilizer_usage,Phosphorus ki kami se jarhen kamzor hoti hain aur paudha sahi tarah se nahi badhta.
215,Oos se kapas ki fasal ki hifazat kaise karein?,ru,cotton,weather_impact,Oos se bachna mushkil hai; baad mein boron aur micronutrient spray karein recovery ke liye.
216,How to improve soil fertility naturally at home?,en,generic,soil_health,"Add compost, farm yard manure, and rotate crops with legumes to naturally improve soil fertility."
217,Sarkari tajweez shuda kapas ke beej kaunse hain?,ru,cotton,seed_selection,"NIAB, CIM aur MNH series ke beej Pakistan mein sarkari tajweez shuda hain."
218,What is the government support price for cotton?,en,cotton,market_price,The government announces a minimum support price each season; contact local agriculture office for current rates.
219,How to protect stored grains from insect damage?,en,generic,pest_prevention,"Clean storage, use hermetic bags, apply grain protectant chemicals, and monitor regularly to prevent insect damage."
220,How long does cotton crop take to mature fully?,en,cotton,crop_growth,Cotton crop takes approximately 150 to 180 days from sowing to final harvest under normal conditions.
221,How many bolls per plant is considered good cotton yield?,en,cotton,yield_improvement,Retaining 10 to 14 mature bolls per plant is considered a good yield target for cotton.
222,What should I do if cotton bolls open unevenly?,en,cotton,harvesting,Apply ethephon spray to promote uniform boll opening if there is uneven maturity in the field.
223,How to test soil fertility before planting cotton?,en,cotton,soil_type,Send soil samples to the nearest agricultural laboratory for NPK and micronutrient analysis.
224,What certified cotton varieties does government recommend?,en,cotton,seed_selection,"The government recommends NIAB, CIM, and MNH series varieties each season; check local agriculture office."
225,How to test soil pH level at home cheaply?,en,generic,soil_health,A pH testing kit from an agriculture store costs little and gives accurate soil pH results quickly.
226,Does topping of cotton plants increase boll count?,en,cotton,yield_improvement,Topping redirects energy to existing bolls and can improve boll weight and uniform maturity.
227,Kapas ki fasal mein keeron ki nigraani kab shuru karein?,ru,cotton,pest_control,Germination ke 30 din baad nigraani shuru karein; har hafte 20 paudhay per acre check karein.
228,What is the irrigation schedule for cotton in July?,en,cotton,irrigation_schedule,"In July, irrigate every 10 days as high temperatures increase cotton water demand."
229,Urea khad dene ka sahi tareeqa kya hai?,ru,generic,fertilizer_guidance,"Urea qastein mein dein, geeli zameen par bichaayein aur tez hawa wali garmi mein upar se mat dein."
230,DAP aur urea saath mila kar de sakte hain kapas mein?,ru,cotton,fertilizer_usage,"Dono ko saath milana theek nahi, DAP beejai par aur urea baad mein alag alag dein."
231,What is the recommended sowing window for cotton crop?,en,cotton,sowing_time,The recommended sowing window is from April 25 to May 31 for most cotton-growing areas.
232,How do I prepare land for vegetable farming?,en,generic,farming_advice,"Deep plow, add compost, level the field, and form raised beds before planting vegetables."
233,Kapas todne ka sahi waqt kab hota hai?,ru,cotton,harvesting,Jab khet mein 60 faised tindaay khul jayein to pehli todaai shuru karein.
234,Which chemicals help control seedling diseases in cotton?,en,cotton,disease_management,Seed treatment with thiram or carbendazim before sowing protects cotton seedlings from damping-off.
235,When should I apply nitrogen to cotton crop?,en,cotton,fertilizer_usage,Apply nitrogen in two splits: at thinning stage and again at squaring for best results.
236,How does organic farming affect cotton fiber quality?,en,cotton,organic_farming,Organic cotton typically has softer fiber and is preferred by premium textile markets globally.
237,Can over-irrigation damage cotton root system?,en,cotton,irrigation_schedule,"Yes, waterlogging suffocates roots and promotes root rot; avoid over-irrigation especially in clay soils."
238,Badal wala mausam kapas ki badhwaar par asar karta hai?,ru,cotton,weather_impact,Zyada badal se tindaay bhar-nay ki raftar dheemi hoti hai aur pakwaan mein deri hoti hai.
239,Kapas mein nitrogen kab dena chahiye?,ru,cotton,fertilizer_usage,Nitrogen pehli kaat ke waqt aur phir phoolon se pehle do qastein mein dena chahiye.
240,How do I choose quality cotton seeds before planting?,en,cotton,seed_selection,Choose certified seeds from reputable sources; check germination rate and ensure seeds are disease-free.
241,How much water does cotton need per irrigation?,en,cotton,irrigation_schedule,Cotton needs approximately 3 to 4 inches of water per irrigation application.
242,How to protect crops from unseasonal rains?,en,generic,weather_effects,Raise field beds for drainage and apply protective fungicide spray before expected rain.
243,When is the best time to sell cotton in market?,en,cotton,market_price,Prices typically improve 2 to 3 months after harvest season when supply in market reduces.
244,Kapas ko zinc ki kami se kaise bachayein?,ru,cotton,fertilizer_usage,Pehli irrigation par 5 kg zinc sulphate per acre dein ya foliar spray karein.
245,What soil pH is ideal for cotton cultivation?,en,cotton,soil_type,Cotton grows best in slightly acidic to neutral soil with a pH between 6.0 and 7.5.
246,Is organic cotton farming profitable in Pakistan?,en,cotton,organic_farming,Organic cotton commands premium prices globally but requires certification and market linkages.
247,When does cotton sowing season start in Pakistan?,en,cotton,sowing_time,Cotton sowing season typically starts in late April and continues through May in most of Pakistan.
248,How does drought affect cotton yield in Pakistan?,en,cotton,weather_impact,"Drought during boll formation reduces boll size and fiber quality, causing significant yield loss."
249,Should I use treated seeds for cotton plantation?,en,cotton,seed_selection,"Yes, treated seeds protect against seedling diseases and improve germination uniformity."
250,Treated beej kapas ke liye zyada achha hota hai ya nahi?,ru,cotton,seed_selection,"Haan, treated beej seedling bimariyon se bachata hai aur saman germination deta hai."
251,Which pesticide is most effective against cotton whitefly?,en,cotton,pest_control,Spiromesifen or buprofezin are effective against whitefly; rotate chemicals to prevent resistance.
252,What spray should I use for cotton jassid control?,en,cotton,pest_control,Imidacloprid or acetamiprid sprays are effective against jassid on cotton at label dose.
253,Kapas todne ka sabse achha waqt din mein kaunsa hota hai?,ru,cotton,harvesting,Subah os khushk hone ke baad todaai karna sabse behtar waqt hai saaf quality ke liye.
254,Store ki gai kapas mein phaphoond ka khatima kaise karein?,ru,cotton,storage_methods,Kapas store karne se pehle 8 faised se neeche naami laayein aur kamra hawa-dar rakhein.
255,What biological pesticides are available for cotton pests?,en,cotton,organic_farming,"Beauveria bassiana, NPV for bollworm, and neem-based products are available biological pesticides."
256,Kapas ke paudhay is saal peechay kyon reh gaye?,ru,cotton,crop_growth,"Zameen ki sakhtaai, jad ki bimari, ghizayi kami ya shuruaat mein keeron se yeh ho sakta hai."
257,Kapas mein bacterial blight ki roktham kaise karein?,ru,cotton,disease_management,Copper wali dawa lagayein aur certified beej use karein; upar se pani dene se bimari phailti hai.
258,Kapas todne ka sabse achha waqt din mein kaunsa hota hai?,ru,cotton,harvesting,Subah os khushk hone ke baad todaai karna sabse behtar waqt hai saaf quality ke liye.
259,How to test soil pH level at home cheaply?,en,generic,soil_health,A pH testing kit from an agriculture store costs little and gives accurate soil pH results quickly.
260,Kapas ko pani kitni dafa dena chahiye ek mausam mein?,ru,cotton,irrigation_schedule,"Kapas ko aam tor par pura mausam 6 se 8 pani chahiye, baarish par munihasar hai."
261,Does cloudy weather affect cotton photosynthesis?,en,cotton,weather_impact,Extended cloudy weather reduces boll filling and delays maturity in cotton crops.
262,Kapas ki beejai ke liye tractor ka kaunsa ala use karein?,ru,cotton,farming_equipment,Ridger cum planter ya cotton planter se sahi jagah aur faasle par beej lagaya jaata hai.
263,How can I start organic farming on small land?,en,generic,farming_advice,"Start with compost, reduce chemicals gradually, use neem sprays, and choose disease-resistant varieties."
264,What type of soil is best for cotton farming?,en,cotton,soil_type,"Deep, well-drained sandy loam soil with good organic matter is best suited for cotton farming."
265,What is the last date to sow cotton in Multan?,en,cotton,sowing_time,"In Multan, May 31 is generally considered the last feasible date for cotton sowing."
266,How to identify nutrient deficiency symptoms in plants?,en,generic,fertilizer_guidance,Yellow leaves indicate nitrogen lack; purple leaves show phosphorus shortage; brown leaf edges suggest potassium deficiency.
267,Khad dene se pehle pani dein ya baad mein?,ru,cotton,irrigation_schedule,Khad dene ke baad pani dena chahiye taakay ghizayi ajza jarh tak pahunchen.
268,Monsoon mein deri se kapas todne ka schedule kaise banayein?,ru,cotton,weather_impact,Deri se monsoon tindayon ka kholnaa rokti hai; mausam dekh kar todaai ka waqt mutaayyin karein.
269,Pakistan mein reti wali zameen mein kaunsi fasal achhi hoti hai?,ru,generic,farming_advice,"Tarbooz, kharbooza, mungphali aur jowar reti wali zameen mein paani dene par achha kaam karte hain."
270,Khad dene se pehle pani dein ya baad mein?,ru,cotton,irrigation_schedule,Khad dene ke baad pani dena chahiye taakay ghizayi ajza jarh tak pahunchen.
271,Garmi se kapas ke tindoon par kya asar hota hai?,ru,cotton,weather_impact,40 darje se upar tapmaan phoolon ke waqt tindaay girata hai aur paidawar kam hoti hai.
272,Sindh mein kapas ki beejai kab shuru hoti hai?,ru,cotton,sowing_time,Sindh mein kapas ki beejai April ke shuru mein hi shuru ho jaati hai kyunkay wahan jaldi garm hoti hai.
273,Can cotton be sown in sandy soil during April?,en,cotton,sowing_time,"Yes, sandy soil warms faster and April sowing works well if irrigation is managed carefully."
274,What causes yellowing of cotton leaves?,en,cotton,disease_management,"Yellowing can result from nitrogen deficiency, waterlogging, root rot, or leaf curl virus infection."
275,Drip irrigation kapas ke liye faida mand hai?,ru,cotton,irrigation_schedule,"Haan, drip irrigation se 30 se 40 faised pani bachta hai aur paidawar bhi behtar hoti hai."
276,How can I prevent cotton root rot disease?,en,cotton,disease_management,"Improve soil drainage, use seed treatment with fungicides, and practice crop rotation to prevent root rot."
277,Is ridge planting better for cotton than flat planting?,en,cotton,farming_equipment,"Ridge planting improves drainage and aeration, especially in heavier soils for cotton."
278,How should I store cotton after harvesting at home?,en,cotton,storage_methods,Store cotton in dry jute bags in a well-ventilated room away from moisture and insects.
279,Kapas mein mulching se faida hota hai?,ru,cotton,yield_improvement,"Mulching se naami baqaaya rehti hai, ghas kam ati hai aur jarh ka tapmaan sahi rehta hai."
280,How does clay soil affect cotton root growth?,en,cotton,soil_type,Heavy clay soil restricts root growth and drainage; add organic matter to improve structure.
281,Kapas zyada arsa rakhni ho to naami kitni honi chahiye?,ru,cotton,storage_methods,8 faised se kam naami wali kapas 3 se 6 mahine tak quality khoye baghair rakhi ja sakti hai.
282,Kapas par spray ke liye kaunsa pump behtar hai?,ru,cotton,farming_equipment,Bada boom sprayer zyada zemin ke liye behtar hai; chhotay khet ke liye knapsack pump kaafi hai.
283,Kapas ke paudhay is saal peechay kyon reh gaye?,ru,cotton,crop_growth,"Zameen ki sakhtaai, jad ki bimari, ghizayi kami ya shuruaat mein keeron se yeh ho sakta hai."
284,What is the effect of cold nights on cotton bolls?,en,cotton,weather_impact,Cold nights below 15°C slow boll maturation and reduce fiber quality during late season.
285,Pink bollworm ke liye kaunsa dawa use karein?,ru,cotton,pest_control,"Emamectin benzoate pink bollworm ke liye bohot kaargaar hai, trap mein keera aate hi spray karein."
286,How does intercropping help in pest management?,en,generic,pest_prevention,"Intercropping confuses pests, attracts beneficial insects, and reduces pest buildup on any single crop."
287,Oos se kapas ki fasal ki hifazat kaise karein?,ru,cotton,weather_impact,Oos se bachna mushkil hai; baad mein boron aur micronutrient spray karein recovery ke liye.
288,How can I increase cotton yield per acre?,en,cotton,yield_improvement,"Use certified varieties, optimal plant spacing, timely irrigation, and balanced fertilization for higher yield."
289,What is the best crop rotation practice for small farms?,en,generic,crop_rotation,Rotate cereal crops with legumes like lentils or chickpeas to restore soil nitrogen naturally.
290,What is the right time to spray pesticide on cotton?,en,cotton,pest_control,Spray early morning or late evening to improve effectiveness and reduce drift.
291,Sindh mein kapas ki beejai kab shuru hoti hai?,ru,cotton,sowing_time,Sindh mein kapas ki beejai April ke shuru mein hi shuru ho jaati hai kyunkay wahan jaldi garm hoti hai.
292,What equipment is needed for cotton land preparation?,en,cotton,farming_equipment,"Tractor with chisel plow for deep tillage, rotavator for seedbed preparation, and ridger for beds."
293,Kaunsa kapas ka beej bollworm se mehfooz rakhta hai?,ru,cotton,seed_selection,"BT kapas ki varieties bollworm se tafazul rakhti hain, local agriculture department se poochein."
294,Loo se kapas ke paudhon ko kaise bachayein?,ru,cotton,weather_impact,Loo ke doran pani zyada dein aur potassium spray garmi ke stress ko kum karne mein madadgar hai.
295,What safety measures should I follow while spraying cotton?,en,cotton,pest_control,"Wear protective clothing, gloves, and mask; spray downwind and wash hands after spraying cotton."
296,What is the best time to apply herbicides to crops?,en,generic,pest_prevention,Apply herbicides when weeds are young and actively growing for best control results.
297,What is the optimal sowing date for BT cotton?,en,cotton,sowing_time,BT cotton should be sown between April 25 and May 15 for maximum boll development.
298,Kya April mein kapas ki beejai shi rehti hai?,ru,cotton,sowing_time,April ke aakhir mein beejai theek rehti hai jab zameen ka tapmaan 18 degree centigrade ho jaye.
299,When should I start monitoring cotton crop for pests?,en,cotton,pest_control,Start scouting cotton fields from the 30th day after germination; check 20 plants per acre weekly.
300,Can I grow cotton without using chemical pesticides?,en,cotton,organic_farming,"Yes, IPM and organic methods can reduce chemical use; use neem, biological controls, and resistant varieties."
301,How much urea should I apply per acre for cotton?,en,cotton,fertilizer_usage,Apply 1 to 1.5 bags of urea per acre split in two or three doses during cotton growth.
302,Kapas ke liye sabse zaroori pani kab dena hota hai?,ru,cotton,irrigation_schedule,"Phoolon aur tindayon ke waqt pani dena sabse zaroori hai, is waqt kami na ho."
303,What is the best time of day to irrigate cotton?,en,cotton,irrigation_schedule,Irrigating in the early morning or evening reduces evaporation and improves water use efficiency.
304,Zyada naami kapas ki bimariyon ko badhawa deti hai?,ru,cotton,weather_impact,"Haan, zyada naami se fungal aur bacterial bimariyan phailti hain; paudhon ke darmiyan faasla rakhein."
305,Can cotton survive frost in early growing season?,en,cotton,weather_impact,Cotton is sensitive to frost; temperatures below 10°C can damage or kill young cotton seedlings.
306,When should I start monitoring cotton crop for pests?,en,cotton,pest_control,Start scouting cotton fields from the 30th day after germination; check 20 plants per acre weekly.
307,How much seed is needed to plant one acre cotton?,en,cotton,seed_selection,Approximately 3 to 4 kg of quality cotton seed is needed to plant one acre.
308,Which fertilizer is best for cotton plants in Pakistan?,en,cotton,fertilizer_usage,DAP at sowing and urea in splits are the most commonly recommended fertilizers for cotton in Pakistan.
309,What is the water requirement of cotton per acre?,en,cotton,irrigation_schedule,Cotton requires about 36 to 40 inches of water per acre over the full growing season.
310,Is there a biological control method for cotton bollworm?,en,cotton,pest_control,Trichogramma egg parasitoids can be released in cotton fields to control bollworm biologically.
311,Is organic cotton farming profitable in Pakistan?,en,cotton,organic_farming,Organic cotton commands premium prices globally but requires certification and market linkages.
312,Kapas ke liye khad dene ka schedule kya hona chahiye?,ru,cotton,fertilizer_usage,"DAP beejai par, urea kaat ke waqt, aur SOP tinda banane ke waqt dena chahiye."
313,Kapas ki beejai ke liye zameen ka tapmaan kitna hona chahiye?,ru,cotton,sowing_time,Kapas ki beejai ke liye zameen ka tapmaan kam az kam 18 darje hona chahiye.
314,Which cotton variety is resistant to bollworm attack?,en,cotton,seed_selection,BT cotton varieties carry bollworm resistance; consult your local agriculture department for current recommendations.
315,Is boron spray helpful for cotton flower setting?,en,cotton,fertilizer_usage,"Yes, boron spray at flowering stage significantly improves flower retention and boll set."
316,Tapmaan ka beej ugne par kya asar hota hai?,ru,generic,weather_effects,Har fasal ki ugne ke liye ek makhsoos tapmaan hota hai; zyada thandak ya garmi ugaai rok deti hai.
317,Pakistan mein ek acre kapas ki ausat paidawar kitni hai?,ru,cotton,yield_improvement,Achhe intizaam ke saath Pakistan mein ek acre kapas ki paidawar 15 se 20 mann tak hoti hai.
318,Ghar aur khet ke kachraa se compost kaise tayaar karein?,ru,generic,soil_health,"Hara aur bhoora kachraa tabqaat mein rakhtay hain, geela rakhein aur har 2 hafte paltein; 2 mahine mein tayaar."
319,How does clay soil affect cotton root growth?,en,cotton,soil_type,Heavy clay soil restricts root growth and drainage; add organic matter to improve structure.
320,What micronutrients does cotton crop need for growth?,en,cotton,fertilizer_usage,Zinc and boron are the most critical micronutrients for cotton growth and boll development.
321,What practices improve cotton boll count per plant?,en,cotton,yield_improvement,"Balanced fertilization, timely pest control, and proper irrigation during flowering improve boll count."
322,What is the best practice for furrow irrigation?,en,generic,irrigation_methods,Make uniform furrows of 60 to 75 cm width and ensure water advances at steady pace to field end.
323,What is the cheapest way to add nitrogen to soil?,en,generic,fertilizer_guidance,Growing green manure crops like guar or senji and plowing them in is the cheapest nitrogen source.
324,Is saline soil suitable for growing cotton crop?,en,cotton,soil_type,Cotton has moderate salt tolerance but heavy salinity reduces yield; leach salts before planting.
325,Tez hawa kapas ke paudhon ko kaise nuksan deti hai?,ru,cotton,weather_impact,60 km/h se tez hawa kapas ke pake paudhon ko giraa sakti hai aur physical nuksan pahunchaa sakti hai.
326,Kapas ka abhi market mein kya bhaav chal raha hai?,ru,cotton,market_price,Bhaavin roz badalta hai; PCGA website ya apni local mandi se aaj ki rate maloom karein.
327,What is the best BT cotton seed available in Pakistan?,en,cotton,seed_selection,NIAB-878 and CIM-599 are among the top certified BT cotton seeds available in Pakistan.
328,How does plant spacing affect cotton yield?,en,cotton,yield_improvement,Keep 75 cm between rows and 30 cm between plants for optimal light and air distribution.
329,Sabzi ke paudhay aachanak murjha jayein to kya karein?,ru,generic,pest_prevention,"Achanak murjhana fusarium wilt, jad galana ya jarh mein shadeed keeron ki wajah se hota hai."
330,Kya seedha textile mill ko kapas bech sakte hain?,ru,cotton,market_price,"Haan, seedha textile mill ko bechna zyada munafa deta hai agar tadaad kaafi ho."
331,What is the right moisture content for cotton harvesting?,en,cotton,harvesting,Cotton should have less than 8 percent moisture at picking for safe storage and better price.
332,How to separate cotton from bolls without damage?,en,cotton,harvesting,Hand pick during dry morning hours; avoid pulling hard to prevent fiber breakage.
333,What is the benefit of green manuring in farming?,en,generic,soil_health,"Green manuring adds nitrogen and organic matter, improving soil structure and crop yield."
334,What is the interval between two cotton irrigations?,en,cotton,irrigation_schedule,Keep 10 to 15 day intervals between irrigations depending on soil type and weather conditions.
335,What organic matter improves water retention in soil?,en,generic,soil_health,Compost and farm yard manure significantly improve water holding capacity of sandy soils.
336,Herbicide kab laganee chahiye fasal mein?,ru,generic,pest_prevention,Jab ghaas nai aur tezi se barhti ho to herbicide sabse zyada kaargaar hota hai.
337,What is the right time to spray pesticide on cotton?,en,cotton,pest_control,Spray early morning or late evening to improve effectiveness and reduce drift.
338,Pink bollworm ke liye kaunsa dawa use karein?,ru,cotton,pest_control,"Emamectin benzoate pink bollworm ke liye bohot kaargaar hai, trap mein keera aate hi spray karein."
339,Spray karte waqt apni hifazat kaise karein kapas mein?,ru,cotton,pest_control,"Poori baahen dhakne wale kapde, dastane aur mask pehen; hawa ke rukh spray karein."
340,Kapas ke paudhay ug aane ke baad kitni jaldi barhte hain?,ru,cotton,crop_growth,Kapas 5 se 7 din mein ug aata hai aur 6 se 8 haftay mein pura canopy ban jaata hai.
341,How to control bollworm attack on cotton crop?,en,cotton,pest_control,Spray recommended insecticides like emamectin or profenofos at early infestation signs and repeat in 7 days.
342,How does cotton quality affect market price?,en,cotton,market_price,"Higher grade cotton with long fiber, low moisture, and no trash fetches significantly better market price."
343,Kapas ke liye zameen ka pH kitna hona chahiye?,ru,cotton,soil_type,pH 6.0 se 7.5 ke darmiyan zameen kapas ki behtareen kasht ke liye munasib hoti hai.
344,Pakistan mein ek acre kapas ki ausat paidawar kitni hai?,ru,cotton,yield_improvement,Achhe intizaam ke saath Pakistan mein ek acre kapas ki paidawar 15 se 20 mann tak hoti hai.
345,Kapas ka phool khilne ke kitne din baad tindaa tayaar hota hai?,ru,cotton,harvesting,Phool khilne ke 45 se 60 din baad tinda paknay aur kholne ke liye tayaar ho jaata hai.
346,Kapas mein mulching se faida hota hai?,ru,cotton,yield_improvement,"Mulching se naami baqaaya rehti hai, ghas kam ati hai aur jarh ka tapmaan sahi rehta hai."
347,What happens if cotton is sown too early in season?,en,cotton,sowing_time,Early sowing before April can expose seedlings to cold stress and slow emergence.
348,How many times should I spray pesticide on cotton?,en,cotton,pest_control,"Spray only when pest levels cross the economic threshold, usually 3 to 5 times per season."
349,Kapas ke liye kaun sa bora behtar hai?,ru,cotton,storage_methods,Saaf khushk juut ka bora hawa aane deta hai aur plastic ki tarah naami band nahi karta.
350,How to reduce input costs in small-scale farming?,en,generic,farming_advice,"Use compost, adopt IPM, share equipment with neighbors, and buy inputs cooperatively to save cost."
351,How does temperature affect seed germination?,en,generic,weather_effects,Each crop has an optimal temperature range; too hot or too cold slows or prevents germination.
352,Store ki gai kapas mein phaphoond ka khatima kaise karein?,ru,cotton,storage_methods,Kapas store karne se pehle 8 faised se neeche naami laayein aur kamra hawa-dar rakhein.
353,Which cotton seed variety is best for Sindh climate?,en,cotton,seed_selection,Varieties like CRIS-134 and CRIS-9 are well suited for the hot climate of Sindh.
354,Kapas ko pani ki zaroorat hai kaise pata chalega?,ru,cotton,irrigation_schedule,Shaam ko upar ke patton ka thoda murjhana yeh batata hai ke pani dene ka waqt aa gaya hai.
355,Cotton leaf curl virus ke shuruaati alamaat kya hain?,ru,cotton,disease_management,"Patton ka upar ki taraf murjhana, dhakil dark green nasen aur chhote pattay shuruaati alamaat hain."
356,Can resistant varieties prevent cotton leaf curl virus?,en,cotton,disease_management,Resistant varieties significantly reduce damage but are not fully immune to leaf curl virus.
357,How does temperature affect seed germination?,en,generic,weather_effects,Each crop has an optimal temperature range; too hot or too cold slows or prevents germination.
358,Fasal badli karne se zameen ke ghizayi ajza kaise barhte hain?,ru,generic,crop_rotation,Mukhtalif faslain alag ghizayi ajza use karti aur chordi hain jis se zameen mutawazan rehti hai.
359,What is the water requirement of cotton per acre?,en,cotton,irrigation_schedule,Cotton requires about 36 to 40 inches of water per acre over the full growing season.
360,Kapas ki fasal kab tak tayaar hoti hai mukammal?,ru,cotton,crop_growth,Beejai se le kar akhri todaai tak kapas ko 150 se 180 din lagte hain.
361,What is the best time to apply herbicides to crops?,en,generic,pest_prevention,Apply herbicides when weeds are young and actively growing for best control results.
362,Can over-irrigation damage cotton root system?,en,cotton,irrigation_schedule,"Yes, waterlogging suffocates roots and promotes root rot; avoid over-irrigation especially in clay soils."
363,How many fertilizer doses does cotton crop need?,en,cotton,fertilizer_usage,"Cotton needs three main fertilizer doses: at sowing, at squaring, and at boll formation stage."
364,How many cotton picking rounds are done per season?,en,cotton,harvesting,Usually 3 to 4 picking rounds are done per season at 15 to 20 day intervals.
365,What organic matter level is ideal for cotton soil?,en,cotton,soil_type,Cotton soil should ideally have 1 to 2 percent organic matter for good structure and fertility.
366,How to conserve water during summer irrigation?,en,generic,irrigation_methods,"Irrigate in early morning or evening, use furrow method, and apply mulch to reduce evaporation."
367,How to improve soil fertility naturally at home?,en,generic,soil_health,"Add compost, farm yard manure, and rotate crops with legumes to naturally improve soil fertility."
368,How can I prevent cotton root rot disease?,en,cotton,disease_management,"Improve soil drainage, use seed treatment with fungicides, and practice crop rotation to prevent root rot."
369,What is the benefit of using FYM in farming?,en,generic,soil_health,"Farm yard manure improves soil structure, water retention, nutrient supply, and overall crop health."
370,Should I wait for rain before sowing cotton seeds?,en,cotton,sowing_time,Light pre-sowing irrigation is sufficient; do not wait too long for rain as it delays the optimal sowing window.
371,Kapas ek mausam mein kitni baar todi jaati hai?,ru,cotton,harvesting,"Aam tor par 3 se 4 baar todaai hoti hai, har baar 15 se 20 din ka fark rakhein."
372,Beej sahi tareeqe se store kaise karein taakay ugte rahein?,ru,generic,farming_advice,"Beej airtight containers mein thandi, khushk, andheari jagah silica gel ke saath rakhtay hain."
373,Ek acre kapas ke liye kitna beej chahiye?,ru,cotton,seed_selection,Ek acre kapas ke liye 3 se 4 kilogram certified beej kaafi hota hai.
374,How does mulching help in water conservation?,en,generic,irrigation_methods,Mulching reduces soil evaporation by up to 50 percent and keeps soil moisture for longer.
375,When should I apply nitrogen to cotton crop?,en,cotton,fertilizer_usage,Apply nitrogen in two splits: at thinning stage and again at squaring for best results.
376,Ghar par zameen ka pH sasta tareeqa se kaise check karein?,ru,generic,soil_health,Zara'at ki dukaan se sasta pH testing kit mil jaata hai jo jaldi sahi nataij deta hai.
377,Sabziyaat mein pala girne se kaise bachayein?,ru,generic,weather_effects,"Raat ko kapra orhayein, pala girne se pehle pani dein aur potassium spray frost damage kum karta hai."
378,How to identify mature cotton bolls for picking?,en,cotton,harvesting,Fully open white fluffy bolls with dry brown shell are ready for picking.
379,How can I test cotton seed germination before planting?,en,cotton,seed_selection,Place 10 seeds on a wet cloth for 5 days; 7 or more sprouting indicates good germination.
380,What is integrated pest management and how does it work?,en,generic,pest_prevention,"IPM combines cultural, biological, and chemical methods to control pests economically and safely."
381,Sabzi ki kasht ke liye zameen tayaar karne ka tareeqa?,ru,generic,farming_advice,"Gahri jotai karein, compost milayein, zameen baraabar karein aur paudhay lagane se pehle raised beds banayein."
382,What wind speed can damage cotton plants?,en,cotton,weather_impact,Strong winds above 60 km/h can cause lodging and physical damage to mature cotton plants.
383,What role does mulching play in cotton yield improvement?,en,cotton,yield_improvement,"Mulching conserves soil moisture, suppresses weeds, and maintains optimal temperature for root growth."
384,How to manage verticillium wilt in cotton fields?,en,cotton,disease_management,Use resistant varieties and deep soil tillage; avoid replanting cotton in severely infected fields.
385,Zameen ki zarkhaizi barhane ka tareeqa kya hai?,ru,generic,soil_health,"Compost milana, gobar ki khaad dena aur dalhan ki fasal rotation mein shamil karna zameen ko behtar banata hai."
386,What is the best plant population per acre for cotton?,en,cotton,yield_improvement,"Maintain 10,000 to 12,000 plants per acre for optimal cotton yield."
387,Can I mix DAP and urea together for cotton?,en,cotton,fertilizer_usage,It is better to apply DAP at sowing and urea later in splits rather than mixing both.
388,How does potash affect cotton boll weight?,en,cotton,fertilizer_usage,Adequate potash increases boll weight and improves the staple length of cotton fiber.
389,Can I sell cotton directly to textile mills?,en,cotton,market_price,"Yes, direct selling to textile mills often gives better prices if you have adequate quantity."
390,Sehatmand kapas ke paudhay ki kya nishaniaan hain?,ru,cotton,crop_growth,"Dhakil dark green pattay, sidha badhna, regular gantein aur jaldi phool banna sehat ki nishani hai."
391,Kapas bechne ka behtareen waqt kaunsa hota hai?,ru,cotton,market_price,Hasweet ke 2 se 3 mahine baad market mein rargi kam hoti hai to daam behtar milta hai.
392,Zinc ki kami fasal par kya asar dalti hai?,ru,generic,fertilizer_guidance,"Zinc ki kami se enzymes kaam nahi karte, daana nahi bharta aur aam paidawar kum ho jaati hai."
393,Kapas ki fasal mein wilt bimari ka fungicide kya hai?,ru,cotton,disease_management,Carbendazim ya thiophanate-methyl ka soil drench fungal wilt control karne mein madadgar hai.
394,What organic matter level is ideal for cotton soil?,en,cotton,soil_type,Cotton soil should ideally have 1 to 2 percent organic matter for good structure and fertility.
395,How does phosphorus help cotton root development?,en,cotton,fertilizer_usage,Phosphorus promotes strong root growth and early plant establishment in cotton.
396,What nutrients support vegetative growth in cotton?,en,cotton,crop_growth,Nitrogen and phosphorus are the main nutrients supporting early vegetative growth in cotton.
397,Is cotton leaf curl disease curable after infection?,en,cotton,disease_management,No direct cure exists; manage by controlling whitefly and using tolerant varieties for next crop.
398,Which fertilizer is best for cotton plants in Pakistan?,en,cotton,fertilizer_usage,DAP at sowing and urea in splits are the most commonly recommended fertilizers for cotton in Pakistan.
399,How to calibrate a boom sprayer for cotton fields?,en,cotton,farming_equipment,Calibrate by measuring output per nozzle per minute and adjusting speed to get recommended spray volume.
400,Drip irrigation flood irrigation se behtar kyon hai?,ru,generic,irrigation_methods,"Drip se 40 se 60 faised paani bachta hai, seedha jarh ko milta hai aur ghas bhi kam ati hai."
401,Chhotay kisan crop rotation se kaise faida uthayein?,ru,generic,crop_rotation,Anaj ke baad dalhan lagana zameen mein nitrogen restore karta hai aur paidawar barhata hai.
402,Vermicompost kapas ki zameen ke liye mufeed hai?,ru,cotton,organic_farming,"Haan, 2 tonne per acre vermicompost zameen ki badawat aur kapas ke paudhay ki sehat behtar karta hai."
403,Should I stop irrigation before cotton harvesting?,en,cotton,irrigation_schedule,Stop irrigation 3 to 4 weeks before final harvest to allow bolls to open and dry properly.
404,DAP aur urea saath mila kar de sakte hain kapas mein?,ru,cotton,fertilizer_usage,"Dono ko saath milana theek nahi, DAP beejai par aur urea baad mein alag alag dein."
405,Pakistan mein sardi mein kaunsi sabziyaat ugti hain?,ru,generic,farming_advice,"Aaloo, gajar, palak, matar, phool gobhi aur pyaaz Pakistan ki sardi mein achhi tarah ugte hain."
406,When is the best time to sell cotton in market?,en,cotton,market_price,Prices typically improve 2 to 3 months after harvest season when supply in market reduces.
407,Kapas ki beejai ke liye tractor ka kaunsa ala use karein?,ru,cotton,farming_equipment,Ridger cum planter ya cotton planter se sahi jagah aur faasle par beej lagaya jaata hai.
408,Kapas mein pesticide ka kharcha kam karne ka tareeqa kya hai?,ru,cotton,pest_control,"Har hafte khet check karein aur sirf zaroorat par spray karein, IPM apnayein kharcha bachane ke liye."
409,How to manage weeds without using chemical herbicides?,en,generic,farming_advice,"Hand weeding, mulching, and using a narrow row spacing helps suppress weed growth naturally."
410,What is the right moisture content for cotton harvesting?,en,cotton,harvesting,Cotton should have less than 8 percent moisture at picking for safe storage and better price.
411,What wind speed can damage cotton plants?,en,cotton,weather_impact,Strong winds above 60 km/h can cause lodging and physical damage to mature cotton plants.
412,Can cotton tolerate waterlogging after heavy rains?,en,cotton,weather_impact,Cotton cannot tolerate waterlogging beyond 2 days; open drainage channels immediately after heavy rain.
413,Dhalwaan zameen par mitti ke bahao ko kaise rokein?,ru,generic,soil_health,"Cover crops lagayein, contour bunds banayein aur hasweet ke baad zameen ko khali na chorein."
414,What are the signs of healthy cotton plant growth?,en,cotton,crop_growth,"Dark green leaves, erect growth, regular node formation, and early squaring are signs of healthy cotton."
415,What is the average cotton yield per acre in Pakistan?,en,cotton,yield_improvement,Average cotton yield in Pakistan is around 15 to 20 mounds per acre under good management.
416,Badal wala mausam kapas ki badhwaar par asar karta hai?,ru,cotton,weather_impact,Zyada badal se tindaay bhar-nay ki raftar dheemi hoti hai aur pakwaan mein deri hoti hai.
417,Kapas ki beejai ka mausam kab khatam hojata hai?,ru,cotton,sowing_time,Kapas ki beejai ka behtareen mausam 31 May ko khatam hota hai.
418,How many leaves does a healthy cotton plant have?,en,cotton,crop_growth,A healthy cotton plant has 20 to 25 well-developed leaves during peak vegetative growth.
419,Kapas todne se pehle pani band kar dena chahiye?,ru,cotton,irrigation_schedule,"Haan, aakhri todaai se 3 se 4 hafte pehle pani band kar dein taakay tindaay theek khulen."
420,What spray should I use for cotton jassid control?,en,cotton,pest_control,Imidacloprid or acetamiprid sprays are effective against jassid on cotton at label dose.
421,Tapmaan ka beej ugne par kya asar hota hai?,ru,generic,weather_effects,Har fasal ki ugne ke liye ek makhsoos tapmaan hota hai; zyada thandak ya garmi ugaai rok deti hai.
422,When should I apply nitrogen to cotton crop?,en,cotton,fertilizer_usage,Apply nitrogen in two splits: at thinning stage and again at squaring for best results.
423,What is the best crop rotation practice for small farms?,en,generic,crop_rotation,Rotate cereal crops with legumes like lentils or chickpeas to restore soil nitrogen naturally.
424,Kapas ki kasht ke liye kaunsi zameen sab se behtar hai?,ru,cotton,soil_type,"Gahri, acha drainage wali reeti-loam zameen jis mein organic madda ho kapas ke liye sab se behtar hai."
425,How to prevent soil erosion on sloped farmland?,en,generic,soil_health,"Plant cover crops, make contour bunds, and avoid leaving soil bare after harvest on slopes."
426,How to make compost for cotton field application?,en,cotton,organic_farming,"Mix crop residues, animal dung, and kitchen waste; compost for 2 to 3 months before application."
427,How does day length affect cotton plant flowering?,en,cotton,crop_growth,"Cotton is a short-day plant; longer nights trigger flowering, which naturally occurs in July to August."
428,What is the best time to apply SOP to cotton?,en,cotton,fertilizer_usage,Apply SOP at the beginning of boll formation stage for best fiber quality improvement.
429,Treated beej kapas ke liye zyada achha hota hai ya nahi?,ru,cotton,seed_selection,"Haan, treated beej seedling bimariyon se bachata hai aur saman germination deta hai."
430,Kapas ki kasht ke liye kon sa mahina munasib hai?,ru,cotton,sowing_time,Apail ke aakhir aur May ka mahina kapas ki kasht ke liye munasib hai.
431,What is the optimal sowing date for BT cotton?,en,cotton,sowing_time,BT cotton should be sown between April 25 and May 15 for maximum boll development.
432,Multan mein kapas ki beejai ki akhri taareekh kya hai?,ru,cotton,sowing_time,"Multan mein kapas ki beejai 31 May tak kar leni chahiye, baad mein faida kam ho jaata hai."
433,Paudhon mein ghizayi kami ki alamaat kaise pehchantein?,ru,generic,fertilizer_guidance,"Peela patta nitrogen ki kami, banafsh rang phosphorus ki aur pattay ke kinaaray bhure hone ka matlab potassium ki kami."
434,Cotton leaf curl virus ke shuruaati alamaat kya hain?,ru,cotton,disease_management,"Patton ka upar ki taraf murjhana, dhakil dark green nasen aur chhote pattay shuruaati alamaat hain."
435,What seed rate is recommended per acre for cotton?,en,cotton,seed_selection,Use 3 to 4 kg of certified cotton seed per acre for optimal plant population.
436,What tillage depth is recommended before cotton planting?,en,cotton,farming_equipment,Deep plow to at least 30 cm depth before cotton planting for good root development.
437,Kapas ki fasal mein keeron ki nigraani kab shuru karein?,ru,cotton,pest_control,Germination ke 30 din baad nigraani shuru karein; har hafte 20 paudhay per acre check karein.
438,When does cotton plant start forming flower buds?,en,cotton,crop_growth,"Cotton plants start forming flower buds, called squares, about 35 to 45 days after germination."
439,Garmi mein pani ki bachat ke liye kaunsa tareeqa behtar hai?,ru,generic,irrigation_methods,"Subah sawera ya shaam ko pani dein, furrow method use karein aur mulch lagayein evaporation rokne ke liye."
440,How to control bollworm attack on cotton crop?,en,cotton,pest_control,Spray recommended insecticides like emamectin or profenofos at early infestation signs and repeat in 7 days.
441,What spray is effective against cotton boll rot?,en,cotton,disease_management,Mancozeb or copper oxychloride spray helps reduce boll rot caused by fungal pathogens.
442,Kya kapas chemical khad ke baghair ugayi ja sakti hai?,ru,cotton,organic_farming,"Haan, IPM aur organic tareeqon se chemical use kum ho sakta hai; neem aur biological control use karein."
443,How can I get fair price for my cotton crop?,en,cotton,market_price,Sell at registered mandis with weight slips and compare at least two buyer offers before selling.
444,How does water stress affect cotton boll development?,en,cotton,irrigation_schedule,Water stress during boll formation causes shedding and reduces boll size and fiber quality.
445,How to improve poor soil quality for cotton farming?,en,cotton,soil_type,"Add farm yard manure, practice crop rotation, and use green manuring to improve soil quality."
446,How to prevent mold growth in stored cotton?,en,cotton,storage_methods,Ensure cotton is below 8 percent moisture before storage and keep storage area well ventilated.
447,Herbicide kab laganee chahiye fasal mein?,ru,generic,pest_prevention,Jab ghaas nai aur tezi se barhti ho to herbicide sabse zyada kaargaar hota hai.
448,Garmi mein pani ki bachat ke liye kaunsa tareeqa behtar hai?,ru,generic,irrigation_methods,"Subah sawera ya shaam ko pani dein, furrow method use karein aur mulch lagayein evaporation rokne ke liye."
449,Is ridge planting better for cotton than flat planting?,en,cotton,farming_equipment,"Ridge planting improves drainage and aeration, especially in heavier soils for cotton."
450,Naami wali kapas ka daam market mein kam kyon hota hai?,ru,cotton,market_price,8 faised se zyada naami wali kapas ka wazn katwa jaata hai mandi mein jo daam kum karta hai.
451,Kapas ke keedon ke liye biological spray kaunsa milta hai?,ru,cotton,organic_farming,"Beauveria bassiana, NPV aur neem se banay products kapas ke keedon ke liye biological options hain."
452,How much urea should I apply per acre for cotton?,en,cotton,fertilizer_usage,Apply 1 to 1.5 bags of urea per acre split in two or three doses during cotton growth.
453,Which fertilizer is best for vegetable gardens?,en,generic,fertilizer_guidance,A balanced NPK fertilizer combined with compost gives good results for most vegetable crops.
454,What are the top certified cotton seed brands in Pakistan?,en,cotton,seed_selection,"NIAB, CIM, and MNH series are among the top certified cotton seed varieties in Pakistan."
455,Kapas mein kitni baar khad dena zaroori hai?,ru,cotton,fertilizer_usage,"Kapas ko teen baar khad dena chahiye: beejai par, phoolon se pehle, aur tindayon ke waqt."
456,Pala kapas ki nai fasal ko nuksan pohnchaata hai?,ru,cotton,weather_impact,"Haan, 10 darje se neeche tapmaan naye kapas ke paudhon ko nuksan ya tabah kar sakta hai."
457,Organic tareeqe se kapas ki quality par kya asar hota hai?,ru,cotton,organic_farming,Organic kapas ka fiber naram hota hai aur premium textile markets mein iska zyada demand hai.
458,Kapas ko leaf curl virus lag jaye to kya kiya jaye?,ru,cotton,disease_management,"Seedha ilaj nahi, safed makkhi control karein aur agli baar resistant variety lagayein."
459,Can resistant varieties prevent cotton leaf curl virus?,en,cotton,disease_management,Resistant varieties significantly reduce damage but are not fully immune to leaf curl virus.
460,Which vegetables can be grown in winter in Pakistan?,en,generic,farming_advice,"Potato, carrot, spinach, peas, cauliflower, and onion grow well in Pakistani winters."
461,What machinery is used for cotton ginning in Pakistan?,en,cotton,farming_equipment,Roller gins and saw gins are used to separate cotton fiber from seeds in Pakistan.
462,What are the top certified cotton seed brands in Pakistan?,en,cotton,seed_selection,"NIAB, CIM, and MNH series are among the top certified cotton seed varieties in Pakistan."
463,Kapas ki beejai ka behtareen waqt kya hai?,ru,cotton,sowing_time,"Kapas ki beejai April ke aakhir se May tak karna behtareen hota hai, is waqt mitti garm hoti hai."
464,How does drought affect cotton yield in Pakistan?,en,cotton,weather_impact,"Drought during boll formation reduces boll size and fiber quality, causing significant yield loss."
465,Pakke kapas ke tindayon ki pehchaan kaise karein?,ru,cotton,harvesting,"Poori tarah khula hua safed fluffy tinda jis ka chilka bhoora khushk ho, todne ke liye tayaar hota hai."
466,How does timely weeding improve cotton production?,en,cotton,yield_improvement,Removing weeds in the first 6 weeks prevents yield loss of up to 40 percent in cotton.
467,Punjab mein kapas kab lagani chahiye?,ru,cotton,sowing_time,Punjab mein kapas April ke aakhir se May ke darmiyaan lagani chahiye.
468,Which cotton seed variety is best for high yield?,en,cotton,seed_selection,Certified BT cotton varieties like NIAB-878 or CIM-599 generally give high yields in Pakistan.
469,Kapas ke pattay peele kyon hojate hain?,ru,cotton,disease_management,"Patton ka peela hona nitrogen ki kami, paani bhar jaane, jad ki bimari ya leaf curl se ho sakta hai."
470,Kapas ke liye zameen mein naami kitni honi chahiye?,ru,cotton,soil_type,Kapas ki zameen mein 1 se 2 faised organic madda hona mufeed hota hai.
471,Pakistan mein soil health ke liye cover crops kaunse hain?,ru,generic,crop_rotation,"Guar, senji aur berseem zameen ki fertility aur banawat sudharne wali behtar cover crops hain."
472,What is the current cotton price in Pakistan?,en,cotton,market_price,Cotton prices fluctuate regularly; check local mandi rates or PCGA website for current market price.
473,How does water stress affect cotton boll development?,en,cotton,irrigation_schedule,Water stress during boll formation causes shedding and reduces boll size and fiber quality.
474,How does organic farming affect cotton fiber quality?,en,cotton,organic_farming,Organic cotton typically has softer fiber and is preferred by premium textile markets globally.
475,Can rain affect cotton quality during outdoor storage?,en,cotton,storage_methods,"Yes, outdoor storage without cover causes moisture absorption and fiber staining; always store indoors."
476,How many fertilizer doses does cotton crop need?,en,cotton,fertilizer_usage,"Cotton needs three main fertilizer doses: at sowing, at squaring, and at boll formation stage."
477,What wind speed can damage cotton plants?,en,cotton,weather_impact,Strong winds above 60 km/h can cause lodging and physical damage to mature cotton plants.
478,How does mulching help in water conservation?,en,generic,irrigation_methods,Mulching reduces soil evaporation by up to 50 percent and keeps soil moisture for longer.
479,Is cotton leaf curl disease curable after infection?,en,cotton,disease_management,No direct cure exists; manage by controlling whitefly and using tolerant varieties for next crop.
480,Which pesticide is most effective against cotton whitefly?,en,cotton,pest_control,Spiromesifen or buprofezin are effective against whitefly; rotate chemicals to prevent resistance.
481,Mashin se kapas ki todai Pakistan mein hoti hai?,ru,cotton,harvesting,Pakistan mein machine se todaai kam hoti hai; haath se todaai fiber quality ke liye behtar hai.
482,What causes sudden wilting of cotton plants in summer?,en,cotton,disease_management,Fusarium or Verticillium wilt fungi cause sudden wilting; heat and moisture stress worsen the symptoms.
483,Which cover crops help improve soil health in Pakistan?,en,generic,crop_rotation,"Guar, senji, and berseem are excellent cover crops that improve soil fertility and structure."
484,Does cloudy weather affect cotton photosynthesis?,en,cotton,weather_impact,Extended cloudy weather reduces boll filling and delays maturity in cotton crops.
485,Baarish mein kapas todne se quality par kya asar hota hai?,ru,cotton,harvesting,Baarish se khule tindayon mein daag par jaate hain aur grade kum ho jaata hai.
486,What is the last date to sow cotton in Multan?,en,cotton,sowing_time,"In Multan, May 31 is generally considered the last feasible date for cotton sowing."
487,Can rain during harvesting affect cotton quality?,en,cotton,harvesting,"Yes, rain on open bolls causes staining and reduces fiber grade; pick before expected rain."
488,Intercropping keeron ki roktham mein kaise madadgar hai?,ru,generic,pest_prevention,"Intercropping keeron ko confuse karta hai, mufeed hasharat laata hai aur ek fasal par attack kum karta hai."
489,Mulching se paani kaise bachta hai khet mein?,ru,generic,irrigation_methods,Mulch se 50 faised tak zameen se evaporation kum hoti hai aur naami zyada dair tak baqaaya rehti hai.
490,What are the early signs of cotton leaf curl virus?,en,cotton,disease_management,"Upward leaf curling, dark green veins, and small leaf size are the early signs of leaf curl virus."
491,Is April or May better for cotton plantation?,en,cotton,sowing_time,Late April to early May is generally best; planting too early in April risks cold nights damaging seedlings.
492,Why are my cotton plants stunted this season?,en,cotton,crop_growth,"Stunted cotton is often due to soil compaction, root rot, low fertility, or early pest damage."
493,Kapas ki patti murjhane ki bimari ka ilaj kya hai?,ru,cotton,disease_management,"Seedha ilaj nahi hai, resistant varieties lagayein, safed makkhi control karein aur beemar paudhay hata dein."
494,Kapas todne ke baad ghar par kahan rakhtay hain?,ru,cotton,storage_methods,"Khushk juut ke boron mein hawa-dar kamray mein rakhtay hain, naami aur keeron se door."
495,Should I press cotton into bales before storage?,en,cotton,storage_methods,Baling improves storage density and reduces fire risk; use standard bale sizes for mandi selling.
496,Kapas par kon sa khad dena chahiye behtar paidal ke liye?,ru,cotton,fertilizer_usage,Beejai ke waqt DAP aur baad mein urea ki qastein dena kapas ke liye behtareen khad hai.
497,When is the most critical irrigation time for cotton?,en,cotton,irrigation_schedule,The most critical irrigation is at flowering and boll formation stages to ensure maximum yield.
498,What are the main growth stages of cotton plant?,en,cotton,crop_growth,"Cotton growth stages are: germination, seedling, squaring, flowering, boll formation, and boll opening."
499,Is potassium fertilizer necessary for cotton plants?,en,cotton,fertilizer_usage,"Yes, potassium improves fiber quality and boll weight; apply SOP at boll formation stage."
500,What happens to cotton if it rains during flowering?,en,cotton,weather_impact,Rain during flowering can cause flower drop and increase disease risk; spray fungicide after rain.
501,What is the impact of climate change on crop yields?,en,generic,weather_effects,Climate change brings erratic rainfall and higher temperatures that reduce crop yields in Pakistan.
502,Kapas ke paudhay ug aane ke baad kitni jaldi barhte hain?,ru,cotton,crop_growth,Kapas 5 se 7 din mein ug aata hai aur 6 se 8 haftay mein pura canopy ban jaata hai.
503,Ek acre mein kitne kapas ke paudhay lagane chahiye?,ru,cotton,yield_improvement,"Ek acre mein 10,000 se 12,000 paudhay lagana behtareen paidawar ke liye mana jaata hai."
504,Can cotton survive frost in early growing season?,en,cotton,weather_impact,Cotton is sensitive to frost; temperatures below 10°C can damage or kill young cotton seedlings.
505,Kapas par spray ke liye kaunsa pump behtar hai?,ru,cotton,farming_equipment,Bada boom sprayer zyada zemin ke liye behtar hai; chhotay khet ke liye knapsack pump kaafi hai.
506,What temperature is needed before sowing cotton?,en,cotton,sowing_time,Soil temperature should be at least 18°C before sowing cotton for good germination.
507,Ridge par kapas lagana behtar hai ya seedha zameen par?,ru,cotton,farming_equipment,Ridge par kapas lagana drainage aur hawa ke liye behtar hai khaas tor par bhaari zameen mein.
508,Can intercropping reduce cotton yield per plant?,en,cotton,yield_improvement,"Yes, intercropping can compete for nutrients; choose compatible crops and manage resources carefully."
509,How does high humidity affect cotton disease incidence?,en,cotton,weather_impact,High humidity promotes fungal and bacterial diseases; ensure proper plant spacing for air circulation.
510,What is the irrigation schedule for cotton in July?,en,cotton,irrigation_schedule,"In July, irrigate every 10 days as high temperatures increase cotton water demand."
511,What organic matter improves water retention in soil?,en,generic,soil_health,Compost and farm yard manure significantly improve water holding capacity of sandy soils.
512,Kapas ke badhwaar ke mukhtalif marhalay kaun se hain?,ru,cotton,crop_growth,"Ugna, naiya paudha, bud banna, phool khilna, tinda banna aur tinda kholna kapas ke marhalay hain."
513,What temperature is needed before sowing cotton?,en,cotton,sowing_time,Soil temperature should be at least 18°C before sowing cotton for good germination.
514,How to identify mature cotton bolls for picking?,en,cotton,harvesting,Fully open white fluffy bolls with dry brown shell are ready for picking.
515,Kapas lagane se pehle baarish ka intezaar karein ya nahi?,ru,cotton,sowing_time,"Baarish ka intezaar na karein, halki pre-sowing irrigation deke beejai kar dein."
516,Kapas ko zinc ki kami se kaise bachayein?,ru,cotton,fertilizer_usage,Pehli irrigation par 5 kg zinc sulphate per acre dein ya foliar spray karein.
517,How to handle cotton after picking to maintain quality?,en,cotton,harvesting,Spread picked cotton in shade for a few hours then pack in clean dry bags immediately.
518,What micronutrients does cotton crop need for growth?,en,cotton,fertilizer_usage,Zinc and boron are the most critical micronutrients for cotton growth and boll development.
519,What is the best time to apply SOP to cotton?,en,cotton,fertilizer_usage,Apply SOP at the beginning of boll formation stage for best fiber quality improvement.
520,What practices improve cotton boll count per plant?,en,cotton,yield_improvement,"Balanced fertilization, timely pest control, and proper irrigation during flowering improve boll count."
521,What is the best practice for furrow irrigation?,en,generic,irrigation_methods,Make uniform furrows of 60 to 75 cm width and ensure water advances at steady pace to field end.
522,How does crop rotation improve soil nutrients naturally?,en,generic,crop_rotation,"Different crops use and release different nutrients, keeping soil balanced and reducing pest buildup."
523,Fasal badli karne se zameen ke ghizayi ajza kaise barhte hain?,ru,generic,crop_rotation,Mukhtalif faslain alag ghizayi ajza use karti aur chordi hain jis se zameen mutawazan rehti hai.
524,Which neem-based spray works on cotton pests?,en,cotton,pest_control,Neem extract spray at 0.5 percent concentration helps suppress sucking pests on cotton plants.
525,Kapas ke liye organic khad kaunsi behtar hai?,ru,cotton,organic_farming,"Gobar ki khaad, compost aur vermicompost zameen ko behtar banate hain aur kapas ke liye mufeed hain."
526,What sprayer is best for cotton pesticide application?,en,cotton,farming_equipment,A motorized boom sprayer covers large area efficiently; knapsack sprayer works for small fields.
527,Pakistan mein barani ilaqon ke liye kaunsi fasal behtar hai?,ru,generic,farming_advice,"Jowar, bajra, mungphali aur moong Pakistan ke barani ilaqon ke liye behtar fasalaat hain."
528,How to prevent pesticide resistance in cotton pests?,en,cotton,pest_control,Rotate between chemical classes every spray to prevent resistance buildup in cotton pests.
529,Which tractor attachment is best for cotton sowing?,en,cotton,farming_equipment,A ridger-cum-planter or cotton planter attachment gives uniform seed placement and spacing.
530,How can I start organic farming on small land?,en,generic,farming_advice,"Start with compost, reduce chemicals gradually, use neem sprays, and choose disease-resistant varieties."
531,Chhotay khet ke liye drip irrigation system kaunsa achha hai?,ru,generic,irrigation_methods,Inline drip system chhotay kheeton ke liye behtar hai aur paani ki bachat bhi zyada hoti hai.
532,Reti wali zameen mein kapas lag sakti hai?,ru,cotton,soil_type,"Haan, reti loam zameen kapas ke liye mufeed hai kyunkay paani rukta nahi aur jaldi garm hoti hai."
533,How do I know when cotton plant needs water?,en,cotton,irrigation_schedule,Slight drooping of upper leaves in the evening is a reliable sign cotton plant needs irrigation.
534,How late can I sow cotton and still get good yield?,en,cotton,sowing_time,Cotton sown after June 15 faces reduced boll count and lower yield due to shorter growing season.
535,What precautions should I take during hot dry winds?,en,cotton,weather_impact,Irrigate more frequently during loo conditions and apply potassium spray to reduce heat stress.
536,What are the signs of nitrogen deficiency in crops?,en,generic,fertilizer_guidance,Yellowing of older leaves starting from leaf tip is the most common sign of nitrogen deficiency.
537,Chikni zameen kapas ki jarh ko kaise mutasir karti hai?,ru,cotton,soil_type,Chikni zameen mein jarh ki nishonuma ruk jaati hai; organic madda milana zaroor hai.
538,Should I use treated seeds for cotton plantation?,en,cotton,seed_selection,"Yes, treated seeds protect against seedling diseases and improve germination uniformity."
539,Phoolon ke waqt baarish se kapas ka kya nuksan hota hai?,ru,cotton,weather_impact,Phoolon ke waqt baarish se phool girte hain aur bimari ka khatra barhta hai; baad mein fungicide spray karein.
540,What is the effect of drought on wheat production?,en,generic,weather_effects,Drought during grain filling stage significantly reduces wheat grain weight and total yield.
541,Pakistan mein kapas ka paudha kitna uncha hota hai?,ru,cotton,crop_growth,Achhe intizaam mein Pakistan mein kapas 90 se 120 cm uncha hota hai.
542,What fertilizer schedule should I follow for cotton?,en,cotton,fertilizer_usage,"Apply DAP at sowing, urea at thinning, and potash at boll formation for best results."
543,How long after flowering does cotton boll mature?,en,cotton,harvesting,Cotton bolls typically mature 45 to 60 days after flowering under normal conditions.
544,What role does humidity play in cotton disease spread?,en,cotton,disease_management,High humidity promotes fungal and bacterial disease spread in cotton; ensure good field ventilation.
545,What causes slow growth in cotton seedlings?,en,cotton,crop_growth,"Cold soil, nutrient deficiency, poor drainage, or seedling disease can cause slow cotton seedling growth."
546,Kapas ko pani dene ka behtareen waqt kaunsa hai din mein?,ru,cotton,irrigation_schedule,Subah sawera ya shaam ko pani dena behtar hai taakay evaporation kam ho.
547,What foliar spray can improve cotton boll formation?,en,cotton,fertilizer_usage,Boron and zinc foliar spray at flowering stage helps improve boll set and fiber development.
548,How tall does cotton plant grow in Pakistan?,en,cotton,crop_growth,Cotton plants typically grow 90 to 120 cm tall under good management in Pakistan.
549,Kapas mein nami se kya masail aate hain?,ru,cotton,storage_methods,Zyada naami se phaphoond lag jaati hai aur fiber ka rang aur grade kharab hota hai.
550,Ghar par zameen ka pH sasta tareeqa se kaise check karein?,ru,generic,soil_health,Zara'at ki dukaan se sasta pH testing kit mil jaata hai jo jaldi sahi nataij deta hai.
551,Kapas ke pattay mein bollworm ke anday kaise pehchantein?,ru,cotton,pest_control,"Bollworm ke anday chhote, gol, cream rang ke hote hain, pattay ki upar wali sidd par milte hain."
552,What causes sudden wilting of cotton plants in summer?,en,cotton,disease_management,Fusarium or Verticillium wilt fungi cause sudden wilting; heat and moisture stress worsen the symptoms.
553,How does temperature variation affect cotton fiber quality?,en,cotton,weather_impact,Cold nights slow boll development and reduce fiber length and strength in cotton.
554,Which chemicals help control seedling diseases in cotton?,en,cotton,disease_management,Seed treatment with thiram or carbendazim before sowing protects cotton seedlings from damping-off.
555,Kapas ki boll galne ki bimari ka spray kya hai?,ru,cotton,disease_management,Mancozeb ya copper oxychloride spray boll rot ko kaafi had tak rokta hai.
556,What time of day is best for cotton picking?,en,cotton,harvesting,"Early morning picking when dew has dried is best for clean, good quality cotton fiber."
557,Kapas ke khet ke liye compost kaise banayein ghar par?,ru,cotton,organic_farming,"Fasal ki bacha kucha, janwaron ki meng aur kitchen waste milaein; 2 se 3 mahine mein tayaar ho jaati hai."
558,Which fertilizer is best for vegetable gardens?,en,generic,fertilizer_guidance,A balanced NPK fertilizer combined with compost gives good results for most vegetable crops.
559,What is the best time to apply SOP to cotton?,en,cotton,fertilizer_usage,Apply SOP at the beginning of boll formation stage for best fiber quality improvement.
560,Kapas ki paidawar barhane ka tareeqa kya hai?,ru,cotton,yield_improvement,"Certified beej, sahi faasla, waqt par pani, aur mutawazan khad se paidawar behtar hoti hai."
561,Khara paani wali zameen mein kapas ho sakti hai?,ru,cotton,soil_type,Kapas thodi khaaraapan bardasht kar leti hai par shadeed namkeen zameen mein paidawar kam hoti hai.
562,How to manage frost damage to vegetable crops?,en,generic,weather_effects,"Cover plants with cloth at night, irrigate before frost, and apply potassium spray to reduce frost damage."
563,Should I irrigate cotton before or after fertilizer application?,en,cotton,irrigation_schedule,Irrigate after applying fertilizer to help nutrients move into the root zone effectively.
564,What is the correct way to apply urea fertilizer?,en,generic,fertilizer_guidance,"Apply urea in splits, broadcast on moist soil, and avoid surface application during hot windy weather."
565,How does Alternaria leaf spot spread in cotton?,en,cotton,disease_management,Alternaria spreads through infected seeds and air; spray mancozeb as a preventive measure.
566,Maashmi tabdeeli se fasalaat ki paidawar par kya asar hota hai?,ru,generic,weather_effects,Irregular barishen aur barhta tapmaan Pakistan mein fasalaat ki paidawar ko mutasir kar raha hai.
567,Safed makkhi aur tela dono ke liye ek spray kaunsa hai?,ru,cotton,pest_control,Flonicamid ya spiromesifen dono safed makkhi aur tela ke liye mil kar kaam karte hain.
568,Kapas ka behtareen beej kaunsa hai zyada paidawar ke liye?,ru,cotton,seed_selection,NIAB-878 aur CIM-599 Pakistan mein sabse zyada paidawar dene wali certified kapas ki varieties hain.
569,What is the recommended sowing window for cotton crop?,en,cotton,sowing_time,The recommended sowing window is from April 25 to May 31 for most cotton-growing areas.
570,Sarkari tajweez shuda kapas ke beej kaunse hain?,ru,cotton,seed_selection,"NIAB, CIM aur MNH series ke beej Pakistan mein sarkari tajweez shuda hain."
571,Ghas nikalna kapas ki paidawar ke liye zaroori hai?,ru,cotton,yield_improvement,"Haan, pehle 6 haftay ghas nikalna 40 faised tak paidawar barbaad hone se bachata hai."
572,Tez hawa kapas ke paudhon ko kaise nuksan deti hai?,ru,cotton,weather_impact,60 km/h se tez hawa kapas ke pake paudhon ko giraa sakti hai aur physical nuksan pahunchaa sakti hai.
573,Sabziyaat ke liye sabse achha khad kaunsa hota hai?,ru,generic,fertilizer_guidance,Mutawazan NPK khad compost ke saath mila kar dena sabziyaat ke liye behtar nataa deta hai.
574,How to prevent fungal diseases in vegetable crops?,en,generic,pest_prevention,"Use disease-free seeds, improve air circulation, and apply copper-based fungicide as prevention."
575,How can I increase cotton yield per acre?,en,cotton,yield_improvement,"Use certified varieties, optimal plant spacing, timely irrigation, and balanced fertilization for higher yield."
576,What is the impact of seed treatment on cotton yield?,en,cotton,yield_improvement,"Seed treatment reduces seedling mortality and improves plant stand, leading to 10 to 15 percent higher yield."
577,What is the role of earthworms in soil health?,en,generic,soil_health,"Earthworms improve soil aeration, drainage, and nutrient availability by burrowing and breaking down organic matter."
578,Can cotton grow well in sandy loam soil?,en,cotton,soil_type,"Yes, sandy loam soil is ideal for cotton as it drains well and warms up quickly."
579,How does temperature variation affect cotton fiber quality?,en,cotton,weather_impact,Cold nights slow boll development and reduce fiber length and strength in cotton.
580,Khara paani wali zameen mein kapas ho sakti hai?,ru,cotton,soil_type,Kapas thodi khaaraapan bardasht kar leti hai par shadeed namkeen zameen mein paidawar kam hoti hai.
581,Kisaan sarkari subsidy se kaise faida utha sakte hain?,ru,generic,farming_advice,"Local zara'at department mein registration karaein subsidized inputs, qarzay aur insurance ke liye."
582,How late can I sow cotton and still get good yield?,en,cotton,sowing_time,Cotton sown after June 15 faces reduced boll count and lower yield due to shorter growing season.
583,How can farmers benefit from government subsidy programs?,en,generic,farming_advice,"Register with local agriculture department to access subsidized inputs, loans, and insurance schemes."
584,Kapas lagane se pehle zameen ka test kaise karein?,ru,cotton,soil_type,Zameen ka numuna karib ki zara'at lab ko bhejein NPK aur micronutrients jaanchne ke liye.
585,Kapas ka beej kharidte waqt kya dekhna chahiye?,ru,cotton,seed_selection,"Certified label, germination rate aur beejai ki taareekh zaroor check karein beej khariidte waqt."
586,What is the interval between two cotton irrigations?,en,cotton,irrigation_schedule,Keep 10 to 15 day intervals between irrigations depending on soil type and weather conditions.
587,Ghas nikalna kapas ki paidawar ke liye zaroori hai?,ru,cotton,yield_improvement,"Haan, pehle 6 haftay ghas nikalna 40 faised tak paidawar barbaad hone se bachata hai."
588,Kapas ke paudhay ki topping se faida hota hai?,ru,cotton,yield_improvement,Topping se badhwaar tindayon ki taraf concentrate hoti hai aur wazn aur pakwaan behtar hoti hai.
589,When should I apply DAP fertilizer to cotton crop?,en,cotton,fertilizer_usage,Apply DAP at the time of sowing or just before to provide phosphorus for root development.
590,Integrated pest management kya hai aur kaise kaam karta hai?,ru,generic,pest_prevention,"IPM cultural, biological aur chemical tareeqon ko mila kar keeron ko munasib tareeqe se control karta hai."
591,Kapas ki paidawar barhane ka tareeqa kya hai?,ru,cotton,yield_improvement,"Certified beej, sahi faasla, waqt par pani, aur mutawazan khad se paidawar behtar hoti hai."
592,Should I wait for rain before sowing cotton seeds?,en,cotton,sowing_time,Light pre-sowing irrigation is sufficient; do not wait too long for rain as it delays the optimal sowing window.
593,Should I use treated seeds for cotton plantation?,en,cotton,seed_selection,"Yes, treated seeds protect against seedling diseases and improve germination uniformity."
594,Khushk mausam mein kapas ki paidawar kaise mutasir hoti hai?,ru,cotton,weather_impact,Tindayon ke waqt paani na milne se tindaay chhote reh jaate hain aur fiber quality kharab hoti hai.
595,How should I store cotton after harvesting at home?,en,cotton,storage_methods,Store cotton in dry jute bags in a well-ventilated room away from moisture and insects.
596,Kapas mein phool kab aana shuru hote hain?,ru,cotton,crop_growth,Germination ke 35 se 45 din baad kapas mein flower buds yaani squares banna shuru hote hain.
597,Kapas lagane se pehle baarish ka intezaar karein ya nahi?,ru,cotton,sowing_time,"Baarish ka intezaar na karein, halki pre-sowing irrigation deke beejai kar dein."
598,Which neem-based spray works on cotton pests?,en,cotton,pest_control,Neem extract spray at 0.5 percent concentration helps suppress sucking pests on cotton plants.
599,How to protect cotton from hailstorm damage?,en,cotton,weather_impact,Hailstorm damage cannot be fully prevented; apply boron and micronutrient spray after the storm.
600,SOP kapas mein kab dena chahiye?,ru,cotton,fertilizer_usage,SOP tinda banne ki shuruaat mein dena chahiye fiber quality behtar karne ke liye.
601,Pakistan mein reti wali zameen mein kaunsi fasal achhi hoti hai?,ru,generic,farming_advice,"Tarbooz, kharbooza, mungphali aur jowar reti wali zameen mein paani dene par achha kaam karte hain."
602,Which weeks in April are best for cotton sowing?,en,cotton,sowing_time,The last two weeks of April are best for cotton sowing in most Pakistani regions.
603,How to identify bollworm eggs on cotton leaves?,en,cotton,pest_control,"Bollworm eggs are small, round, cream-colored dots found on upper leaf surface and cotton bolls."
604,Chhotay kisan crop rotation se kaise faida uthayein?,ru,generic,crop_rotation,Anaj ke baad dalhan lagana zameen mein nitrogen restore karta hai aur paidawar barhata hai.
605,What growth regulator helps increase cotton yield?,en,cotton,yield_improvement,Mepiquat chloride at squaring stage controls excessive vegetative growth and improves boll retention.
606,Khraab zameen ko kapas ke liye behtar kaise banayein?,ru,cotton,soil_type,"Gobar ki khaad, crop rotation aur hara khad mila kar zameen ki quality behtar karein."
607,Can rain during harvesting affect cotton quality?,en,cotton,harvesting,"Yes, rain on open bolls causes staining and reduces fiber grade; pick before expected rain."
608,Gandum se pehle dalhan ugane ka kya faida hai?,ru,generic,crop_rotation,Dalhan fizaai nitrogen zameen mein lagati hai aur zameen ki banawat behtar karti hai gandum ke liye.
609,Drip irrigation flood irrigation se behtar kyon hai?,ru,generic,irrigation_methods,"Drip se 40 se 60 faised paani bachta hai, seedha jarh ko milta hai aur ghas bhi kam ati hai."
610,Zyada pani dene se kapas ki jad ko nuksan hota hai?,ru,cotton,irrigation_schedule,"Haan, zyada pani dene se jarhen sadi hoti hain; khaas tor par chikni zameen mein ihtiyaat rakhein."
611,Pakke kapas ke tindayon ki pehchaan kaise karein?,ru,cotton,harvesting,"Poori tarah khula hua safed fluffy tinda jis ka chilka bhoora khushk ho, todne ke liye tayaar hota hai."
612,BT kapas ka beej kahan se khareedna chahiye?,ru,cotton,seed_selection,Sarkari tajweez shuda dealeroin ya NIAB ya CIM ke authorized agents se BT beej khareedein.
613,Kapas mein Alternaria bimari kaise phailti hai?,ru,cotton,disease_management,Alternaria infected beej aur hawa se phailti hai; bachao ke liye mancozeb spray karein.
614,Sabziyaat ki fungal bimariyon ko kaise rokein?,ru,generic,pest_prevention,"Disease-free beej use karein, hawa ki aawajahi behtar rakhein aur copper fungicide bachao mein spray karein."
615,What organic fertilizers work best for cotton crop?,en,cotton,organic_farming,"Farm yard manure, compost, and vermicompost improve soil fertility and work well for cotton."
616,Kapas ko pani kitni dafa dena chahiye ek mausam mein?,ru,cotton,irrigation_schedule,"Kapas ko aam tor par pura mausam 6 se 8 pani chahiye, baarish par munihasar hai."
617,What is the benefit of using FYM in farming?,en,generic,soil_health,"Farm yard manure improves soil structure, water retention, nutrient supply, and overall crop health."
618,Mulching se paani kaise bachta hai khet mein?,ru,generic,irrigation_methods,Mulch se 50 faised tak zameen se evaporation kum hoti hai aur naami zyada dair tak baqaaya rehti hai.
619,What fungicide should I use for cotton wilt disease?,en,cotton,disease_management,Carbendazim or thiophanate-methyl soil drench helps manage fungal wilt in cotton fields.
620,How to apply zinc fertilizer to cotton fields?,en,cotton,fertilizer_usage,Apply zinc sulphate at 5 kg per acre in soil or use foliar spray at first irrigation.
621,Kapas mein bacterial blight ki roktham kaise karein?,ru,cotton,disease_management,Copper wali dawa lagayein aur certified beej use karein; upar se pani dene se bimari phailti hai.
622,Safed makkhi ke liye kapas par kon sa spray karein?,ru,cotton,pest_control,"Spiromesifen ya buprofezin safed makkhi ke liye kaargaar hai, chemical badal badle use karein."
623,Sabziyaat ke liye sabse achha khad kaunsa hota hai?,ru,generic,fertilizer_guidance,Mutawazan NPK khad compost ke saath mila kar dena sabziyaat ke liye behtar nataa deta hai.
624,Kapas ko pani ki zaroorat hai kaise pata chalega?,ru,cotton,irrigation_schedule,Shaam ko upar ke patton ka thoda murjhana yeh batata hai ke pani dene ka waqt aa gaya hai.
625,What growth regulator helps increase cotton yield?,en,cotton,yield_improvement,Mepiquat chloride at squaring stage controls excessive vegetative growth and improves boll retention.
626,What is the best chemical for pink bollworm in cotton?,en,cotton,pest_control,Emamectin benzoate is highly effective against pink bollworm; spray at first trap catch.
627,Pani ki kami se kapas ke tiinday par kya asar hota hai?,ru,cotton,irrigation_schedule,Tindayon ke waqt pani ki kami se tindaay girte hain aur fiber ki quality kharab hoti hai.
628,How much urea should I apply per acre for cotton?,en,cotton,fertilizer_usage,Apply 1 to 1.5 bags of urea per acre split in two or three doses during cotton growth.
629,Kapas ki fasal mein wilt bimari ka fungicide kya hai?,ru,cotton,disease_management,Carbendazim ya thiophanate-methyl ka soil drench fungal wilt control karne mein madadgar hai.
630,How to identify bollworm eggs on cotton leaves?,en,cotton,pest_control,"Bollworm eggs are small, round, cream-colored dots found on upper leaf surface and cotton bolls."
631,How to make compost for cotton field application?,en,cotton,organic_farming,"Mix crop residues, animal dung, and kitchen waste; compost for 2 to 3 months before application."
632,How to control bacterial blight in cotton crop?,en,cotton,disease_management,Use copper-based bactericides and disease-free certified seeds; avoid overhead irrigation to reduce spread.
633,How long can harvested cotton be stored safely?,en,cotton,storage_methods,Properly stored cotton can maintain quality for 3 to 6 months without significant grade loss.
634,Sabzi ki kasht ke liye zameen tayaar karne ka tareeqa?,ru,generic,farming_advice,"Gahri jotai karein, compost milayein, zameen baraabar karein aur paudhay lagane se pehle raised beds banayein."
635,What is the effect of drought on wheat production?,en,generic,weather_effects,Drought during grain filling stage significantly reduces wheat grain weight and total yield.
636,What causes sudden wilting of cotton plants in summer?,en,cotton,disease_management,Fusarium or Verticillium wilt fungi cause sudden wilting; heat and moisture stress worsen the symptoms.
637,Which market is best for selling cotton in Punjab?,en,cotton,market_price,"Multan, Bahawalpur, and Faisalabad mandis are major cotton trading centers in Punjab."
638,What soil depth is required for cotton root penetration?,en,cotton,soil_type,"Cotton roots need at least 60 to 90 cm of loose, well-drained soil for proper development."
639,What crops are suitable for rain-fed farming in Pakistan?,en,generic,farming_advice,"Sorghum, millet, groundnut, and moong bean grow well under rainfed conditions in Pakistan."
640,Kya seedha textile mill ko kapas bech sakte hain?,ru,cotton,market_price,"Haan, seedha textile mill ko bechna zyada munafa deta hai agar tadaad kaafi ho."
641,What is the best time of day to irrigate cotton?,en,cotton,irrigation_schedule,Irrigating in the early morning or evening reduces evaporation and improves water use efficiency.
642,Kapas behtar daam par kahan bech sakte hain?,ru,cotton,market_price,Registered mandi ya seedha ginning factory par; bechne se pehle do teen jagah bhaav zaroor maloom karein.
643,Vermicompost kapas ki zameen ke liye mufeed hai?,ru,cotton,organic_farming,"Haan, 2 tonne per acre vermicompost zameen ki badawat aur kapas ke paudhay ki sehat behtar karta hai."
644,BT kapas ka beej kahan se khareedna chahiye?,ru,cotton,seed_selection,Sarkari tajweez shuda dealeroin ya NIAB ya CIM ke authorized agents se BT beej khareedein.
645,Kapas mein tela keere ka ilaj kya hai?,ru,cotton,pest_control,Imidacloprid ya acetamiprid ka spray tela keere par bohot asar karta hai.
646,Which vegetables can be grown in winter in Pakistan?,en,generic,farming_advice,"Potato, carrot, spinach, peas, cauliflower, and onion grow well in Pakistani winters."
647,Kapas mein kitni baar khad dena zaroori hai?,ru,cotton,fertilizer_usage,"Kapas ko teen baar khad dena chahiye: beejai par, phoolon se pehle, aur tindayon ke waqt."
648,Reti wali zameen mein kapas lag sakti hai?,ru,cotton,soil_type,"Haan, reti loam zameen kapas ke liye mufeed hai kyunkay paani rukta nahi aur jaldi garm hoti hai."
649,Which cotton variety matures earliest in the season?,en,cotton,seed_selection,Early maturing varieties like CIM-496 help farmers in areas with shorter growing seasons.
650,What nutrients support vegetative growth in cotton?,en,cotton,crop_growth,Nitrogen and phosphorus are the main nutrients supporting early vegetative growth in cotton.
651,How tall does cotton plant grow in Pakistan?,en,cotton,crop_growth,Cotton plants typically grow 90 to 120 cm tall under good management in Pakistan.
652,Potash khad kapas ke liye zaroori hai ya nahi?,ru,cotton,fertilizer_usage,"Haan, potash fiber ki quality aur tindayon ka wazn barhata hai; SOP tinda lagane par dein."
653,Pakistan mein barani ilaqon ke liye kaunsi fasal behtar hai?,ru,generic,farming_advice,"Jowar, bajra, mungphali aur moong Pakistan ke barani ilaqon ke liye behtar fasalaat hain."
654,Kapas mein growth regulator se paidawar barhti hai?,ru,cotton,yield_improvement,Mepiquat chloride phoolon ke waqt dena zyada badhwaar rokta hai aur tindaay zyada bante hain.
655,How many bolls per plant is considered good cotton yield?,en,cotton,yield_improvement,Retaining 10 to 14 mature bolls per plant is considered a good yield target for cotton.
656,Paudhon mein ghizayi kami ki alamaat kaise pehchantein?,ru,generic,fertilizer_guidance,"Peela patta nitrogen ki kami, banafsh rang phosphorus ki aur pattay ke kinaaray bhure hone ka matlab potassium ki kami."
657,How do I know when cotton plant needs water?,en,cotton,irrigation_schedule,Slight drooping of upper leaves in the evening is a reliable sign cotton plant needs irrigation.
658,What month is ideal for cotton sowing in Sindh?,en,cotton,sowing_time,"In Sindh, April is the ideal month for cotton sowing due to warmer soil temperatures."
659,Zameen ki khaaraapan ki wajah kya hai aur ilaj kya hai?,ru,generic,soil_health,Kharaab drainage aur ghair standard pani khaaraapan badhata hai; achhe pani se leaching aur gypsum madadgar hai.
660,Which market is best for selling cotton in Punjab?,en,cotton,market_price,"Multan, Bahawalpur, and Faisalabad mandis are major cotton trading centers in Punjab."
661,What is the recommended NPK ratio for cotton farming?,en,cotton,fertilizer_usage,"A ratio of 1.5 bags urea, 1 bag DAP, and 0.5 bag SOP per acre is generally recommended."
662,Fasal mein nitrogen ki kami ki alamaat kya hoti hain?,ru,generic,fertilizer_guidance,"Purane pattay ka peela hona, khaas tor par pattay ki nok se shuru ho, nitrogen ki kami ki nishani hai."
663,Kapas par kon sa khad dena chahiye behtar paidal ke liye?,ru,cotton,fertilizer_usage,Beejai ke waqt DAP aur baad mein urea ki qastein dena kapas ke liye behtareen khad hai.
664,Does soil structure affect cotton plant establishment?,en,cotton,soil_type,"Yes, loose and friable soil improves germination, rooting, and early plant establishment in cotton."
665,How can I test cotton seed germination before planting?,en,cotton,seed_selection,Place 10 seeds on a wet cloth for 5 days; 7 or more sprouting indicates good germination.
666,How many irrigations does cotton need in flowering stage?,en,cotton,irrigation_schedule,Give 2 to 3 irrigations at 10-day intervals during the critical flowering stage.
667,What documents do I need to sell cotton at mandi?,en,cotton,market_price,"Bring your CNIC, land ownership document, and quality certificate from ginning unit if available."
668,Kapas ko pani dene ka behtareen waqt kaunsa hai din mein?,ru,cotton,irrigation_schedule,Subah sawera ya shaam ko pani dena behtar hai taakay evaporation kam ho.
669,Zinc ki kami fasal par kya asar dalti hai?,ru,generic,fertilizer_guidance,"Zinc ki kami se enzymes kaam nahi karte, daana nahi bharta aur aam paidawar kum ho jaati hai."
670,Which cotton seed variety is best for high yield?,en,cotton,seed_selection,Certified BT cotton varieties like NIAB-878 or CIM-599 generally give high yields in Pakistan.
671,Kapas ki beejai ka mausam kab khatam hojata hai?,ru,cotton,sowing_time,Kapas ki beejai ka behtareen mausam 31 May ko khatam hota hai.
672,Kapas behtar daam par kahan bech sakte hain?,ru,cotton,market_price,Registered mandi ya seedha ginning factory par; bechne se pehle do teen jagah bhaav zaroor maloom karein.
673,What is the interval between two cotton irrigations?,en,cotton,irrigation_schedule,Keep 10 to 15 day intervals between irrigations depending on soil type and weather conditions.
674,Integrated pest management kya hai aur kaise kaam karta hai?,ru,generic,pest_prevention,"IPM cultural, biological aur chemical tareeqon ko mila kar keeron ko munasib tareeqe se control karta hai."
675,Kapas beej ki germination test ghar par kaise karein?,ru,cotton,seed_selection,"10 beej geeli kapas par rakhein, 5 din mein 7 ya zyada ugtay hain to germination theek hai."
676,Can cotton tolerate waterlogging after heavy rains?,en,cotton,weather_impact,Cotton cannot tolerate waterlogging beyond 2 days; open drainage channels immediately after heavy rain.
677,What safety measures should I follow while spraying cotton?,en,cotton,pest_control,"Wear protective clothing, gloves, and mask; spray downwind and wash hands after spraying cotton."
678,Kapas ke pattay mein bollworm ke anday kaise pehchantein?,ru,cotton,pest_control,"Bollworm ke anday chhote, gol, cream rang ke hote hain, pattay ki upar wali sidd par milte hain."
679,How does crop rotation improve soil nutrients naturally?,en,generic,crop_rotation,"Different crops use and release different nutrients, keeping soil balanced and reducing pest buildup."
680,What is the difference between hybrid and BT cotton seeds?,en,cotton,seed_selection,BT cotton has insect resistance genes; hybrid varieties are bred for vigor but may lack built-in pest resistance.
681,What machinery is used for cotton ginning in Pakistan?,en,cotton,farming_equipment,Roller gins and saw gins are used to separate cotton fiber from seeds in Pakistan.
682,Which cover crops help improve soil health in Pakistan?,en,generic,crop_rotation,"Guar, senji, and berseem are excellent cover crops that improve soil fertility and structure."
683,Can cotton be grown successfully in waterlogged soil?,en,cotton,soil_type,"No, waterlogged soil causes root rot; improve drainage before planting cotton."
684,Kharpatwar ka control chemical ke baghair kaise karein?,ru,generic,farming_advice,"Haath se nikalna, mulch lagana aur kam faasle par beejai karna ghas ko qudrati tor par rokti hai."
685,How to protect crops from unseasonal rains?,en,generic,weather_effects,Raise field beds for drainage and apply protective fungicide spray before expected rain.
686,Can cotton be sown in sandy soil during April?,en,cotton,sowing_time,"Yes, sandy soil warms faster and April sowing works well if irrigation is managed carefully."
687,What causes sudden wilting of vegetable plants?,en,generic,pest_prevention,"Sudden wilting is often caused by fusarium wilt, root rot, or severe pest attack at root zone."
688,Kapas mein pesticide ka kharcha kam karne ka tareeqa kya hai?,ru,cotton,pest_control,"Har hafte khet check karein aur sirf zaroorat par spray karein, IPM apnayein kharcha bachane ke liye."
689,How does plant spacing affect cotton yield?,en,cotton,yield_improvement,Keep 75 cm between rows and 30 cm between plants for optimal light and air distribution.
690,When should I plant cotton seeds in Punjab?,en,cotton,sowing_time,"In Punjab, cotton seeds should be planted from late April to mid-May for optimal results."
691,How to protect cotton from thrips infestation?,en,cotton,pest_control,Apply spinosad or imidacloprid spray at first signs of thrips; avoid over-spraying beneficial insects.
692,How to manage irrigation during cotton boll opening?,en,cotton,irrigation_schedule,Reduce irrigation frequency during boll opening to promote uniform opening and maintain fiber quality.
693,How does high humidity affect cotton disease incidence?,en,cotton,weather_impact,High humidity promotes fungal and bacterial diseases; ensure proper plant spacing for air circulation.
694,Pakistan mein kapas ka paudha kitna uncha hota hai?,ru,cotton,crop_growth,Achhe intizaam mein Pakistan mein kapas 90 se 120 cm uncha hota hai.
695,Sarkar ne kapas ka support price kya rakha hai?,ru,cotton,market_price,Sarkar har mausam mein support price tarakhti hai; local zara'at office se jadeed rate poochein.
696,Kapas ke keedon ke liye biological spray kaunsa milta hai?,ru,cotton,organic_farming,"Beauveria bassiana, NPV aur neem se banay products kapas ke keedon ke liye biological options hain."
697,Can drip irrigation be used for cotton farming?,en,cotton,irrigation_schedule,"Yes, drip irrigation saves 30 to 40 percent water and improves cotton yield and quality."
698,How to separate cotton from bolls without damage?,en,cotton,harvesting,Hand pick during dry morning hours; avoid pulling hard to prevent fiber breakage.
699,How to identify bollworm eggs on cotton leaves?,en,cotton,pest_control,"Bollworm eggs are small, round, cream-colored dots found on upper leaf surface and cotton bolls."
700,How to control bollworm attack on cotton crop?,en,cotton,pest_control,Spray recommended insecticides like emamectin or profenofos at early infestation signs and repeat in 7 days.
701,What is the best BT cotton seed available in Pakistan?,en,cotton,seed_selection,NIAB-878 and CIM-599 are among the top certified BT cotton seeds available in Pakistan.
702,How does heat stress affect cotton boll formation?,en,cotton,weather_impact,Temperatures above 40°C during flowering cause boll shedding and reduce final yield significantly.
703,Kapas todne ke baad ghar par kahan rakhtay hain?,ru,cotton,storage_methods,"Khushk juut ke boron mein hawa-dar kamray mein rakhtay hain, naami aur keeron se door."
704,How does intercropping help in pest management?,en,generic,pest_prevention,"Intercropping confuses pests, attracts beneficial insects, and reduces pest buildup on any single crop."
705,What happens to cotton if it rains during flowering?,en,cotton,weather_impact,Rain during flowering can cause flower drop and increase disease risk; spray fungicide after rain.
706,Can vermicompost be used as cotton soil amendment?,en,cotton,organic_farming,"Yes, vermicompost at 2 tonnes per acre significantly improves soil structure and cotton plant health."
707,How do I control mealybug on cotton plants?,en,cotton,pest_control,Remove infested parts manually and apply chlorpyrifos or imidacloprid spray for severe mealybug attack.
708,How do I choose quality cotton seeds before planting?,en,cotton,seed_selection,Choose certified seeds from reputable sources; check germination rate and ensure seeds are disease-free.
709,Kapas ko thrips se bachane ka tareeqa kya hai?,ru,cotton,pest_control,"Spinosad ya imidacloprid ka spray thrips dikhte hi karein, mufeed keeron ko bachayein."
710,What soil pH is ideal for cotton cultivation?,en,cotton,soil_type,Cotton grows best in slightly acidic to neutral soil with a pH between 6.0 and 7.5.
711,Zyada pani dene se kapas ki jad ko nuksan hota hai?,ru,cotton,irrigation_schedule,"Haan, zyada pani dene se jarhen sadi hoti hain; khaas tor par chikni zameen mein ihtiyaat rakhein."
712,Ek acre kapas ko ek mausam mein kitna pani chahiye?,ru,cotton,irrigation_schedule,Ek acre kapas ko pura mausam mein lagbhag 36 se 40 inch pani ki zaroorat hoti hai.
713,How to handle cotton after picking to maintain quality?,en,cotton,harvesting,Spread picked cotton in shade for a few hours then pack in clean dry bags immediately.
714,What is the irrigation schedule for cotton in July?,en,cotton,irrigation_schedule,"In July, irrigate every 10 days as high temperatures increase cotton water demand."
715,Kapas ke liye ek acre mein kitna urea dena chahiye?,ru,cotton,fertilizer_usage,Ek acre kapas ke liye 1 se 1.5 boria urea do ya teen qastein mein dena chahiye.
716,Which neem-based spray works on cotton pests?,en,cotton,pest_control,Neem extract spray at 0.5 percent concentration helps suppress sucking pests on cotton plants.
717,Kya kapas chemical khad ke baghair ugayi ja sakti hai?,ru,cotton,organic_farming,"Haan, IPM aur organic tareeqon se chemical use kum ho sakta hai; neem aur biological control use karein."
718,Paudhon ke darmiyan fasla kapas ki paidawar par kaise asar karta hai?,ru,cotton,yield_improvement,Qaatron mein 75 cm aur paudhon mein 30 cm ka faasla roshni aur hawa ke liye behtar hai.
719,Kapas ke phoolon ke waqt kitne pani ki zaroorat hai?,ru,cotton,irrigation_schedule,Phoolon ke waqt 10 din ke fark par 2 se 3 baar pani dena zaroori hai.
720,What equipment is needed for cotton land preparation?,en,cotton,farming_equipment,"Tractor with chisel plow for deep tillage, rotavator for seedbed preparation, and ridger for beds."
721,What foliar spray can improve cotton boll formation?,en,cotton,fertilizer_usage,Boron and zinc foliar spray at flowering stage helps improve boll set and fiber development.
722,Ridge par kapas lagana behtar hai ya seedha zameen par?,ru,cotton,farming_equipment,Ridge par kapas lagana drainage aur hawa ke liye behtar hai khaas tor par bhaari zameen mein.
723,Kisaan sarkari subsidy se kaise faida utha sakte hain?,ru,generic,farming_advice,"Local zara'at department mein registration karaein subsidized inputs, qarzay aur insurance ke liye."
724,What is the right time to spray pesticide on cotton?,en,cotton,pest_control,Spray early morning or late evening to improve effectiveness and reduce drift.
725,Chikni zameen ko behtar banane ka tareeqa kya hai?,ru,generic,soil_health,"Gypsum, compost milayein aur gahri jotai karein chikni zameen ki banawat todne ke liye."
726,Can over-irrigation damage cotton root system?,en,cotton,irrigation_schedule,"Yes, waterlogging suffocates roots and promotes root rot; avoid over-irrigation especially in clay soils."
727,Kapas todne ke baad fiber ki hefazat kaise karein?,ru,cotton,harvesting,Todi gai kapas ko chand ghante saayay mein rakhein phir saaf khushk bagon mein band karein.
728,When should I apply DAP fertilizer to cotton crop?,en,cotton,fertilizer_usage,Apply DAP at the time of sowing or just before to provide phosphorus for root development.
729,How can I reduce pesticide cost in cotton farming?,en,cotton,pest_control,Scout fields weekly and spray only at threshold levels; use IPM practices to reduce spray frequency.
730,What happens if cotton is sown too early in season?,en,cotton,sowing_time,Early sowing before April can expose seedlings to cold stress and slow emergence.
731,Hara khad zameen ke liye kaise mufeed hai?,ru,generic,soil_health,Hara khad zameen mein nitrogen aur organic madda badhata hai jo zameen aur paidawar behtar karta hai.
732,What fertilizer schedule should I follow for cotton?,en,cotton,fertilizer_usage,"Apply DAP at sowing, urea at thinning, and potash at boll formation for best results."
733,Do paniyon ke darmiyan kitna fark hona chahiye?,ru,cotton,irrigation_schedule,Zameen aur mausam ke hisaab se 10 se 15 din ka fark do paniyon ke darmiyan rakhein.
734,Kapas ki fasal ke liye NPK ka anupat kya hona chahiye?,ru,cotton,fertilizer_usage,"Aam tor par 1.5 boria urea, 1 boria DAP aur 0.5 boria SOP per acre kafi rehta hai."
735,Neem ka spray kapas ke keedon par asar karta hai?,ru,cotton,pest_control,0.5 faised neem extract ka spray kapas ke chusti keeron ko kafi had tak dabata hai.
736,Which cotton variety grows well in clay soil?,en,cotton,seed_selection,Varieties like CIM-599 and MNH-886 perform well in clay soils with proper drainage.
737,What is the best time to sow cotton in Pakistan?,en,cotton,sowing_time,Cotton should be sown between late April and May in most regions of Pakistan for best yield.
738,What is the impact of climate change on crop yields?,en,generic,weather_effects,Climate change brings erratic rainfall and higher temperatures that reduce crop yields in Pakistan.
739,SOP kapas mein kab dena chahiye?,ru,cotton,fertilizer_usage,SOP tinda banne ki shuruaat mein dena chahiye fiber quality behtar karne ke liye.
740,Safed makkhi aur tela dono ke liye ek spray kaunsa hai?,ru,cotton,pest_control,Flonicamid ya spiromesifen dono safed makkhi aur tela ke liye mil kar kaam karte hain.
741,When is cotton ready for first picking?,en,cotton,harvesting,Cotton is ready for first picking when 60 percent of bolls in the field are fully open.
742,Can intercropping reduce cotton yield per plant?,en,cotton,yield_improvement,"Yes, intercropping can compete for nutrients; choose compatible crops and manage resources carefully."
743,What sprayer is best for cotton pesticide application?,en,cotton,farming_equipment,A motorized boom sprayer covers large area efficiently; knapsack sprayer works for small fields.
744,How to protect cotton from hailstorm damage?,en,cotton,weather_impact,Hailstorm damage cannot be fully prevented; apply boron and micronutrient spray after the storm.
745,How to manage irrigation in waterlogged fields?,en,generic,irrigation_methods,"Open drainage channels, create ridges, and pump out excess water immediately after heavy rain."
746,Urea khad dene ka sahi tareeqa kya hai?,ru,generic,fertilizer_guidance,"Urea qastein mein dein, geeli zameen par bichaayein aur tez hawa wali garmi mein upar se mat dein."
747,Kapas ke khet ke liye compost kaise banayein ghar par?,ru,cotton,organic_farming,"Fasal ki bacha kucha, janwaron ki meng aur kitchen waste milaein; 2 se 3 mahine mein tayaar ho jaati hai."
748,How do I prevent pesticide runoff into water sources?,en,generic,pest_prevention,Maintain buffer zones near water bodies and avoid spraying before expected heavy rain.
749,Garmi ya sardi mein se kaunsa kapas ki badhwaar ke liye behtar hai?,ru,cotton,crop_growth,"Kapas chhoti raat wala paudha hai, Julai-August mein qudrati tor par phool aata hai."
750,Can I mix DAP and urea together for cotton?,en,cotton,fertilizer_usage,It is better to apply DAP at sowing and urea later in splits rather than mixing both.
751,BT kapas ki beejai ka behtar waqt kya hai?,ru,cotton,sowing_time,BT kapas ki beejai April 25 se May 15 tak karna behtar nataij deta hai.
752,What is the last date to sow cotton in Multan?,en,cotton,sowing_time,"In Multan, May 31 is generally considered the last feasible date for cotton sowing."
753,How to identify nutrient deficiency symptoms in plants?,en,generic,fertilizer_guidance,Yellow leaves indicate nitrogen lack; purple leaves show phosphorus shortage; brown leaf edges suggest potassium deficiency.
754,How to disinfect soil before planting cotton?,en,cotton,disease_management,Deep summer plowing and crop rotation help reduce soilborne pathogen levels before cotton planting.
755,Kharpatwar ka control chemical ke baghair kaise karein?,ru,generic,farming_advice,"Haath se nikalna, mulch lagana aur kam faasle par beejai karna ghas ko qudrati tor par rokti hai."
756,How does Alternaria leaf spot spread in cotton?,en,cotton,disease_management,Alternaria spreads through infected seeds and air; spray mancozeb as a preventive measure.
757,Pala kapas ki nai fasal ko nuksan pohnchaata hai?,ru,cotton,weather_impact,"Haan, 10 darje se neeche tapmaan naye kapas ke paudhon ko nuksan ya tabah kar sakta hai."
758,Can vermicompost be used as cotton soil amendment?,en,cotton,organic_farming,"Yes, vermicompost at 2 tonnes per acre significantly improves soil structure and cotton plant health."
759,Khushk mausam mein gandum ki paidawar par kya asar hota hai?,ru,generic,weather_effects,Daana bharne ke waqt paani na milne se gandum ka daana chhota reh jaata hai aur paidawar kum hoti hai.
760,How does moisture content in cotton affect selling price?,en,cotton,market_price,"Cotton with more than 8 percent moisture gets deducted weight at mandi, reducing effective price."
761,Pichle saal ka beej kapas ke liye use kar sakte hain?,ru,cotton,seed_selection,"Nahi, purana beej use karna faida mand nahi; har saal naya certified beej khareedein."
762,Is saline soil suitable for growing cotton crop?,en,cotton,soil_type,Cotton has moderate salt tolerance but heavy salinity reduces yield; leach salts before planting.
763,Kapas zyada arsa rakhni ho to naami kitni honi chahiye?,ru,cotton,storage_methods,8 faised se kam naami wali kapas 3 se 6 mahine tak quality khoye baghair rakhi ja sakti hai.
764,What should I do if cotton bolls open unevenly?,en,cotton,harvesting,Apply ethephon spray to promote uniform boll opening if there is uneven maturity in the field.
765,How should I store freshly picked cotton at home?,en,cotton,harvesting,Store in dry jute bags away from moisture and sunlight to maintain fiber quality.
766,Kya April mein kapas ki beejai shi rehti hai?,ru,cotton,sowing_time,April ke aakhir mein beejai theek rehti hai jab zameen ka tapmaan 18 degree centigrade ho jaye.
767,How do I control mealybug on cotton plants?,en,cotton,pest_control,Remove infested parts manually and apply chlorpyrifos or imidacloprid spray for severe mealybug attack.
768,What causes slow growth in cotton seedlings?,en,cotton,crop_growth,"Cold soil, nutrient deficiency, poor drainage, or seedling disease can cause slow cotton seedling growth."
769,Should I stop irrigation before cotton harvesting?,en,cotton,irrigation_schedule,Stop irrigation 3 to 4 weeks before final harvest to allow bolls to open and dry properly.
770,How does Alternaria leaf spot spread in cotton?,en,cotton,disease_management,Alternaria spreads through infected seeds and air; spray mancozeb as a preventive measure.
771,How to reduce input costs in small-scale farming?,en,generic,farming_advice,"Use compost, adopt IPM, share equipment with neighbors, and buy inputs cooperatively to save cost."
772,Zameen mein paani rokne ke liye kya milana chahiye?,ru,generic,soil_health,Compost aur gobar ki khaad reti wali zameen mein paani rokne ki salaahiyat barhata hai.
773,Safed makkhi ke liye kapas par kon sa spray karein?,ru,cotton,pest_control,"Spiromesifen ya buprofezin safed makkhi ke liye kaargaar hai, chemical badal badle use karein."
774,How many irrigations does cotton need in flowering stage?,en,cotton,irrigation_schedule,Give 2 to 3 irrigations at 10-day intervals during the critical flowering stage.
775,Kapas par keera lag jaye to kya karein?,ru,cotton,pest_control,"Pehle keeron ki pehchaan karein phir tajweez shuda dawa spray karein, zaroorat par dohrayen."
776,Kapas ke chhotay paudhay dheere barhein to kya karein?,ru,cotton,crop_growth,"Thandak, ghizayi kami, pani rokna ya bimari badhwaar dheemi kar sakti hai, jaanch karein."
777,What is the difference between hybrid and BT cotton seeds?,en,cotton,seed_selection,BT cotton has insect resistance genes; hybrid varieties are bred for vigor but may lack built-in pest resistance.
778,How to make compost from kitchen and farm waste?,en,generic,soil_health,"Mix green and brown waste in layers, keep moist, and turn every 2 weeks for ready compost in 2 months."
779,What seed rate is recommended per acre for cotton?,en,cotton,seed_selection,Use 3 to 4 kg of certified cotton seed per acre for optimal plant population.
780,How many leaves does a healthy cotton plant have?,en,cotton,crop_growth,A healthy cotton plant has 20 to 25 well-developed leaves during peak vegetative growth.
781,Kapas store karte waqt keedon se kaise bachayein?,ru,cotton,storage_methods,"Sealed storage use karein, chuhe marr wale trap lagayein aur regular jaanch karte rahein."
782,Kapas mein Alternaria bimari kaise phailti hai?,ru,cotton,disease_management,Alternaria infected beej aur hawa se phailti hai; bachao ke liye mancozeb spray karein.
783,What is the best time to sow cotton in Pakistan?,en,cotton,sowing_time,Cotton should be sown between late April and May in most regions of Pakistan for best yield.
784,Punjab mein kapas kab lagani chahiye?,ru,cotton,sowing_time,Punjab mein kapas April ke aakhir se May ke darmiyaan lagani chahiye.
785,Multan mein kapas ki beejai ki akhri taareekh kya hai?,ru,cotton,sowing_time,"Multan mein kapas ki beejai 31 May tak kar leni chahiye, baad mein faida kam ho jaata hai."
786,How do international cotton prices affect Pakistan market?,en,cotton,market_price,"Pakistan cotton prices are influenced by international markets, especially New York futures and India prices."
787,How does temperature variation affect cotton fiber quality?,en,cotton,weather_impact,Cold nights slow boll development and reduce fiber length and strength in cotton.
788,What foliar spray can improve cotton boll formation?,en,cotton,fertilizer_usage,Boron and zinc foliar spray at flowering stage helps improve boll set and fiber development.
789,What are the benefits of drip irrigation over flood irrigation?,en,generic,irrigation_methods,"Drip saves 40 to 60 percent water, delivers nutrients directly to roots, and reduces weed growth."
790,Sabzi ke paudhay aachanak murjha jayein to kya karein?,ru,generic,pest_prevention,"Achanak murjhana fusarium wilt, jad galana ya jarh mein shadeed keeron ki wajah se hota hai."
791,Pesticide paani mein milne se kaise bachayein?,ru,generic,pest_prevention,Paani ke srotoon ke karib buffer zone rakhein aur shadeed baarish se pehle spray na karein.
792,How does late monsoon affect cotton harvesting schedule?,en,cotton,weather_impact,Late monsoon delays boll opening and can cause boll rot; adjust harvest timing accordingly.
793,Organic aur chemical khad mein kya farq hota hai?,ru,generic,fertilizer_guidance,Organic khad dheere release hota hai aur zameen behtar karta hai; chemical khad jaldi kaam karta hai par zameen kharab kar sakta hai.
794,Chikni zameen kapas ki jarh ko kaise mutasir karti hai?,ru,cotton,soil_type,Chikni zameen mein jarh ki nishonuma ruk jaati hai; organic madda milana zaroor hai.
795,Kapas ek mausam mein kitni baar todi jaati hai?,ru,cotton,harvesting,"Aam tor par 3 se 4 baar todaai hoti hai, har baar 15 se 20 din ka fark rakhein."
796,What is the effect of cold nights on cotton bolls?,en,cotton,weather_impact,Cold nights below 15°C slow boll maturation and reduce fiber quality during late season.
797,What moisture level is safe for cotton storage?,en,cotton,storage_methods,Cotton with less than 8 percent moisture can be stored safely without quality deterioration.
798,Can I use a seed drill for cotton planting?,en,cotton,farming_equipment,"Yes, a seed drill with adjustable spacing can be used for cotton sowing in flat fields."
799,What spray is effective against cotton boll rot?,en,cotton,disease_management,Mancozeb or copper oxychloride spray helps reduce boll rot caused by fungal pathogens.
800,What grade of cotton fetches highest price?,en,cotton,market_price,"Grade A cotton with fiber length above 27mm, high strength, and low trash content gets highest price."
801,What is the importance of zinc in crop nutrition?,en,generic,fertilizer_guidance,"Zinc is essential for enzyme function, grain filling, and overall plant growth and productivity."
802,Which fertilizer increases cotton fiber quality?,en,cotton,fertilizer_usage,"Potassium fertilizer, particularly SOP, is most effective in improving cotton fiber length and strength."
803,How does potash affect cotton boll weight?,en,cotton,fertilizer_usage,Adequate potash increases boll weight and improves the staple length of cotton fiber.
804,Is April or May better for cotton plantation?,en,cotton,sowing_time,Late April to early May is generally best; planting too early in April risks cold nights damaging seedlings.
805,How to make compost from kitchen and farm waste?,en,generic,soil_health,"Mix green and brown waste in layers, keep moist, and turn every 2 weeks for ready compost in 2 months."
806,Where can I sell cotton for the best price?,en,cotton,market_price,Sell at registered mandis or directly to ginning factories; compare prices before selling.
807,What temperature is ideal for cotton growth?,en,cotton,weather_impact,Cotton grows best at temperatures between 25°C and 35°C with bright sunshine during the day.
808,How to manage irrigation in waterlogged fields?,en,generic,irrigation_methods,"Open drainage channels, create ridges, and pump out excess water immediately after heavy rain."
809,Sabziyaat mein pala girne se kaise bachayein?,ru,generic,weather_effects,"Raat ko kapra orhayein, pala girne se pehle pani dein aur potassium spray frost damage kum karta hai."
810,Khushk mausam mein gandum ki paidawar par kya asar hota hai?,ru,generic,weather_effects,Daana bharne ke waqt paani na milne se gandum ka daana chhota reh jaata hai aur paidawar kum hoti hai.
811,Kapas ke liye zameen mein naami kitni honi chahiye?,ru,cotton,soil_type,Kapas ki zameen mein 1 se 2 faised organic madda hona mufeed hota hai.
812,How does heat stress affect cotton boll formation?,en,cotton,weather_impact,Temperatures above 40°C during flowering cause boll shedding and reduce final yield significantly.
813,Organic aur chemical khad mein kya farq hota hai?,ru,generic,fertilizer_guidance,Organic khad dheere release hota hai aur zameen behtar karta hai; chemical khad jaldi kaam karta hai par zameen kharab kar sakta hai.
814,How to prevent pesticide resistance in cotton pests?,en,cotton,pest_control,Rotate between chemical classes every spray to prevent resistance buildup in cotton pests.
815,What causes soil salinity and how to fix it?,en,generic,soil_health,Poor drainage and low-quality irrigation water cause salinity; leach with good water and add gypsum.
816,Can I sow cotton in June if I missed May?,en,cotton,sowing_time,Sowing cotton after May 31 reduces yield significantly; avoid late sowing when possible.
817,How does proper irrigation scheduling improve cotton yield?,en,cotton,yield_improvement,Timely irrigation at critical growth stages prevents stress and improves boll retention and size.
818,Can I use organic compost instead of urea for cotton?,en,cotton,fertilizer_usage,Compost can supplement chemical fertilizers but may not fully replace urea for high-yield cotton.
819,What is the importance of zinc in crop nutrition?,en,generic,fertilizer_guidance,"Zinc is essential for enzyme function, grain filling, and overall plant growth and productivity."
820,Should I wait for rain before sowing cotton seeds?,en,cotton,sowing_time,Light pre-sowing irrigation is sufficient; do not wait too long for rain as it delays the optimal sowing window.
821,Kapas mein DAP khad kab dena chahiye?,ru,cotton,fertilizer_usage,DAP beejai ke waqt ya thoda pehle dena chahiye taakay jarh ki badhwaar behtar ho.
822,Kapas mein keeron ka natural control kaise karein?,ru,cotton,pest_control,Trichogramma parasitoids chorhna kapas mein bollworm ka ek achha biological control tareeqa hai.
823,What is the process to get organic cotton certification?,en,cotton,organic_farming,Contact a certified organic body; follow three-year transition period and document all farming practices.
824,What time of day is best for cotton picking?,en,cotton,harvesting,"Early morning picking when dew has dried is best for clean, good quality cotton fiber."
825,Zameen mein nitrogen barhane ka sasta tareeqa kya hai?,ru,generic,fertilizer_guidance,Guar ya senji jaisi hara khad ki fasal ugaaein aur jotne se pehle mitti mein milayein.
826,Which fertilizer increases cotton fiber quality?,en,cotton,fertilizer_usage,"Potassium fertilizer, particularly SOP, is most effective in improving cotton fiber length and strength."
827,How many times should I irrigate cotton per season?,en,cotton,irrigation_schedule,Cotton typically requires 6 to 8 irrigations during the growing season depending on rainfall.
828,What spray should I use for cotton jassid control?,en,cotton,pest_control,Imidacloprid or acetamiprid sprays are effective against jassid on cotton at label dose.
829,Kapas ki jarh galanay wali bimari se kaise bachein?,ru,cotton,disease_management,"Drainage behtar karein, beej ko fungicide se treat karein, aur crop rotation karein."
830,Dhalwaan zameen par mitti ke bahao ko kaise rokein?,ru,generic,soil_health,"Cover crops lagayein, contour bunds banayein aur hasweet ke baad zameen ko khali na chorein."
831,When does cotton sowing season start in Pakistan?,en,cotton,sowing_time,Cotton sowing season typically starts in late April and continues through May in most of Pakistan.
832,Which drip irrigation system is best for small farms?,en,generic,irrigation_methods,Inline drip systems with pressure compensating emitters are most suitable for small farms.
833,Ghar aur khet ke kachraa se compost kaise tayaar karein?,ru,generic,soil_health,"Hara aur bhoora kachraa tabqaat mein rakhtay hain, geela rakhein aur har 2 hafte paltein; 2 mahine mein tayaar."
834,Kapas todne ke baad ghar par kaise store karein?,ru,cotton,harvesting,Khushk juut ke boron mein dhoop aur naami se door rakhein fiber quality bachane ke liye.
835,Why are my cotton plants stunted this season?,en,cotton,crop_growth,"Stunted cotton is often due to soil compaction, root rot, low fertility, or early pest damage."
836,What is the average cotton yield per acre in Pakistan?,en,cotton,yield_improvement,Average cotton yield in Pakistan is around 15 to 20 mounds per acre under good management.
837,How many times should I irrigate cotton per season?,en,cotton,irrigation_schedule,Cotton typically requires 6 to 8 irrigations during the growing season depending on rainfall.
838,What causes yellowing of cotton leaves?,en,cotton,disease_management,"Yellowing can result from nitrogen deficiency, waterlogging, root rot, or leaf curl virus infection."
839,Which chemicals help control seedling diseases in cotton?,en,cotton,disease_management,Seed treatment with thiram or carbendazim before sowing protects cotton seedlings from damping-off.
840,How does temperature affect cotton germination rate?,en,cotton,crop_growth,Soil temperature below 16°C slows germination; optimal germination occurs between 20°C and 28°C.
841,What pests can damage stored cotton and how to prevent?,en,cotton,storage_methods,"Rodents and insects damage stored cotton; use sealed storage, rodent traps, and regular inspection."
842,How to improve poor soil quality for cotton farming?,en,cotton,soil_type,"Add farm yard manure, practice crop rotation, and use green manuring to improve soil quality."
843,Paani bhra khet mein irrigation kaise manage karein?,ru,generic,irrigation_methods,"Drainage channels kholein, ridges banayein aur shadeed baarish ke baad fizool paani pump karein."
844,What crops can be grown in saline soil conditions?,en,generic,farming_advice,"Barley, sugar beet, and kallar grass tolerate salinity well and can be grown in saline soil."
845,How to manage irrigation during cotton boll opening?,en,cotton,irrigation_schedule,Reduce irrigation frequency during boll opening to promote uniform opening and maintain fiber quality.
846,Kapas par spray karne ka sahi waqt kaunsa hai?,ru,cotton,pest_control,Subah sawera ya shaam ko spray karein taakay zada asar ho aur nuksaan kam ho.
847,How to disinfect soil before planting cotton?,en,cotton,disease_management,Deep summer plowing and crop rotation help reduce soilborne pathogen levels before cotton planting.
848,Kapas mein mealybug ka control kaise karein?,ru,cotton,pest_control,Infested hissay manual hata dein aur shadeed attack par chlorpyrifos ya imidacloprid spray karein.
849,How can I reduce pesticide cost in cotton farming?,en,cotton,pest_control,Scout fields weekly and spray only at threshold levels; use IPM practices to reduce spray frequency.
850,Kapas mein wilt se bachne ke liye kya karein?,ru,cotton,disease_management,Resistant varieties use karein aur khraab zameen mein kapas na lagayein.
851,BT kapas ki beejai ka behtar waqt kya hai?,ru,cotton,sowing_time,BT kapas ki beejai April 25 se May 15 tak karna behtar nataij deta hai.
852,Chikni zameen ko behtar banane ka tareeqa kya hai?,ru,generic,soil_health,"Gypsum, compost milayein aur gahri jotai karein chikni zameen ki banawat todne ke liye."
853,How do I control mealybug on cotton plants?,en,cotton,pest_control,Remove infested parts manually and apply chlorpyrifos or imidacloprid spray for severe mealybug attack.
854,Kapas mein mealybug ka control kaise karein?,ru,cotton,pest_control,Infested hissay manual hata dein aur shadeed attack par chlorpyrifos ya imidacloprid spray karein.
855,Khet mein paani ki efficiency kaise barhayein?,ru,generic,irrigation_methods,"Drip ya sprinkler lagayein, zameen baraabar karein, raat ko pani dein aur gerhai ki jotai kum karein."
856,Kapas ke paudhay kyon aakhaat murjha jate hain garmi mein?,ru,cotton,disease_management,Fusarium ya Verticillium fungi se yeh hota hai; garmi aur pani ki kami se yeh zyada nazar aata hai.
857,Does soil structure affect cotton plant establishment?,en,cotton,soil_type,"Yes, loose and friable soil improves germination, rooting, and early plant establishment in cotton."
858,When is cotton ready for first picking?,en,cotton,harvesting,Cotton is ready for first picking when 60 percent of bolls in the field are fully open.
859,Kapas ke badhwaar ke mukhtalif marhalay kaun se hain?,ru,cotton,crop_growth,"Ugna, naiya paudha, bud banna, phool khilna, tinda banna aur tinda kholna kapas ke marhalay hain."
860,How many irrigations does cotton need in flowering stage?,en,cotton,irrigation_schedule,Give 2 to 3 irrigations at 10-day intervals during the critical flowering stage.
861,How do international cotton prices affect Pakistan market?,en,cotton,market_price,"Pakistan cotton prices are influenced by international markets, especially New York futures and India prices."
862,Mandi mein kapas bechne ke liye kaunse kaagaz chahiye?,ru,cotton,market_price,"CNIC, zameen ki milk document aur ginning unit ka quality certificate lazim ho sakta hai."
863,Kapas beej ki germination test ghar par kaise karein?,ru,cotton,seed_selection,"10 beej geeli kapas par rakhein, 5 din mein 7 ya zyada ugtay hain to germination theek hai."
864,Kapas ki quality daam par kaise asar daalti hai?,ru,cotton,market_price,"Uzda fiber, kam naami aur saf kapas zyada daam milti hai mandi mein."
865,How does phosphorus help cotton root development?,en,cotton,fertilizer_usage,Phosphorus promotes strong root growth and early plant establishment in cotton.
866,Kapas ki ek baar pani mein kitna paani lagta hai?,ru,cotton,irrigation_schedule,Ek baar mein 3 se 4 inch pani dena kapas ke liye kaafi hota hai.
867,Pichle saal ka beej kapas ke liye use kar sakte hain?,ru,cotton,seed_selection,"Nahi, purana beej use karna faida mand nahi; har saal naya certified beej khareedein."
868,What is the best chemical for pink bollworm in cotton?,en,cotton,pest_control,Emamectin benzoate is highly effective against pink bollworm; spray at first trap catch.
869,Khushk mausam mein kapas ki paidawar kaise mutasir hoti hai?,ru,cotton,weather_impact,Tindayon ke waqt paani na milne se tindaay chhote reh jaate hain aur fiber quality kharab hoti hai.
870,Which pesticide is most effective against cotton whitefly?,en,cotton,pest_control,Spiromesifen or buprofezin are effective against whitefly; rotate chemicals to prevent resistance.
871,Sarkar ne kapas ka support price kya rakha hai?,ru,cotton,market_price,Sarkar har mausam mein support price tarakhti hai; local zara'at office se jadeed rate poochein.
872,How to improve clay soil structure for better farming?,en,generic,soil_health,"Add gypsum, compost, and practice deep tillage to break up heavy clay soil structure."
873,Furrow irrigation ka sahi tareeqa kya hota hai?,ru,generic,irrigation_methods,60 se 75 cm chaurai ki saman kharain banayein aur paani ek saman raftar se aakhri siray tak jaaye.
874,What is the role of earthworms in soil health?,en,generic,soil_health,"Earthworms improve soil aeration, drainage, and nutrient availability by burrowing and breaking down organic matter."
875,Kapas ki ek baar pani mein kitna paani lagta hai?,ru,cotton,irrigation_schedule,Ek baar mein 3 se 4 inch pani dena kapas ke liye kaafi hota hai.
876,Should I stop irrigation before cotton harvesting?,en,cotton,irrigation_schedule,Stop irrigation 3 to 4 weeks before final harvest to allow bolls to open and dry properly.
877,How to protect cotton from hailstorm damage?,en,cotton,weather_impact,Hailstorm damage cannot be fully prevented; apply boron and micronutrient spray after the storm.
878,What role does humidity play in cotton disease spread?,en,cotton,disease_management,High humidity promotes fungal and bacterial disease spread in cotton; ensure good field ventilation.
879,Zameen mein nitrogen barhane ka sasta tareeqa kya hai?,ru,generic,fertilizer_guidance,Guar ya senji jaisi hara khad ki fasal ugaaein aur jotne se pehle mitti mein milayein.
880,Kapas ke liye kaun sa bora behtar hai?,ru,cotton,storage_methods,Saaf khushk juut ka bora hawa aane deta hai aur plastic ki tarah naami band nahi karta.
881,Which weeks in April are best for cotton sowing?,en,cotton,sowing_time,The last two weeks of April are best for cotton sowing in most Pakistani regions.
882,Kapas ke phool aane par kaunsa spray karein?,ru,cotton,fertilizer_usage,Phoolon ke waqt boron aur zinc ka spray tindayon ki tadaad aur fiber ko behtar karta hai.
883,Kapas ke phool aane par kaunsa spray karein?,ru,cotton,fertilizer_usage,Phoolon ke waqt boron aur zinc ka spray tindayon ki tadaad aur fiber ko behtar karta hai.
884,What temperature is needed before sowing cotton?,en,cotton,sowing_time,Soil temperature should be at least 18°C before sowing cotton for good germination.
885,Kapas lagane se pehle zameen ka test kaise karein?,ru,cotton,soil_type,Zameen ka numuna karib ki zara'at lab ko bhejein NPK aur micronutrients jaanchne ke liye.
886,Kapas ki behtareen badhwaar ke liye kitna tapmaan chahiye?,ru,cotton,weather_impact,25 se 35 darje ke darmiyan tapmaan aur dhoopa kapas ki badhwaar ke liye sab se behtar hai.
887,What fertilizer schedule should I follow for cotton?,en,cotton,fertilizer_usage,"Apply DAP at sowing, urea at thinning, and potash at boll formation for best results."
888,Can cotton be harvested by machine in Pakistan?,en,cotton,harvesting,Machine harvesting is limited in Pakistan; hand picking remains dominant for better fiber quality.
889,How can I get fair price for my cotton crop?,en,cotton,market_price,Sell at registered mandis with weight slips and compare at least two buyer offers before selling.
890,Pesticide paani mein milne se kaise bachayein?,ru,generic,pest_prevention,Paani ke srotoon ke karib buffer zone rakhein aur shadeed baarish se pehle spray na karein.
891,What is the water requirement of cotton per acre?,en,cotton,irrigation_schedule,Cotton requires about 36 to 40 inches of water per acre over the full growing season.
892,Kapas ki beejai mein deri hojaye to kya karein?,ru,cotton,sowing_time,"Agar June ke baad beejai ho to paidawar mein kami aa sakti hai, jaldi sahi variety chunein."
893,What pests can damage stored cotton and how to prevent?,en,cotton,storage_methods,"Rodents and insects damage stored cotton; use sealed storage, rodent traps, and regular inspection."
894,What crops grow best in sandy soil in Pakistan?,en,generic,farming_advice,"Watermelon, muskmelon, groundnut, and sorghum grow well in sandy soils with good irrigation."
895,Zyada naami kapas ki bimariyon ko badhawa deti hai?,ru,cotton,weather_impact,"Haan, zyada naami se fungal aur bacterial bimariyan phailti hain; paudhon ke darmiyan faasla rakhein."
896,What is integrated pest management for cotton crop?,en,cotton,pest_control,"IPM combines scouting, resistant varieties, biological controls, and targeted chemical use for cotton pests."
897,Sehatmand kapas ke paudhay ki kya nishaniaan hain?,ru,cotton,crop_growth,"Dhakil dark green pattay, sidha badhna, regular gantein aur jaldi phool banna sehat ki nishani hai."
898,What happens if cotton is sown too early in season?,en,cotton,sowing_time,Early sowing before April can expose seedlings to cold stress and slow emergence.
899,Sabziyaat ki fungal bimariyon ko kaise rokein?,ru,generic,pest_prevention,"Disease-free beej use karein, hawa ki aawajahi behtar rakhein aur copper fungicide bachao mein spray karein."
900,Phoolon ke waqt baarish se kapas ka kya nuksan hota hai?,ru,cotton,weather_impact,Phoolon ke waqt baarish se phool girte hain aur bimari ka khatra barhta hai; baad mein fungicide spray karein.
901,Kapas ke liye organic khad kaunsi behtar hai?,ru,cotton,organic_farming,"Gobar ki khaad, compost aur vermicompost zameen ko behtar banate hain aur kapas ke liye mufeed hain."
902,Chikni zameen ke liye kaunsa kapas ka beej behtar hai?,ru,cotton,seed_selection,CIM-599 aur MNH-886 chikni zameen mein acha kaam karte hain agar drainage theek ho.
903,How do I choose quality cotton seeds before planting?,en,cotton,seed_selection,Choose certified seeds from reputable sources; check germination rate and ensure seeds are disease-free.
904,What is the recommended NPK ratio for cotton farming?,en,cotton,fertilizer_usage,"A ratio of 1.5 bags urea, 1 bag DAP, and 0.5 bag SOP per acre is generally recommended."
905,What grade of cotton fetches highest price?,en,cotton,market_price,"Grade A cotton with fiber length above 27mm, high strength, and low trash content gets highest price."
906,Which cotton seed variety is best for Sindh climate?,en,cotton,seed_selection,Varieties like CRIS-134 and CRIS-9 are well suited for the hot climate of Sindh.
907,Thodi zameen par organic kheti kaise shuru karein?,ru,generic,farming_advice,"Compost banayein, dheere dheere chemical kum karein, neem spray use karein aur resistant varieties chunein."
908,Kapas ke liye zameen ka pH kitna hona chahiye?,ru,cotton,soil_type,pH 6.0 se 7.5 ke darmiyan zameen kapas ki behtareen kasht ke liye munasib hoti hai.
909,What is the impact of seed treatment on cotton yield?,en,cotton,yield_improvement,"Seed treatment reduces seedling mortality and improves plant stand, leading to 10 to 15 percent higher yield."
910,Thodi zameen par organic kheti kaise shuru karein?,ru,generic,farming_advice,"Compost banayein, dheere dheere chemical kum karein, neem spray use karein aur resistant varieties chunein."
911,What crops are suitable for rain-fed farming in Pakistan?,en,generic,farming_advice,"Sorghum, millet, groundnut, and moong bean grow well under rainfed conditions in Pakistan."
912,Does cloudy weather affect cotton photosynthesis?,en,cotton,weather_impact,Extended cloudy weather reduces boll filling and delays maturity in cotton crops.
913,Pakistan mein sardi mein kaunsi sabziyaat ugti hain?,ru,generic,farming_advice,"Aaloo, gajar, palak, matar, phool gobhi aur pyaaz Pakistan ki sardi mein achhi tarah ugte hain."
914,Beej sahi tareeqe se store kaise karein taakay ugte rahein?,ru,generic,farming_advice,"Beej airtight containers mein thandi, khushk, andheari jagah silica gel ke saath rakhtay hain."
915,Khara paani wali zameen mein kaunsi fasal ho sakti hai?,ru,generic,farming_advice,"Jau, sugar beet aur kallar grass khaaraapan bardasht karte hain aur namkeen zameen mein ho sakte hain."
916,What causes yellowing of cotton leaves?,en,cotton,disease_management,"Yellowing can result from nitrogen deficiency, waterlogging, root rot, or leaf curl virus infection."
917,Kapas todne ke baad ghar par kaise store karein?,ru,cotton,harvesting,Khushk juut ke boron mein dhoop aur naami se door rakhein fiber quality bachane ke liye.
918,What temperature is ideal for cotton growth?,en,cotton,weather_impact,Cotton grows best at temperatures between 25°C and 35°C with bright sunshine during the day.
919,Kapas ke liye sabse zaroori pani kab dena hota hai?,ru,cotton,irrigation_schedule,"Phoolon aur tindayon ke waqt pani dena sabse zaroori hai, is waqt kami na ho."
920,Kapas store karte waqt keedon se kaise bachayein?,ru,cotton,storage_methods,"Sealed storage use karein, chuhe marr wale trap lagayein aur regular jaanch karte rahein."
921,Can I use organic compost instead of urea for cotton?,en,cotton,fertilizer_usage,Compost can supplement chemical fertilizers but may not fully replace urea for high-yield cotton.
922,Which spray controls both whitefly and jassid together?,en,cotton,pest_control,Spiromesifen or flonicamid can control both whitefly and jassid effectively in cotton.
923,What certified cotton varieties does government recommend?,en,cotton,seed_selection,"The government recommends NIAB, CIM, and MNH series varieties each season; check local agriculture office."
924,Kapas ki beejai ka behtareen waqt kya hai?,ru,cotton,sowing_time,"Kapas ki beejai April ke aakhir se May tak karna behtareen hota hai, is waqt mitti garm hoti hai."
925,Kapas par keera lag jaye to kya karein?,ru,cotton,pest_control,"Pehle keeron ki pehchaan karein phir tajweez shuda dawa spray karein, zaroorat par dohrayen."
926,Which cotton variety matures earliest in the season?,en,cotton,seed_selection,Early maturing varieties like CIM-496 help farmers in areas with shorter growing seasons.
927,Furrow irrigation ka sahi tareeqa kya hota hai?,ru,generic,irrigation_methods,60 se 75 cm chaurai ki saman kharain banayein aur paani ek saman raftar se aakhri siray tak jaaye.
928,How to prevent soil erosion on sloped farmland?,en,generic,soil_health,"Plant cover crops, make contour bunds, and avoid leaving soil bare after harvest on slopes."
929,Kapas ke reeshay ki lambai barhane ke liye kya karein?,ru,cotton,yield_improvement,"Potash ki sahi miqdar, waqt par pani aur keeron se bachao fiber ki lambai barhata hai."
930,Mashin se kapas ki todai Pakistan mein hoti hai?,ru,cotton,harvesting,Pakistan mein machine se todaai kam hoti hai; haath se todaai fiber quality ke liye behtar hai.
931,What is the difference between organic and chemical fertilizers?,en,generic,fertilizer_guidance,Organic fertilizers release nutrients slowly and improve soil health; chemical fertilizers act fast but can degrade soil long term.
932,Kapas todne ke baad fiber ki hefazat kaise karein?,ru,cotton,harvesting,Todi gai kapas ko chand ghante saayay mein rakhein phir saaf khushk bagon mein band karein.
933,Kapas ke liye ek acre mein kitna urea dena chahiye?,ru,cotton,fertilizer_usage,Ek acre kapas ke liye 1 se 1.5 boria urea do ya teen qastein mein dena chahiye.
934,How to treat cotton leaf curl virus disease?,en,cotton,disease_management,"There is no direct cure; use resistant varieties, control whitefly vector, and remove infected plants early."
935,Is boron spray helpful for cotton flower setting?,en,cotton,fertilizer_usage,"Yes, boron spray at flowering stage significantly improves flower retention and boll set."
936,Can cotton be harvested by machine in Pakistan?,en,cotton,harvesting,Machine harvesting is limited in Pakistan; hand picking remains dominant for better fiber quality.
937,Kya May ke baad kapas lagana theek rehta hai?,ru,cotton,sowing_time,June ke baad kapas lagana nuksan deh hai kyunkay pakaawat ka waqt kam reh jaata hai.
938,How many cotton picking rounds are done per season?,en,cotton,harvesting,Usually 3 to 4 picking rounds are done per season at 15 to 20 day intervals.
939,Can drip irrigation be used for cotton farming?,en,cotton,irrigation_schedule,"Yes, drip irrigation saves 30 to 40 percent water and improves cotton yield and quality."
940,Which fertilizer increases cotton fiber quality?,en,cotton,fertilizer_usage,"Potassium fertilizer, particularly SOP, is most effective in improving cotton fiber length and strength."
941,How do I prepare land for vegetable farming?,en,generic,farming_advice,"Deep plow, add compost, level the field, and form raised beds before planting vegetables."
942,Kapas lagane se pehle zameen saaf karne ka tareeqa?,ru,cotton,disease_management,Garmi mein gehri jotai aur crop rotation se zameen ke keeday kum hojate hain.
943,Garmi se kapas ke tindoon par kya asar hota hai?,ru,cotton,weather_impact,40 darje se upar tapmaan phoolon ke waqt tindaay girata hai aur paidawar kam hoti hai.
944,Can I sow cotton in June if I missed May?,en,cotton,sowing_time,Sowing cotton after May 31 reduces yield significantly; avoid late sowing when possible.
945,Hara khad zameen ke liye kaise mufeed hai?,ru,generic,soil_health,Hara khad zameen mein nitrogen aur organic madda badhata hai jo zameen aur paidawar behtar karta hai.
946,Which cotton variety grows well in clay soil?,en,cotton,seed_selection,Varieties like CIM-599 and MNH-886 perform well in clay soils with proper drainage.
947,What temperature is ideal for cotton growth?,en,cotton,weather_impact,Cotton grows best at temperatures between 25°C and 35°C with bright sunshine during the day.
948,How does phosphorus help cotton root development?,en,cotton,fertilizer_usage,Phosphorus promotes strong root growth and early plant establishment in cotton.
949,What role does humidity play in cotton disease spread?,en,cotton,disease_management,High humidity promotes fungal and bacterial disease spread in cotton; ensure good field ventilation.
950,Stored anaj ko keedon se kaise bachayein?,ru,generic,pest_prevention,"Saaf storage use karein, hermetic bags lagayein, grain protectant spray karein aur regular check karte rahein."
951,Organic tareeqe se kapas ki quality par kya asar hota hai?,ru,cotton,organic_farming,Organic kapas ka fiber naram hota hai aur premium textile markets mein iska zyada demand hai.
952,How to manage verticillium wilt in cotton fields?,en,cotton,disease_management,Use resistant varieties and deep soil tillage; avoid replanting cotton in severely infected fields.
953,Kapas mein DAP khad kab dena chahiye?,ru,cotton,fertilizer_usage,DAP beejai ke waqt ya thoda pehle dena chahiye taakay jarh ki badhwaar behtar ho.
954,How does temperature affect cotton germination rate?,en,cotton,crop_growth,Soil temperature below 16°C slows germination; optimal germination occurs between 20°C and 28°C.
955,Be-mausam barishon se fasal kaise bachayein?,ru,generic,weather_effects,Kharain belnd karein drainage ke liye aur baarish se pehle protective fungicide spray karein.
956,What month is ideal for cotton sowing in Sindh?,en,cotton,sowing_time,"In Sindh, April is the ideal month for cotton sowing due to warmer soil temperatures."
957,Chhotay kisaan apna kharch kaise kam kar sakte hain?,ru,generic,farming_advice,"Compost use karein, IPM apnayein, machine share karein aur group purchasing se input cost bachayein."
958,What are the top certified cotton seed brands in Pakistan?,en,cotton,seed_selection,"NIAB, CIM, and MNH series are among the top certified cotton seed varieties in Pakistan."
959,What is the government support price for cotton?,en,cotton,market_price,The government announces a minimum support price each season; contact local agriculture office for current rates.
960,What crops can be grown in saline soil conditions?,en,generic,farming_advice,"Barley, sugar beet, and kallar grass tolerate salinity well and can be grown in saline soil."
961,What are the early signs of cotton leaf curl virus?,en,cotton,disease_management,"Upward leaf curling, dark green veins, and small leaf size are the early signs of leaf curl virus."
962,Can I sow cotton in June if I missed May?,en,cotton,sowing_time,Sowing cotton after May 31 reduces yield significantly; avoid late sowing when possible.
963,Stored anaj ko keedon se kaise bachayein?,ru,generic,pest_prevention,"Saaf storage use karein, hermetic bags lagayein, grain protectant spray karein aur regular check karte rahein."
964,How to store seeds properly to maintain germination rate?,en,generic,farming_advice,"Store seeds in airtight containers in a cool, dry, dark place with silica gel to absorb moisture."
965,Kapas ke tindayon ki tadaad barhane ke liye kya karein?,ru,cotton,yield_improvement,"Mutawazan khad, waqt par keeron ka control aur phoolon ke waqt pani dena tindaay barhata hai."
966,Kapas mein keeron ka natural control kaise karein?,ru,cotton,pest_control,Trichogramma parasitoids chorhna kapas mein bollworm ka ek achha biological control tareeqa hai.
967,Which farming practice increases cotton fiber length?,en,cotton,yield_improvement,"Adequate potassium, optimal irrigation, and pest-free crop conditions promote longer cotton fiber."
968,Kapas mein nitrogen kab dena chahiye?,ru,cotton,fertilizer_usage,Nitrogen pehli kaat ke waqt aur phir phoolon se pehle do qastein mein dena chahiye.
969,What fungicide should I use for cotton wilt disease?,en,cotton,disease_management,Carbendazim or thiophanate-methyl soil drench helps manage fungal wilt in cotton fields.
970,Zameen ki khaaraapan ki wajah kya hai aur ilaj kya hai?,ru,generic,soil_health,Kharaab drainage aur ghair standard pani khaaraapan badhata hai; achhe pani se leaching aur gypsum madadgar hai.
971,How much seed is needed to plant one acre cotton?,en,cotton,seed_selection,Approximately 3 to 4 kg of quality cotton seed is needed to plant one acre.
972,Garmi ya sardi mein se kaunsa kapas ki badhwaar ke liye behtar hai?,ru,cotton,crop_growth,"Kapas chhoti raat wala paudha hai, Julai-August mein qudrati tor par phool aata hai."
973,Is boron spray helpful for cotton flower setting?,en,cotton,fertilizer_usage,"Yes, boron spray at flowering stage significantly improves flower retention and boll set."
974,Kya May ke baad kapas lagana theek rehta hai?,ru,cotton,sowing_time,June ke baad kapas lagana nuksan deh hai kyunkay pakaawat ka waqt kam reh jaata hai.
975,Boron spray kapas ke phoolon ke liye mufeed hai?,ru,cotton,fertilizer_usage,"Haan, phoolon ke waqt boron spray se phool girne kam hote hain aur tindaay zyada bante hain."
976,Which cotton seed variety is best for Sindh climate?,en,cotton,seed_selection,Varieties like CRIS-134 and CRIS-9 are well suited for the hot climate of Sindh.
977,Kapas lagane se pehle zameen saaf karne ka tareeqa?,ru,cotton,disease_management,Garmi mein gehri jotai aur crop rotation se zameen ke keeday kum hojate hain.
978,Can I sell cotton directly to textile mills?,en,cotton,market_price,"Yes, direct selling to textile mills often gives better prices if you have adequate quantity."
979,Ek acre kapas ko ek mausam mein kitna pani chahiye?,ru,cotton,irrigation_schedule,Ek acre kapas ko pura mausam mein lagbhag 36 se 40 inch pani ki zaroorat hoti hai.
980,Potash khad kapas ke liye zaroori hai ya nahi?,ru,cotton,fertilizer_usage,"Haan, potash fiber ki quality aur tindayon ka wazn barhata hai; SOP tinda lagane par dein."
981,How does heat stress affect cotton boll formation?,en,cotton,weather_impact,Temperatures above 40°C during flowering cause boll shedding and reduce final yield significantly.
982,Which fertilizer is best for cotton plants in Pakistan?,en,cotton,fertilizer_usage,DAP at sowing and urea in splits are the most commonly recommended fertilizers for cotton in Pakistan.
983,When should I apply DAP fertilizer to cotton crop?,en,cotton,fertilizer_usage,Apply DAP at the time of sowing or just before to provide phosphorus for root development.
984,Is cotton leaf curl disease curable after infection?,en,cotton,disease_management,No direct cure exists; manage by controlling whitefly and using tolerant varieties for next crop.
985,Spray karte waqt apni hifazat kaise karein kapas mein?,ru,cotton,pest_control,"Poori baahen dhakne wale kapde, dastane aur mask pehen; hawa ke rukh spray karein."
986,How to manage verticillium wilt in cotton fields?,en,cotton,disease_management,Use resistant varieties and deep soil tillage; avoid replanting cotton in severely infected fields.
987,Ek acre kapas ke liye kitna beej chahiye?,ru,cotton,seed_selection,Ek acre kapas ke liye 3 se 4 kilogram certified beej kaafi hota hai.
988,What is the cheapest way to add nitrogen to soil?,en,generic,fertilizer_guidance,Growing green manure crops like guar or senji and plowing them in is the cheapest nitrogen source.
989,How to protect cotton from thrips infestation?,en,cotton,pest_control,Apply spinosad or imidacloprid spray at first signs of thrips; avoid over-spraying beneficial insects.
990,What is the best time to sow cotton in Pakistan?,en,cotton,sowing_time,Cotton should be sown between late April and May in most regions of Pakistan for best yield.
991,How does late monsoon affect cotton harvesting schedule?,en,cotton,weather_impact,Late monsoon delays boll opening and can cause boll rot; adjust harvest timing accordingly.
992,How to manage irrigation during cotton boll opening?,en,cotton,irrigation_schedule,Reduce irrigation frequency during boll opening to promote uniform opening and maintain fiber quality.
993,What soil depth is required for cotton root penetration?,en,cotton,soil_type,"Cotton roots need at least 60 to 90 cm of loose, well-drained soil for proper development."
994,Boron spray kapas ke phoolon ke liye mufeed hai?,ru,cotton,fertilizer_usage,"Haan, phoolon ke waqt boron spray se phool girne kam hote hain aur tindaay zyada bante hain."
995,Kapas par pesticide kitni baar lagana chahiye?,ru,cotton,pest_control,"Sirf zaroorat hone par spray karein, ek mausam mein 3 se 5 baar kafi hota hai."
996,Monsoon mein deri se kapas todne ka schedule kaise banayein?,ru,cotton,weather_impact,Deri se monsoon tindayon ka kholnaa rokti hai; mausam dekh kar todaai ka waqt mutaayyin karein.
997,What is the best chemical for pink bollworm in cotton?,en,cotton,pest_control,Emamectin benzoate is highly effective against pink bollworm; spray at first trap catch.
998,What is the difference between hybrid and BT cotton seeds?,en,cotton,seed_selection,BT cotton has insect resistance genes; hybrid varieties are bred for vigor but may lack built-in pest resistance.
999,How does timely weeding improve cotton production?,en,cotton,yield_improvement,Removing weeds in the first 6 weeks prevents yield loss of up to 40 percent in cotton.
1000,Kapas ki jarh ke liye zameen ki gahraai kitni honi chahiye?,ru,cotton,soil_type,Kapas ki jarh ke liye 60 se 90 cm naram aur drainage wali zameen ki zaroorat hoti hai.
